Id,BillingCity,BillingCountry,BillingState,Industry,Name,Phone
001T700001j22T7IAI,New York,US,NY,Technology,MDD_1flyyIo0_Acct_001,555-0001
001T700001j22T8IAI,Chicago,US,IL,Technology,MDD_1flyyIo0_Acct_002,555-0002
001T700001j22T9IAI,Austin,US,TX,Technology,MDD_1flyyIo0_Acct_003,555-0003
001T700001j22TAIAY,Seattle,US,WA,Technology,MDD_1flyyIo0_Acct_004,555-0004
001T700001j22TBIAY,San Francisco,US,CA,Technology,MDD_1flyyIo0_Acct_005,555-0005
001T700001j22TCIAY,New York,US,NY,Technology,MDD_1flyyIo0_Acct_006,555-0006
001T700001j22TDIAY,Chicago,US,IL,Technology,MDD_1flyyIo0_Acct_007,555-0007
001T700001j22TEIAY,Austin,US,TX,Technology,MDD_1flyyIo0_Acct_008,555-0008
001T700001j22TFIAY,Seattle,US,WA,Technology,MDD_1flyyIo0_Acct_009,555-0009
001T700001j22TGIAY,San Francisco,US,CA,Technology,MDD_1flyyIo0_Acct_010,555-0010
001T700001j28ALIAY,New York,US,NY,Technology,MDD_B3tbFDyp_Acct_001,555-0001
001T700001j28AMIAY,Chicago,US,IL,Technology,MDD_B3tbFDyp_Acct_002,555-0002
001T700001j28ANIAY,Austin,US,TX,Technology,MDD_B3tbFDyp_Acct_003,555-0003
001T700001j28AOIAY,Seattle,US,WA,Technology,MDD_B3tbFDyp_Acct_004,555-0004
001T700001j28APIAY,San Francisco,US,CA,Technology,MDD_B3tbFDyp_Acct_005,555-0005
001T700001j28AQIAY,New York,US,NY,Technology,MDD_B3tbFDyp_Acct_006,555-0006
001T700001j28ARIAY,Chicago,US,IL,Technology,MDD_B3tbFDyp_Acct_007,555-0007
001T700001j28ASIAY,Austin,US,TX,Technology,MDD_B3tbFDyp_Acct_008,555-0008
001T700001j28ATIAY,Seattle,US,WA,Technology,MDD_B3tbFDyp_Acct_009,555-0009
001T700001j28AUIAY,San Francisco,US,CA,Technology,MDD_B3tbFDyp_Acct_010,555-0010
001T700001j2L1HIAU,New York,US,NY,Technology,MDD_XMytfguB_Acct_001,555-0001
001T700001j2L1IIAU,Chicago,US,IL,Technology,MDD_XMytfguB_Acct_002,555-0002
001T700001j2L1JIAU,Austin,US,TX,Technology,MDD_XMytfguB_Acct_003,555-0003
001T700001j2L1KIAU,Seattle,US,WA,Technology,MDD_XMytfguB_Acct_004,555-0004
001T700001j2L1LIAU,San Francisco,US,CA,Technology,MDD_XMytfguB_Acct_005,555-0005
001T700001j2L1MIAU,New York,US,NY,Technology,MDD_XMytfguB_Acct_006,555-0006
001T700001j2L1NIAU,Chicago,US,IL,Technology,MDD_XMytfguB_Acct_007,555-0007
001T700001j2L1OIAU,Austin,US,TX,Technology,MDD_XMytfguB_Acct_008,555-0008
001T700001j2L1PIAU,Seattle,US,WA,Technology,MDD_XMytfguB_Acct_009,555-0009
001T700001j2L1QIAU,San Francisco,US,CA,Technology,MDD_XMytfguB_Acct_010,555-0010
001T700001j2P3HIAU,New York,US,NY,Technology,MDD_V0YxhA8J_Acct_001,555-0001
001T700001j2P3IIAU,Chicago,US,IL,Technology,MDD_V0YxhA8J_Acct_002,555-0002
001T700001j2P3JIAU,Austin,US,TX,Technology,MDD_V0YxhA8J_Acct_003,555-0003
001T700001j2P3KIAU,Seattle,US,WA,Technology,MDD_V0YxhA8J_Acct_004,555-0004
001T700001j2P3LIAU,San Francisco,US,CA,Technology,MDD_V0YxhA8J_Acct_005,555-0005
001T700001j2P3MIAU,New York,US,NY,Technology,MDD_V0YxhA8J_Acct_006,555-0006
001T700001j2P3NIAU,Chicago,US,IL,Technology,MDD_V0YxhA8J_Acct_007,555-0007
001T700001j2P3OIAU,Austin,US,TX,Technology,MDD_V0YxhA8J_Acct_008,555-0008
001T700001j2P3PIAU,Seattle,US,WA,Technology,MDD_V0YxhA8J_Acct_009,555-0009
001T700001j2P3QIAU,San Francisco,US,CA,Technology,MDD_V0YxhA8J_Acct_010,555-0010
001T700001j2Q91IAE,New York,US,NY,Technology,MDD_dfnLBJ0H_Acct_001,555-0001
001T700001j2Q92IAE,Chicago,US,IL,Technology,MDD_dfnLBJ0H_Acct_002,555-0002
001T700001j2Q93IAE,Austin,US,TX,Technology,MDD_dfnLBJ0H_Acct_003,555-0003
001T700001j2Q94IAE,Seattle,US,WA,Technology,MDD_dfnLBJ0H_Acct_004,555-0004
001T700001j2Q95IAE,San Francisco,US,CA,Technology,MDD_dfnLBJ0H_Acct_005,555-0005
001T700001j2Q96IAE,New York,US,NY,Technology,MDD_dfnLBJ0H_Acct_006,555-0006
001T700001j2Q97IAE,Chicago,US,IL,Technology,MDD_dfnLBJ0H_Acct_007,555-0007
001T700001j2Q98IAE,Austin,US,TX,Technology,MDD_dfnLBJ0H_Acct_008,555-0008
001T700001j2Q99IAE,Seattle,US,WA,Technology,MDD_dfnLBJ0H_Acct_009,555-0009
001T700001j2Q9AIAU,San Francisco,US,CA,Technology,MDD_dfnLBJ0H_Acct_010,555-0010
001T700001j2R3TIAU,New York,US,NY,Technology,MDD_aKxiYVjT_Acct_001,555-0001
001T700001j2R3UIAU,Chicago,US,IL,Technology,MDD_aKxiYVjT_Acct_002,555-0002
001T700001j2R3VIAU,Austin,US,TX,Technology,MDD_aKxiYVjT_Acct_003,555-0003
001T700001j2R3WIAU,Seattle,US,WA,Technology,MDD_aKxiYVjT_Acct_004,555-0004
001T700001j2R3XIAU,San Francisco,US,CA,Technology,MDD_aKxiYVjT_Acct_005,555-0005
001T700001j2R3YIAU,New York,US,NY,Technology,MDD_aKxiYVjT_Acct_006,555-0006
001T700001j2R3ZIAU,Chicago,US,IL,Technology,MDD_aKxiYVjT_Acct_007,555-0007
001T700001j2R3aIAE,Austin,US,TX,Technology,MDD_aKxiYVjT_Acct_008,555-0008
001T700001j2R3bIAE,Seattle,US,WA,Technology,MDD_aKxiYVjT_Acct_009,555-0009
001T700001j2R3cIAE,San Francisco,US,CA,Technology,MDD_aKxiYVjT_Acct_010,555-0010
001T700001j2TgDIAU,New York,US,NY,Technology,MDD_tmKqr3BG_Acct_001,555-0001
001T700001j2TgEIAU,Chicago,US,IL,Technology,MDD_tmKqr3BG_Acct_002,555-0002
001T700001j2TgFIAU,Austin,US,TX,Technology,MDD_tmKqr3BG_Acct_003,555-0003
001T700001j2TgGIAU,Seattle,US,WA,Technology,MDD_tmKqr3BG_Acct_004,555-0004
001T700001j2TgHIAU,San Francisco,US,CA,Technology,MDD_tmKqr3BG_Acct_005,555-0005
001T700001j2TgIIAU,New York,US,NY,Technology,MDD_tmKqr3BG_Acct_006,555-0006
001T700001j2TgJIAU,Chicago,US,IL,Technology,MDD_tmKqr3BG_Acct_007,555-0007
001T700001j2TgKIAU,Austin,US,TX,Technology,MDD_tmKqr3BG_Acct_008,555-0008
001T700001j2TgLIAU,Seattle,US,WA,Technology,MDD_tmKqr3BG_Acct_009,555-0009
001T700001j2TgMIAU,San Francisco,US,CA,Technology,MDD_tmKqr3BG_Acct_010,555-0010
001T700001j2wjpIAA,New York,US,NY,Technology,MDD_joJG7C0o_Acct_001,555-0001
001T700001j2wjqIAA,Chicago,US,IL,Technology,MDD_joJG7C0o_Acct_002,555-0002
001T700001j2wjrIAA,Austin,US,TX,Technology,MDD_joJG7C0o_Acct_003,555-0003
001T700001j2wjsIAA,Seattle,US,WA,Technology,MDD_joJG7C0o_Acct_004,555-0004
001T700001j2wjtIAA,San Francisco,US,CA,Technology,MDD_joJG7C0o_Acct_005,555-0005
001T700001j2wjuIAA,New York,US,NY,Technology,MDD_joJG7C0o_Acct_006,555-0006
001T700001j2wjvIAA,Chicago,US,IL,Technology,MDD_joJG7C0o_Acct_007,555-0007
001T700001j2wjwIAA,Austin,US,TX,Technology,MDD_joJG7C0o_Acct_008,555-0008
001T700001j2wjxIAA,Seattle,US,WA,Technology,MDD_joJG7C0o_Acct_009,555-0009
001T700001j2wjyIAA,San Francisco,US,CA,Technology,MDD_joJG7C0o_Acct_010,555-0010
001T700001kNBKjIAO,New York,US,NY,Technology,MDD_86JjLbZZ_Acct_001,555-0001
001T700001kNBKkIAO,Chicago,US,IL,Technology,MDD_86JjLbZZ_Acct_002,555-0002
001T700001kNBKlIAO,Austin,US,TX,Technology,MDD_86JjLbZZ_Acct_003,555-0003
001T700001kNBKmIAO,Seattle,US,WA,Technology,MDD_86JjLbZZ_Acct_004,555-0004
001T700001kNBKnIAO,San Francisco,US,CA,Technology,MDD_86JjLbZZ_Acct_005,555-0005
001T700001kNBKoIAO,New York,US,NY,Technology,MDD_86JjLbZZ_Acct_006,555-0006
001T700001kNBKpIAO,Chicago,US,IL,Technology,MDD_86JjLbZZ_Acct_007,555-0007
001T700001kNBKqIAO,Austin,US,TX,Technology,MDD_86JjLbZZ_Acct_008,555-0008
001T700001kNBKrIAO,Seattle,US,WA,Technology,MDD_86JjLbZZ_Acct_009,555-0009
001T700001kNBKsIAO,San Francisco,US,CA,Technology,MDD_86JjLbZZ_Acct_010,555-0010
001T700001kNpI9IAK,New York,US,NY,Technology,MDD_NY493UAw_Acct_001,555-0001
001T700001kNpIAIA0,Chicago,US,IL,Technology,MDD_NY493UAw_Acct_002,555-0002
001T700001kNpIBIA0,Austin,US,TX,Technology,MDD_NY493UAw_Acct_003,555-0003
001T700001kNpICIA0,Seattle,US,WA,Technology,MDD_NY493UAw_Acct_004,555-0004
001T700001kNpIDIA0,San Francisco,US,CA,Technology,MDD_NY493UAw_Acct_005,555-0005
001T700001kNpIEIA0,New York,US,NY,Technology,MDD_NY493UAw_Acct_006,555-0006
001T700001kNpIFIA0,Chicago,US,IL,Technology,MDD_NY493UAw_Acct_007,555-0007
001T700001kNpIGIA0,Austin,US,TX,Technology,MDD_NY493UAw_Acct_008,555-0008
001T700001kNpIHIA0,Seattle,US,WA,Technology,MDD_NY493UAw_Acct_009,555-0009
001T700001kNpIIIA0,San Francisco,US,CA,Technology,MDD_NY493UAw_Acct_010,555-0010
001T700001kO4hdIAC,New York,US,NY,Technology,MDD_GQQ839jn_Acct_001,555-0001
001T700001kO4heIAC,Chicago,US,IL,Technology,MDD_GQQ839jn_Acct_002,555-0002
001T700001kO4hfIAC,Austin,US,TX,Technology,MDD_GQQ839jn_Acct_003,555-0003
001T700001kO4hgIAC,Seattle,US,WA,Technology,MDD_GQQ839jn_Acct_004,555-0004
001T700001kO4hhIAC,San Francisco,US,CA,Technology,MDD_GQQ839jn_Acct_005,555-0005
001T700001kO4hiIAC,New York,US,NY,Technology,MDD_GQQ839jn_Acct_006,555-0006
001T700001kO4hjIAC,Chicago,US,IL,Technology,MDD_GQQ839jn_Acct_007,555-0007
001T700001kO4hkIAC,Austin,US,TX,Technology,MDD_GQQ839jn_Acct_008,555-0008
001T700001kO4hlIAC,Seattle,US,WA,Technology,MDD_GQQ839jn_Acct_009,555-0009
001T700001kO4hmIAC,San Francisco,US,CA,Technology,MDD_GQQ839jn_Acct_010,555-0010
001T700001kO6uPIAS,New York,US,NY,Technology,MDD_7x9UbVFO_Acct_001,555-0001
001T700001kO6uQIAS,Chicago,US,IL,Technology,MDD_7x9UbVFO_Acct_002,555-0002
001T700001kO6uRIAS,Austin,US,TX,Technology,MDD_7x9UbVFO_Acct_003,555-0003
001T700001kO6uSIAS,Seattle,US,WA,Technology,MDD_7x9UbVFO_Acct_004,555-0004
001T700001kO6uTIAS,San Francisco,US,CA,Technology,MDD_7x9UbVFO_Acct_005,555-0005
001T700001kO6uUIAS,New York,US,NY,Technology,MDD_7x9UbVFO_Acct_006,555-0006
001T700001kO6uVIAS,Chicago,US,IL,Technology,MDD_7x9UbVFO_Acct_007,555-0007
001T700001kO6uWIAS,Austin,US,TX,Technology,MDD_7x9UbVFO_Acct_008,555-0008
001T700001kO6uXIAS,Seattle,US,WA,Technology,MDD_7x9UbVFO_Acct_009,555-0009
001T700001kO6uYIAS,San Francisco,US,CA,Technology,MDD_7x9UbVFO_Acct_010,555-0010
001T700001kOA9rIAG,New York,US,NY,Technology,MDD_YvxufebZ_Acct_001,555-0001
001T700001kOA9sIAG,Chicago,US,IL,Technology,MDD_YvxufebZ_Acct_002,555-0002
001T700001kOA9tIAG,Austin,US,TX,Technology,MDD_YvxufebZ_Acct_003,555-0003
001T700001kOA9uIAG,Seattle,US,WA,Technology,MDD_YvxufebZ_Acct_004,555-0004
001T700001kOA9vIAG,San Francisco,US,CA,Technology,MDD_YvxufebZ_Acct_005,555-0005
001T700001kOA9wIAG,New York,US,NY,Technology,MDD_YvxufebZ_Acct_006,555-0006
001T700001kOA9xIAG,Chicago,US,IL,Technology,MDD_YvxufebZ_Acct_007,555-0007
001T700001kOA9yIAG,Austin,US,TX,Technology,MDD_YvxufebZ_Acct_008,555-0008
001T700001kOA9zIAG,Seattle,US,WA,Technology,MDD_YvxufebZ_Acct_009,555-0009
001T700001kOAA0IAO,San Francisco,US,CA,Technology,MDD_YvxufebZ_Acct_010,555-0010
001T700001mnDGtIAM,New York,US,NY,Technology,MDD_erXnSM9b_Acct_001,555-0001
001T700001mnDGuIAM,Chicago,US,IL,Technology,MDD_erXnSM9b_Acct_002,555-0002
001T700001mnDGvIAM,Austin,US,TX,Technology,MDD_erXnSM9b_Acct_003,555-0003
001T700001mnDGwIAM,Seattle,US,WA,Technology,MDD_erXnSM9b_Acct_004,555-0004
001T700001mnDGxIAM,San Francisco,US,CA,Technology,MDD_erXnSM9b_Acct_005,555-0005
001T700001mnDGyIAM,New York,US,NY,Technology,MDD_erXnSM9b_Acct_006,555-0006
001T700001mnDGzIAM,Chicago,US,IL,Technology,MDD_erXnSM9b_Acct_007,555-0007
001T700001mnDH0IAM,Austin,US,TX,Technology,MDD_erXnSM9b_Acct_008,555-0008
001T700001mnDH1IAM,Seattle,US,WA,Technology,MDD_erXnSM9b_Acct_009,555-0009
001T700001mnDH2IAM,San Francisco,US,CA,Technology,MDD_erXnSM9b_Acct_010,555-0010
001T700001nGaHJIA0,New York,US,NY,Technology,MDD_dXMZwMJo_Acct_001,555-0001
001T700001nGaHKIA0,Chicago,US,IL,Technology,MDD_dXMZwMJo_Acct_002,555-0002
001T700001nGaHLIA0,Austin,US,TX,Technology,MDD_dXMZwMJo_Acct_003,555-0003
001T700001nGaHMIA0,Seattle,US,WA,Technology,MDD_dXMZwMJo_Acct_004,555-0004
001T700001nGaHNIA0,San Francisco,US,CA,Technology,MDD_dXMZwMJo_Acct_005,555-0005
001T700001nGaHOIA0,New York,US,NY,Technology,MDD_dXMZwMJo_Acct_006,555-0006
001T700001nGaHPIA0,Chicago,US,IL,Technology,MDD_dXMZwMJo_Acct_007,555-0007
001T700001nGaHQIA0,Austin,US,TX,Technology,MDD_dXMZwMJo_Acct_008,555-0008
001T700001nGaHRIA0,Seattle,US,WA,Technology,MDD_dXMZwMJo_Acct_009,555-0009
001T700001nGaHSIA0,San Francisco,US,CA,Technology,MDD_dXMZwMJo_Acct_010,555-0010
001T700001qbo4hIAA,New York,US,NY,Technology,MDD_E7gGHhiv_Acct_001,555-0001
001T700001qbo4iIAA,Chicago,US,IL,Technology,MDD_E7gGHhiv_Acct_002,555-0002
001T700001qbo4jIAA,Austin,US,TX,Technology,MDD_E7gGHhiv_Acct_003,555-0003
001T700001qbo4kIAA,Seattle,US,WA,Technology,MDD_E7gGHhiv_Acct_004,555-0004
001T700001qbo4lIAA,San Francisco,US,CA,Technology,MDD_E7gGHhiv_Acct_005,555-0005
001T700001qbo4mIAA,New York,US,NY,Technology,MDD_E7gGHhiv_Acct_006,555-0006
001T700001qbo4nIAA,Chicago,US,IL,Technology,MDD_E7gGHhiv_Acct_007,555-0007
001T700001qbo4oIAA,Austin,US,TX,Technology,MDD_E7gGHhiv_Acct_008,555-0008
001T700001qbo4pIAA,Seattle,US,WA,Technology,MDD_E7gGHhiv_Acct_009,555-0009
001T700001qbo4qIAA,San Francisco,US,CA,Technology,MDD_E7gGHhiv_Acct_010,555-0010
001T700001soGYDIA2,New York,US,NY,Technology,AWIL_4vcYL1xI_Acct_001,555-0001
001T700001soGYEIA2,Chicago,US,IL,Technology,AWIL_4vcYL1xI_Acct_002,555-0002
001T700001soGYFIA2,Austin,US,TX,Technology,AWIL_4vcYL1xI_Acct_003,555-0003
001T700001soGYGIA2,Seattle,US,WA,Technology,AWIL_4vcYL1xI_Acct_004,555-0004
001T700001soGYHIA2,San Francisco,US,CA,Technology,AWIL_4vcYL1xI_Acct_005,555-0005
001T700001soGYIIA2,New York,US,NY,Technology,AWIL_4vcYL1xI_Acct_006,555-0006
001T700001soGYJIA2,Chicago,US,IL,Technology,AWIL_4vcYL1xI_Acct_007,555-0007
001T700001soGYKIA2,Austin,US,TX,Technology,AWIL_4vcYL1xI_Acct_008,555-0008
001T700001soGYLIA2,Seattle,US,WA,Technology,AWIL_4vcYL1xI_Acct_009,555-0009
001T700001soGYMIA2,San Francisco,US,CA,Technology,AWIL_4vcYL1xI_Acct_010,555-0010
001T700001soGYNIA2,New York,US,NY,Technology,AWIL_4vcYL1xI_Acct_011,555-0011
001T700001soGYOIA2,Chicago,US,IL,Technology,AWIL_4vcYL1xI_Acct_012,555-0012
001T700001soGYPIA2,Austin,US,TX,Technology,AWIL_4vcYL1xI_Acct_013,555-0013
001T700001soGYQIA2,Seattle,US,WA,Technology,AWIL_4vcYL1xI_Acct_014,555-0014
001T700001soGYRIA2,San Francisco,US,CA,Technology,AWIL_4vcYL1xI_Acct_015,555-0015
001T700001soGYSIA2,New York,US,NY,Technology,AWIL_4vcYL1xI_Acct_016,555-0016
001T700001soGYTIA2,Chicago,US,IL,Technology,AWIL_4vcYL1xI_Acct_017,555-0017
001T700001soGYUIA2,Austin,US,TX,Technology,AWIL_4vcYL1xI_Acct_018,555-0018
001T700001soGYVIA2,Seattle,US,WA,Technology,AWIL_4vcYL1xI_Acct_019,555-0019
001T700001soGYWIA2,San Francisco,US,CA,Technology,AWIL_4vcYL1xI_Acct_020,555-0020
001T700001soGYXIA2,New York,US,NY,Technology,AWIL_4vcYL1xI_Acct_021,555-0021
001T700001soGYYIA2,Chicago,US,IL,Technology,AWIL_4vcYL1xI_Acct_022,555-0022
001T700001soGYZIA2,Austin,US,TX,Technology,AWIL_4vcYL1xI_Acct_023,555-0023
001T700001soGYaIAM,Seattle,US,WA,Technology,AWIL_4vcYL1xI_Acct_024,555-0024
001T700001soGYbIAM,San Francisco,US,CA,Technology,AWIL_4vcYL1xI_Acct_025,555-0025
001T700001soGYcIAM,New York,US,NY,Technology,AWIL_4vcYL1xI_Acct_026,555-0026
001T700001soGYdIAM,Chicago,US,IL,Technology,AWIL_4vcYL1xI_Acct_027,555-0027
001T700001soGYeIAM,Austin,US,TX,Technology,AWIL_4vcYL1xI_Acct_028,555-0028
001T700001soGYfIAM,Seattle,US,WA,Technology,AWIL_4vcYL1xI_Acct_029,555-0029
001T700001soGYgIAM,San Francisco,US,CA,Technology,AWIL_4vcYL1xI_Acct_030,555-0030
001T700001soGYhIAM,New York,US,NY,Technology,AWIL_4vcYL1xI_Acct_031,555-0031
001T700001soGYiIAM,Chicago,US,IL,Technology,AWIL_4vcYL1xI_Acct_032,555-0032
001T700001soGYjIAM,Austin,US,TX,Technology,AWIL_4vcYL1xI_Acct_033,555-0033
001T700001soGYkIAM,Seattle,US,WA,Technology,AWIL_4vcYL1xI_Acct_034,555-0034
001T700001soGYlIAM,San Francisco,US,CA,Technology,AWIL_4vcYL1xI_Acct_035,555-0035
001T700001soGYmIAM,New York,US,NY,Technology,AWIL_4vcYL1xI_Acct_036,555-0036
001T700001soGYnIAM,Chicago,US,IL,Technology,AWIL_4vcYL1xI_Acct_037,555-0037
001T700001soGYoIAM,Austin,US,TX,Technology,AWIL_4vcYL1xI_Acct_038,555-0038
001T700001soGYpIAM,Seattle,US,WA,Technology,AWIL_4vcYL1xI_Acct_039,555-0039
001T700001soGYqIAM,San Francisco,US,CA,Technology,AWIL_4vcYL1xI_Acct_040,555-0040
001T700001soGYrIAM,New York,US,NY,Technology,AWIL_4vcYL1xI_Acct_041,555-0041
001T700001soGYsIAM,Chicago,US,IL,Technology,AWIL_4vcYL1xI_Acct_042,555-0042
001T700001soGYtIAM,Austin,US,TX,Technology,AWIL_4vcYL1xI_Acct_043,555-0043
001T700001soGYuIAM,Seattle,US,WA,Technology,AWIL_4vcYL1xI_Acct_044,555-0044
001T700001soGYvIAM,San Francisco,US,CA,Technology,AWIL_4vcYL1xI_Acct_045,555-0045
001T700001soGYwIAM,New York,US,NY,Technology,AWIL_4vcYL1xI_Acct_046,555-0046
001T700001soGYxIAM,Chicago,US,IL,Technology,AWIL_4vcYL1xI_Acct_047,555-0047
001T700001soGYyIAM,Austin,US,TX,Technology,AWIL_4vcYL1xI_Acct_048,555-0048
001T700001soGYzIAM,Seattle,US,WA,Technology,AWIL_4vcYL1xI_Acct_049,555-0049
001T700001soGZ0IAM,San Francisco,US,CA,Technology,AWIL_4vcYL1xI_Acct_050,555-0050
001T700001soGZpIAM,New York,US,NY,Technology,AWIL_4vcYL1xI_Acct_051,555-0051
001T700001soGZqIAM,Chicago,US,IL,Technology,AWIL_4vcYL1xI_Acct_052,555-0052
001T700001soGZrIAM,Austin,US,TX,Technology,AWIL_4vcYL1xI_Acct_053,555-0053
001T700001soGZsIAM,Seattle,US,WA,Technology,AWIL_4vcYL1xI_Acct_054,555-0054
001T700001soGZtIAM,San Francisco,US,CA,Technology,AWIL_4vcYL1xI_Acct_055,555-0055
001T700001soGZuIAM,New York,US,NY,Technology,AWIL_4vcYL1xI_Acct_056,555-0056
001T700001soGZvIAM,Chicago,US,IL,Technology,AWIL_4vcYL1xI_Acct_057,555-0057
001T700001soGZwIAM,Austin,US,TX,Technology,AWIL_4vcYL1xI_Acct_058,555-0058
001T700001soGZxIAM,Seattle,US,WA,Technology,AWIL_4vcYL1xI_Acct_059,555-0059
001T700001soGZyIAM,San Francisco,US,CA,Technology,AWIL_4vcYL1xI_Acct_060,555-0060
001T700001soGZzIAM,New York,US,NY,Technology,AWIL_4vcYL1xI_Acct_061,555-0061
001T700001soGa0IAE,Chicago,US,IL,Technology,AWIL_4vcYL1xI_Acct_062,555-0062
001T700001soGa1IAE,Austin,US,TX,Technology,AWIL_4vcYL1xI_Acct_063,555-0063
001T700001soGa2IAE,Seattle,US,WA,Technology,AWIL_4vcYL1xI_Acct_064,555-0064
001T700001soGa3IAE,San Francisco,US,CA,Technology,AWIL_4vcYL1xI_Acct_065,555-0065
001T700001soGa4IAE,New York,US,NY,Technology,AWIL_4vcYL1xI_Acct_066,555-0066
001T700001soGa5IAE,Chicago,US,IL,Technology,AWIL_4vcYL1xI_Acct_067,555-0067
001T700001soGa6IAE,Austin,US,TX,Technology,AWIL_4vcYL1xI_Acct_068,555-0068
001T700001soGa7IAE,Seattle,US,WA,Technology,AWIL_4vcYL1xI_Acct_069,555-0069
001T700001soGa8IAE,San Francisco,US,CA,Technology,AWIL_4vcYL1xI_Acct_070,555-0070
001T700001soGa9IAE,New York,US,NY,Technology,AWIL_4vcYL1xI_Acct_071,555-0071
001T700001soGaAIAU,Chicago,US,IL,Technology,AWIL_4vcYL1xI_Acct_072,555-0072
001T700001soGaBIAU,Austin,US,TX,Technology,AWIL_4vcYL1xI_Acct_073,555-0073
001T700001soGaCIAU,Seattle,US,WA,Technology,AWIL_4vcYL1xI_Acct_074,555-0074
001T700001soGaDIAU,San Francisco,US,CA,Technology,AWIL_4vcYL1xI_Acct_075,555-0075
001T700001soGaEIAU,New York,US,NY,Technology,AWIL_4vcYL1xI_Acct_076,555-0076
001T700001soGaFIAU,Chicago,US,IL,Technology,AWIL_4vcYL1xI_Acct_077,555-0077
001T700001soGaGIAU,Austin,US,TX,Technology,AWIL_4vcYL1xI_Acct_078,555-0078
001T700001soGaHIAU,Seattle,US,WA,Technology,AWIL_4vcYL1xI_Acct_079,555-0079
001T700001soGaIIAU,San Francisco,US,CA,Technology,AWIL_4vcYL1xI_Acct_080,555-0080
001T700001v5O21IAE,New York,US,NY,Technology,QWIL_dNWfCOdI_Acct_051,555-0051
001T700001v5O22IAE,Chicago,US,IL,Technology,QWIL_dNWfCOdI_Acct_052,555-0052
001T700001v5O23IAE,Austin,US,TX,Technology,QWIL_dNWfCOdI_Acct_053,555-0053
001T700001v5O24IAE,Seattle,US,WA,Technology,QWIL_dNWfCOdI_Acct_054,555-0054
001T700001v5O25IAE,San Francisco,US,CA,Technology,QWIL_dNWfCOdI_Acct_055,555-0055
001T700001v5O26IAE,New York,US,NY,Technology,QWIL_dNWfCOdI_Acct_056,555-0056
001T700001v5O27IAE,Chicago,US,IL,Technology,QWIL_dNWfCOdI_Acct_057,555-0057
001T700001v5O28IAE,Austin,US,TX,Technology,QWIL_dNWfCOdI_Acct_058,555-0058
001T700001v5O29IAE,Seattle,US,WA,Technology,QWIL_dNWfCOdI_Acct_059,555-0059
001T700001v5O2AIAU,San Francisco,US,CA,Technology,QWIL_dNWfCOdI_Acct_060,555-0060
001T700001v5O2BIAU,New York,US,NY,Technology,QWIL_dNWfCOdI_Acct_061,555-0061
001T700001v5O2CIAU,Chicago,US,IL,Technology,QWIL_dNWfCOdI_Acct_062,555-0062
001T700001v5O2DIAU,Austin,US,TX,Technology,QWIL_dNWfCOdI_Acct_063,555-0063
001T700001v5O2EIAU,Seattle,US,WA,Technology,QWIL_dNWfCOdI_Acct_064,555-0064
001T700001v5O2FIAU,San Francisco,US,CA,Technology,QWIL_dNWfCOdI_Acct_065,555-0065
001T700001v5O2GIAU,New York,US,NY,Technology,QWIL_dNWfCOdI_Acct_066,555-0066
001T700001v5O2HIAU,Chicago,US,IL,Technology,QWIL_dNWfCOdI_Acct_067,555-0067
001T700001v5O2IIAU,Austin,US,TX,Technology,QWIL_dNWfCOdI_Acct_068,555-0068
001T700001v5O2JIAU,Seattle,US,WA,Technology,QWIL_dNWfCOdI_Acct_069,555-0069
001T700001v5O2KIAU,San Francisco,US,CA,Technology,QWIL_dNWfCOdI_Acct_070,555-0070
001T700001v5O2LIAU,New York,US,NY,Technology,QWIL_dNWfCOdI_Acct_071,555-0071
001T700001v5O2MIAU,Chicago,US,IL,Technology,QWIL_dNWfCOdI_Acct_072,555-0072
001T700001v5O2NIAU,Austin,US,TX,Technology,QWIL_dNWfCOdI_Acct_073,555-0073
001T700001v5O2OIAU,Seattle,US,WA,Technology,QWIL_dNWfCOdI_Acct_074,555-0074
001T700001v5O2PIAU,San Francisco,US,CA,Technology,QWIL_dNWfCOdI_Acct_075,555-0075
001T700001v5O2QIAU,New York,US,NY,Technology,QWIL_dNWfCOdI_Acct_076,555-0076
001T700001v5O2RIAU,Chicago,US,IL,Technology,QWIL_dNWfCOdI_Acct_077,555-0077
001T700001v5O2SIAU,Austin,US,TX,Technology,QWIL_dNWfCOdI_Acct_078,555-0078
001T700001v5O2TIAU,Seattle,US,WA,Technology,QWIL_dNWfCOdI_Acct_079,555-0079
001T700001v5O2UIAU,San Francisco,US,CA,Technology,QWIL_dNWfCOdI_Acct_080,555-0080
001T700001v5P9JIAU,New York,US,NY,Technology,QWIL_64z53Gqk_Acct_001,555-0001
001T700001v5P9KIAU,Chicago,US,IL,Technology,QWIL_64z53Gqk_Acct_002,555-0002
001T700001v5P9LIAU,Austin,US,TX,Technology,QWIL_64z53Gqk_Acct_003,555-0003
001T700001v5P9MIAU,Seattle,US,WA,Technology,QWIL_64z53Gqk_Acct_004,555-0004
001T700001v5P9NIAU,San Francisco,US,CA,Technology,QWIL_64z53Gqk_Acct_005,555-0005
001T700001v5P9OIAU,New York,US,NY,Technology,QWIL_64z53Gqk_Acct_006,555-0006
001T700001v5P9PIAU,Chicago,US,IL,Technology,QWIL_64z53Gqk_Acct_007,555-0007
001T700001v5P9QIAU,Austin,US,TX,Technology,QWIL_64z53Gqk_Acct_008,555-0008
001T700001v5P9RIAU,Seattle,US,WA,Technology,QWIL_64z53Gqk_Acct_009,555-0009
001T700001v5P9SIAU,San Francisco,US,CA,Technology,QWIL_64z53Gqk_Acct_010,555-0010
001T700001v5P9TIAU,New York,US,NY,Technology,QWIL_64z53Gqk_Acct_011,555-0011
001T700001v5P9UIAU,Chicago,US,IL,Technology,QWIL_64z53Gqk_Acct_012,555-0012
001T700001v5P9VIAU,Austin,US,TX,Technology,QWIL_64z53Gqk_Acct_013,555-0013
001T700001v5P9WIAU,Seattle,US,WA,Technology,QWIL_64z53Gqk_Acct_014,555-0014
001T700001v5P9XIAU,San Francisco,US,CA,Technology,QWIL_64z53Gqk_Acct_015,555-0015
001T700001v5P9YIAU,New York,US,NY,Technology,QWIL_64z53Gqk_Acct_016,555-0016
001T700001v5P9ZIAU,Chicago,US,IL,Technology,QWIL_64z53Gqk_Acct_017,555-0017
001T700001v5P9aIAE,Austin,US,TX,Technology,QWIL_64z53Gqk_Acct_018,555-0018
001T700001v5P9bIAE,Seattle,US,WA,Technology,QWIL_64z53Gqk_Acct_019,555-0019
001T700001v5P9cIAE,San Francisco,US,CA,Technology,QWIL_64z53Gqk_Acct_020,555-0020
001T700001v5P9dIAE,New York,US,NY,Technology,QWIL_64z53Gqk_Acct_021,555-0021
001T700001v5P9eIAE,Chicago,US,IL,Technology,QWIL_64z53Gqk_Acct_022,555-0022
001T700001v5P9fIAE,Austin,US,TX,Technology,QWIL_64z53Gqk_Acct_023,555-0023
001T700001v5P9gIAE,Seattle,US,WA,Technology,QWIL_64z53Gqk_Acct_024,555-0024
001T700001v5P9hIAE,San Francisco,US,CA,Technology,QWIL_64z53Gqk_Acct_025,555-0025
001T700001v5P9iIAE,New York,US,NY,Technology,QWIL_64z53Gqk_Acct_026,555-0026
001T700001v5P9jIAE,Chicago,US,IL,Technology,QWIL_64z53Gqk_Acct_027,555-0027
001T700001v5P9kIAE,Austin,US,TX,Technology,QWIL_64z53Gqk_Acct_028,555-0028
001T700001v5P9lIAE,Seattle,US,WA,Technology,QWIL_64z53Gqk_Acct_029,555-0029
001T700001v5P9mIAE,San Francisco,US,CA,Technology,QWIL_64z53Gqk_Acct_030,555-0030
001T700001v5P9nIAE,New York,US,NY,Technology,QWIL_64z53Gqk_Acct_031,555-0031
001T700001v5P9oIAE,Chicago,US,IL,Technology,QWIL_64z53Gqk_Acct_032,555-0032
001T700001v5P9pIAE,Austin,US,TX,Technology,QWIL_64z53Gqk_Acct_033,555-0033
001T700001v5P9qIAE,Seattle,US,WA,Technology,QWIL_64z53Gqk_Acct_034,555-0034
001T700001v5P9rIAE,San Francisco,US,CA,Technology,QWIL_64z53Gqk_Acct_035,555-0035
001T700001v5P9sIAE,New York,US,NY,Technology,QWIL_64z53Gqk_Acct_036,555-0036
001T700001v5P9tIAE,Chicago,US,IL,Technology,QWIL_64z53Gqk_Acct_037,555-0037
001T700001v5P9uIAE,Austin,US,TX,Technology,QWIL_64z53Gqk_Acct_038,555-0038
001T700001v5P9vIAE,Seattle,US,WA,Technology,QWIL_64z53Gqk_Acct_039,555-0039
001T700001v5P9wIAE,San Francisco,US,CA,Technology,QWIL_64z53Gqk_Acct_040,555-0040
001T700001v5P9xIAE,New York,US,NY,Technology,QWIL_64z53Gqk_Acct_041,555-0041
001T700001v5P9yIAE,Chicago,US,IL,Technology,QWIL_64z53Gqk_Acct_042,555-0042
001T700001v5P9zIAE,Austin,US,TX,Technology,QWIL_64z53Gqk_Acct_043,555-0043
001T700001v5PA0IAM,Seattle,US,WA,Technology,QWIL_64z53Gqk_Acct_044,555-0044
001T700001v5PA1IAM,San Francisco,US,CA,Technology,QWIL_64z53Gqk_Acct_045,555-0045
001T700001v5PA2IAM,New York,US,NY,Technology,QWIL_64z53Gqk_Acct_046,555-0046
001T700001v5PA3IAM,Chicago,US,IL,Technology,QWIL_64z53Gqk_Acct_047,555-0047
001T700001v5PA4IAM,Austin,US,TX,Technology,QWIL_64z53Gqk_Acct_048,555-0048
001T700001v5PA5IAM,Seattle,US,WA,Technology,QWIL_64z53Gqk_Acct_049,555-0049
001T700001v5PA6IAM,San Francisco,US,CA,Technology,QWIL_64z53Gqk_Acct_050,555-0050
001T700001v5PAvIAM,New York,US,NY,Technology,QWIL_64z53Gqk_Acct_051,555-0051
001T700001v5PAwIAM,Chicago,US,IL,Technology,QWIL_64z53Gqk_Acct_052,555-0052
001T700001v5PAxIAM,Austin,US,TX,Technology,QWIL_64z53Gqk_Acct_053,555-0053
001T700001v5PAyIAM,Seattle,US,WA,Technology,QWIL_64z53Gqk_Acct_054,555-0054
001T700001v5PAzIAM,San Francisco,US,CA,Technology,QWIL_64z53Gqk_Acct_055,555-0055
001T700001v5PB0IAM,New York,US,NY,Technology,QWIL_64z53Gqk_Acct_056,555-0056
001T700001v5PB1IAM,Chicago,US,IL,Technology,QWIL_64z53Gqk_Acct_057,555-0057
001T700001v5PB2IAM,Austin,US,TX,Technology,QWIL_64z53Gqk_Acct_058,555-0058
001T700001v5PB3IAM,Seattle,US,WA,Technology,QWIL_64z53Gqk_Acct_059,555-0059
001T700001v5PB4IAM,San Francisco,US,CA,Technology,QWIL_64z53Gqk_Acct_060,555-0060
001T700001v5PB5IAM,New York,US,NY,Technology,QWIL_64z53Gqk_Acct_061,555-0061
001T700001v5PB6IAM,Chicago,US,IL,Technology,QWIL_64z53Gqk_Acct_062,555-0062
001T700001v5PB7IAM,Austin,US,TX,Technology,QWIL_64z53Gqk_Acct_063,555-0063
001T700001v5PB8IAM,Seattle,US,WA,Technology,QWIL_64z53Gqk_Acct_064,555-0064
001T700001v5PB9IAM,San Francisco,US,CA,Technology,QWIL_64z53Gqk_Acct_065,555-0065
001T700001v5PBAIA2,New York,US,NY,Technology,QWIL_64z53Gqk_Acct_066,555-0066
001T700001v5PBBIA2,Chicago,US,IL,Technology,QWIL_64z53Gqk_Acct_067,555-0067
001T700001v5PBCIA2,Austin,US,TX,Technology,QWIL_64z53Gqk_Acct_068,555-0068
001T700001v5PBDIA2,Seattle,US,WA,Technology,QWIL_64z53Gqk_Acct_069,555-0069
001T700001v5PBEIA2,San Francisco,US,CA,Technology,QWIL_64z53Gqk_Acct_070,555-0070
001T700001v5PBFIA2,New York,US,NY,Technology,QWIL_64z53Gqk_Acct_071,555-0071
001T700001v5PBGIA2,Chicago,US,IL,Technology,QWIL_64z53Gqk_Acct_072,555-0072
001T700001v5PBHIA2,Austin,US,TX,Technology,QWIL_64z53Gqk_Acct_073,555-0073
001T700001v5PBIIA2,Seattle,US,WA,Technology,QWIL_64z53Gqk_Acct_074,555-0074
001T700001v5PBJIA2,San Francisco,US,CA,Technology,QWIL_64z53Gqk_Acct_075,555-0075
001T700001v5PBKIA2,New York,US,NY,Technology,QWIL_64z53Gqk_Acct_076,555-0076
001T700001v5PBLIA2,Chicago,US,IL,Technology,QWIL_64z53Gqk_Acct_077,555-0077
001T700001v5PBMIA2,Austin,US,TX,Technology,QWIL_64z53Gqk_Acct_078,555-0078
001T700001v5PBNIA2,Seattle,US,WA,Technology,QWIL_64z53Gqk_Acct_079,555-0079
001T700001v5PBOIA2,San Francisco,US,CA,Technology,QWIL_64z53Gqk_Acct_080,555-0080
001T700001v5Qa2IAE,New York,US,NY,Technology,QWIL_eGWKPxpr_Acct_051,555-0051
001T700001v5Qa3IAE,Chicago,US,IL,Technology,QWIL_eGWKPxpr_Acct_052,555-0052
001T700001v5Qa4IAE,Austin,US,TX,Technology,QWIL_eGWKPxpr_Acct_053,555-0053
001T700001v5Qa5IAE,Seattle,US,WA,Technology,QWIL_eGWKPxpr_Acct_054,555-0054
001T700001v5Qa6IAE,San Francisco,US,CA,Technology,QWIL_eGWKPxpr_Acct_055,555-0055
001T700001v5Qa7IAE,New York,US,NY,Technology,QWIL_eGWKPxpr_Acct_056,555-0056
001T700001v5Qa8IAE,Chicago,US,IL,Technology,QWIL_eGWKPxpr_Acct_057,555-0057
001T700001v5Qa9IAE,Austin,US,TX,Technology,QWIL_eGWKPxpr_Acct_058,555-0058
001T700001v5QaAIAU,Seattle,US,WA,Technology,QWIL_eGWKPxpr_Acct_059,555-0059
001T700001v5QaBIAU,San Francisco,US,CA,Technology,QWIL_eGWKPxpr_Acct_060,555-0060
001T700001v5QaCIAU,New York,US,NY,Technology,QWIL_eGWKPxpr_Acct_061,555-0061
001T700001v5QaDIAU,Chicago,US,IL,Technology,QWIL_eGWKPxpr_Acct_062,555-0062
001T700001v5QaEIAU,Austin,US,TX,Technology,QWIL_eGWKPxpr_Acct_063,555-0063
001T700001v5QaFIAU,Seattle,US,WA,Technology,QWIL_eGWKPxpr_Acct_064,555-0064
001T700001v5QaGIAU,San Francisco,US,CA,Technology,QWIL_eGWKPxpr_Acct_065,555-0065
001T700001v5QaHIAU,New York,US,NY,Technology,QWIL_eGWKPxpr_Acct_066,555-0066
001T700001v5QaIIAU,Chicago,US,IL,Technology,QWIL_eGWKPxpr_Acct_067,555-0067
001T700001v5QaJIAU,Austin,US,TX,Technology,QWIL_eGWKPxpr_Acct_068,555-0068
001T700001v5QaKIAU,Seattle,US,WA,Technology,QWIL_eGWKPxpr_Acct_069,555-0069
001T700001v5QaLIAU,San Francisco,US,CA,Technology,QWIL_eGWKPxpr_Acct_070,555-0070
001T700001v5QaMIAU,New York,US,NY,Technology,QWIL_eGWKPxpr_Acct_071,555-0071
001T700001v5QaNIAU,Chicago,US,IL,Technology,QWIL_eGWKPxpr_Acct_072,555-0072
001T700001v5QaOIAU,Austin,US,TX,Technology,QWIL_eGWKPxpr_Acct_073,555-0073
001T700001v5QaPIAU,Seattle,US,WA,Technology,QWIL_eGWKPxpr_Acct_074,555-0074
001T700001v5QaQIAU,San Francisco,US,CA,Technology,QWIL_eGWKPxpr_Acct_075,555-0075
001T700001v5QaRIAU,New York,US,NY,Technology,QWIL_eGWKPxpr_Acct_076,555-0076
001T700001v5QaSIAU,Chicago,US,IL,Technology,QWIL_eGWKPxpr_Acct_077,555-0077
001T700001v5QaTIAU,Austin,US,TX,Technology,QWIL_eGWKPxpr_Acct_078,555-0078
001T700001v5QaUIAU,Seattle,US,WA,Technology,QWIL_eGWKPxpr_Acct_079,555-0079
001T700001v5QaVIAU,San Francisco,US,CA,Technology,QWIL_eGWKPxpr_Acct_080,555-0080
001T700001v5Qi5IAE,New York,US,NY,Technology,QWIL_eGWKPxpr_Acct_001,555-0001
001T700001v5Qi6IAE,Chicago,US,IL,Technology,QWIL_eGWKPxpr_Acct_002,555-0002
001T700001v5Qi7IAE,Austin,US,TX,Technology,QWIL_eGWKPxpr_Acct_003,555-0003
001T700001v5Qi8IAE,Seattle,US,WA,Technology,QWIL_eGWKPxpr_Acct_004,555-0004
001T700001v5Qi9IAE,San Francisco,US,CA,Technology,QWIL_eGWKPxpr_Acct_005,555-0005
001T700001v5QiAIAU,New York,US,NY,Technology,QWIL_eGWKPxpr_Acct_006,555-0006
001T700001v5QiBIAU,Chicago,US,IL,Technology,QWIL_eGWKPxpr_Acct_007,555-0007
001T700001v5QiCIAU,Austin,US,TX,Technology,QWIL_eGWKPxpr_Acct_008,555-0008
001T700001v5QiDIAU,Seattle,US,WA,Technology,QWIL_eGWKPxpr_Acct_009,555-0009
001T700001v5QiEIAU,San Francisco,US,CA,Technology,QWIL_eGWKPxpr_Acct_010,555-0010
001T700001v5QiFIAU,New York,US,NY,Technology,QWIL_eGWKPxpr_Acct_011,555-0011
001T700001v5QiGIAU,Chicago,US,IL,Technology,QWIL_eGWKPxpr_Acct_012,555-0012
001T700001v5QiHIAU,Austin,US,TX,Technology,QWIL_eGWKPxpr_Acct_013,555-0013
001T700001v5QiIIAU,Seattle,US,WA,Technology,QWIL_eGWKPxpr_Acct_014,555-0014
001T700001v5QiJIAU,San Francisco,US,CA,Technology,QWIL_eGWKPxpr_Acct_015,555-0015
001T700001v5QiKIAU,New York,US,NY,Technology,QWIL_eGWKPxpr_Acct_016,555-0016
001T700001v5QiLIAU,Chicago,US,IL,Technology,QWIL_eGWKPxpr_Acct_017,555-0017
001T700001v5QiMIAU,Austin,US,TX,Technology,QWIL_eGWKPxpr_Acct_018,555-0018
001T700001v5QiNIAU,Seattle,US,WA,Technology,QWIL_eGWKPxpr_Acct_019,555-0019
001T700001v5QiOIAU,San Francisco,US,CA,Technology,QWIL_eGWKPxpr_Acct_020,555-0020
001T700001v5QiPIAU,New York,US,NY,Technology,QWIL_eGWKPxpr_Acct_021,555-0021
001T700001v5QiQIAU,Chicago,US,IL,Technology,QWIL_eGWKPxpr_Acct_022,555-0022
001T700001v5QiRIAU,Austin,US,TX,Technology,QWIL_eGWKPxpr_Acct_023,555-0023
001T700001v5QiSIAU,Seattle,US,WA,Technology,QWIL_eGWKPxpr_Acct_024,555-0024
001T700001v5QiTIAU,San Francisco,US,CA,Technology,QWIL_eGWKPxpr_Acct_025,555-0025
001T700001v5QiUIAU,New York,US,NY,Technology,QWIL_eGWKPxpr_Acct_026,555-0026
001T700001v5QiVIAU,Chicago,US,IL,Technology,QWIL_eGWKPxpr_Acct_027,555-0027
001T700001v5QiWIAU,Austin,US,TX,Technology,QWIL_eGWKPxpr_Acct_028,555-0028
001T700001v5QiXIAU,Seattle,US,WA,Technology,QWIL_eGWKPxpr_Acct_029,555-0029
001T700001v5QiYIAU,San Francisco,US,CA,Technology,QWIL_eGWKPxpr_Acct_030,555-0030
001T700001v5QiZIAU,New York,US,NY,Technology,QWIL_eGWKPxpr_Acct_031,555-0031
001T700001v5QiaIAE,Chicago,US,IL,Technology,QWIL_eGWKPxpr_Acct_032,555-0032
001T700001v5QibIAE,Austin,US,TX,Technology,QWIL_eGWKPxpr_Acct_033,555-0033
001T700001v5QicIAE,Seattle,US,WA,Technology,QWIL_eGWKPxpr_Acct_034,555-0034
001T700001v5QidIAE,San Francisco,US,CA,Technology,QWIL_eGWKPxpr_Acct_035,555-0035
001T700001v5QieIAE,New York,US,NY,Technology,QWIL_eGWKPxpr_Acct_036,555-0036
001T700001v5QifIAE,Chicago,US,IL,Technology,QWIL_eGWKPxpr_Acct_037,555-0037
001T700001v5QigIAE,Austin,US,TX,Technology,QWIL_eGWKPxpr_Acct_038,555-0038
001T700001v5QihIAE,Seattle,US,WA,Technology,QWIL_eGWKPxpr_Acct_039,555-0039
001T700001v5QiiIAE,San Francisco,US,CA,Technology,QWIL_eGWKPxpr_Acct_040,555-0040
001T700001v5QijIAE,New York,US,NY,Technology,QWIL_eGWKPxpr_Acct_041,555-0041
001T700001v5QikIAE,Chicago,US,IL,Technology,QWIL_eGWKPxpr_Acct_042,555-0042
001T700001v5QilIAE,Austin,US,TX,Technology,QWIL_eGWKPxpr_Acct_043,555-0043
001T700001v5QimIAE,Seattle,US,WA,Technology,QWIL_eGWKPxpr_Acct_044,555-0044
001T700001v5QinIAE,San Francisco,US,CA,Technology,QWIL_eGWKPxpr_Acct_045,555-0045
001T700001v5QioIAE,New York,US,NY,Technology,QWIL_eGWKPxpr_Acct_046,555-0046
001T700001v5QipIAE,Chicago,US,IL,Technology,QWIL_eGWKPxpr_Acct_047,555-0047
001T700001v5QiqIAE,Austin,US,TX,Technology,QWIL_eGWKPxpr_Acct_048,555-0048
001T700001v5QirIAE,Seattle,US,WA,Technology,QWIL_eGWKPxpr_Acct_049,555-0049
001T700001v5QisIAE,San Francisco,US,CA,Technology,QWIL_eGWKPxpr_Acct_050,555-0050
001T700001v5RavIAE,New York,US,NY,Technology,QWIL_dNWfCOdI_Acct_001,555-0001
001T700001v5RawIAE,Chicago,US,IL,Technology,QWIL_dNWfCOdI_Acct_002,555-0002
001T700001v5RaxIAE,Austin,US,TX,Technology,QWIL_dNWfCOdI_Acct_003,555-0003
001T700001v5RayIAE,Seattle,US,WA,Technology,QWIL_dNWfCOdI_Acct_004,555-0004
001T700001v5RazIAE,San Francisco,US,CA,Technology,QWIL_dNWfCOdI_Acct_005,555-0005
001T700001v5Rb0IAE,New York,US,NY,Technology,QWIL_dNWfCOdI_Acct_006,555-0006
001T700001v5Rb1IAE,Chicago,US,IL,Technology,QWIL_dNWfCOdI_Acct_007,555-0007
001T700001v5Rb2IAE,Austin,US,TX,Technology,QWIL_dNWfCOdI_Acct_008,555-0008
001T700001v5Rb3IAE,Seattle,US,WA,Technology,QWIL_dNWfCOdI_Acct_009,555-0009
001T700001v5Rb4IAE,San Francisco,US,CA,Technology,QWIL_dNWfCOdI_Acct_010,555-0010
001T700001v5Rb5IAE,New York,US,NY,Technology,QWIL_dNWfCOdI_Acct_011,555-0011
001T700001v5Rb6IAE,Chicago,US,IL,Technology,QWIL_dNWfCOdI_Acct_012,555-0012
001T700001v5Rb7IAE,Austin,US,TX,Technology,QWIL_dNWfCOdI_Acct_013,555-0013
001T700001v5Rb8IAE,Seattle,US,WA,Technology,QWIL_dNWfCOdI_Acct_014,555-0014
001T700001v5Rb9IAE,San Francisco,US,CA,Technology,QWIL_dNWfCOdI_Acct_015,555-0015
001T700001v5RbAIAU,New York,US,NY,Technology,QWIL_dNWfCOdI_Acct_016,555-0016
001T700001v5RbBIAU,Chicago,US,IL,Technology,QWIL_dNWfCOdI_Acct_017,555-0017
001T700001v5RbCIAU,Austin,US,TX,Technology,QWIL_dNWfCOdI_Acct_018,555-0018
001T700001v5RbDIAU,Seattle,US,WA,Technology,QWIL_dNWfCOdI_Acct_019,555-0019
001T700001v5RbEIAU,San Francisco,US,CA,Technology,QWIL_dNWfCOdI_Acct_020,555-0020
001T700001v5RbFIAU,New York,US,NY,Technology,QWIL_dNWfCOdI_Acct_021,555-0021
001T700001v5RbGIAU,Chicago,US,IL,Technology,QWIL_dNWfCOdI_Acct_022,555-0022
001T700001v5RbHIAU,Austin,US,TX,Technology,QWIL_dNWfCOdI_Acct_023,555-0023
001T700001v5RbIIAU,Seattle,US,WA,Technology,QWIL_dNWfCOdI_Acct_024,555-0024
001T700001v5RbJIAU,San Francisco,US,CA,Technology,QWIL_dNWfCOdI_Acct_025,555-0025
001T700001v5RbKIAU,New York,US,NY,Technology,QWIL_dNWfCOdI_Acct_026,555-0026
001T700001v5RbLIAU,Chicago,US,IL,Technology,QWIL_dNWfCOdI_Acct_027,555-0027
001T700001v5RbMIAU,Austin,US,TX,Technology,QWIL_dNWfCOdI_Acct_028,555-0028
001T700001v5RbNIAU,Seattle,US,WA,Technology,QWIL_dNWfCOdI_Acct_029,555-0029
001T700001v5RbOIAU,San Francisco,US,CA,Technology,QWIL_dNWfCOdI_Acct_030,555-0030
001T700001v5RbPIAU,New York,US,NY,Technology,QWIL_dNWfCOdI_Acct_031,555-0031
001T700001v5RbQIAU,Chicago,US,IL,Technology,QWIL_dNWfCOdI_Acct_032,555-0032
001T700001v5RbRIAU,Austin,US,TX,Technology,QWIL_dNWfCOdI_Acct_033,555-0033
001T700001v5RbSIAU,Seattle,US,WA,Technology,QWIL_dNWfCOdI_Acct_034,555-0034
001T700001v5RbTIAU,San Francisco,US,CA,Technology,QWIL_dNWfCOdI_Acct_035,555-0035
001T700001v5RbUIAU,New York,US,NY,Technology,QWIL_dNWfCOdI_Acct_036,555-0036
001T700001v5RbVIAU,Chicago,US,IL,Technology,QWIL_dNWfCOdI_Acct_037,555-0037
001T700001v5RbWIAU,Austin,US,TX,Technology,QWIL_dNWfCOdI_Acct_038,555-0038
001T700001v5RbXIAU,Seattle,US,WA,Technology,QWIL_dNWfCOdI_Acct_039,555-0039
001T700001v5RbYIAU,San Francisco,US,CA,Technology,QWIL_dNWfCOdI_Acct_040,555-0040
001T700001v5RbZIAU,New York,US,NY,Technology,QWIL_dNWfCOdI_Acct_041,555-0041
001T700001v5RbaIAE,Chicago,US,IL,Technology,QWIL_dNWfCOdI_Acct_042,555-0042
001T700001v5RbbIAE,Austin,US,TX,Technology,QWIL_dNWfCOdI_Acct_043,555-0043
001T700001v5RbcIAE,Seattle,US,WA,Technology,QWIL_dNWfCOdI_Acct_044,555-0044
001T700001v5RbdIAE,San Francisco,US,CA,Technology,QWIL_dNWfCOdI_Acct_045,555-0045
001T700001v5RbeIAE,New York,US,NY,Technology,QWIL_dNWfCOdI_Acct_046,555-0046
001T700001v5RbfIAE,Chicago,US,IL,Technology,QWIL_dNWfCOdI_Acct_047,555-0047
001T700001v5RbgIAE,Austin,US,TX,Technology,QWIL_dNWfCOdI_Acct_048,555-0048
001T700001v5RbhIAE,Seattle,US,WA,Technology,QWIL_dNWfCOdI_Acct_049,555-0049
001T700001v5RbiIAE,San Francisco,US,CA,Technology,QWIL_dNWfCOdI_Acct_050,555-0050
001T700001v5STlIAM,New York,US,NY,Technology,QWIL_2XjoTrvq_Acct_001,555-0001
001T700001v5STmIAM,Chicago,US,IL,Technology,QWIL_2XjoTrvq_Acct_002,555-0002
001T700001v5STnIAM,Austin,US,TX,Technology,QWIL_2XjoTrvq_Acct_003,555-0003
001T700001v5SToIAM,Seattle,US,WA,Technology,QWIL_2XjoTrvq_Acct_004,555-0004
001T700001v5STpIAM,San Francisco,US,CA,Technology,QWIL_2XjoTrvq_Acct_005,555-0005
001T700001v5STqIAM,New York,US,NY,Technology,QWIL_2XjoTrvq_Acct_006,555-0006
001T700001v5STrIAM,Chicago,US,IL,Technology,QWIL_2XjoTrvq_Acct_007,555-0007
001T700001v5STsIAM,Austin,US,TX,Technology,QWIL_2XjoTrvq_Acct_008,555-0008
001T700001v5STtIAM,Seattle,US,WA,Technology,QWIL_2XjoTrvq_Acct_009,555-0009
001T700001v5STuIAM,San Francisco,US,CA,Technology,QWIL_2XjoTrvq_Acct_010,555-0010
001T700001v5STvIAM,New York,US,NY,Technology,QWIL_2XjoTrvq_Acct_011,555-0011
001T700001v5STwIAM,Chicago,US,IL,Technology,QWIL_2XjoTrvq_Acct_012,555-0012
001T700001v5STxIAM,Austin,US,TX,Technology,QWIL_2XjoTrvq_Acct_013,555-0013
001T700001v5STyIAM,Seattle,US,WA,Technology,QWIL_2XjoTrvq_Acct_014,555-0014
001T700001v5STzIAM,San Francisco,US,CA,Technology,QWIL_2XjoTrvq_Acct_015,555-0015
001T700001v5SU0IAM,New York,US,NY,Technology,QWIL_2XjoTrvq_Acct_016,555-0016
001T700001v5SU1IAM,Chicago,US,IL,Technology,QWIL_2XjoTrvq_Acct_017,555-0017
001T700001v5SU2IAM,Austin,US,TX,Technology,QWIL_2XjoTrvq_Acct_018,555-0018
001T700001v5SU3IAM,Seattle,US,WA,Technology,QWIL_2XjoTrvq_Acct_019,555-0019
001T700001v5SU4IAM,San Francisco,US,CA,Technology,QWIL_2XjoTrvq_Acct_020,555-0020
001T700001v5SU5IAM,New York,US,NY,Technology,QWIL_2XjoTrvq_Acct_021,555-0021
001T700001v5SU6IAM,Chicago,US,IL,Technology,QWIL_2XjoTrvq_Acct_022,555-0022
001T700001v5SU7IAM,Austin,US,TX,Technology,QWIL_2XjoTrvq_Acct_023,555-0023
001T700001v5SU8IAM,Seattle,US,WA,Technology,QWIL_2XjoTrvq_Acct_024,555-0024
001T700001v5SU9IAM,San Francisco,US,CA,Technology,QWIL_2XjoTrvq_Acct_025,555-0025
001T700001v5SUAIA2,New York,US,NY,Technology,QWIL_2XjoTrvq_Acct_026,555-0026
001T700001v5SUBIA2,Chicago,US,IL,Technology,QWIL_2XjoTrvq_Acct_027,555-0027
001T700001v5SUCIA2,Austin,US,TX,Technology,QWIL_2XjoTrvq_Acct_028,555-0028
001T700001v5SUDIA2,Seattle,US,WA,Technology,QWIL_2XjoTrvq_Acct_029,555-0029
001T700001v5SUEIA2,San Francisco,US,CA,Technology,QWIL_2XjoTrvq_Acct_030,555-0030
001T700001v5SUFIA2,New York,US,NY,Technology,QWIL_2XjoTrvq_Acct_031,555-0031
001T700001v5SUGIA2,Chicago,US,IL,Technology,QWIL_2XjoTrvq_Acct_032,555-0032
001T700001v5SUHIA2,Austin,US,TX,Technology,QWIL_2XjoTrvq_Acct_033,555-0033
001T700001v5SUIIA2,Seattle,US,WA,Technology,QWIL_2XjoTrvq_Acct_034,555-0034
001T700001v5SUJIA2,San Francisco,US,CA,Technology,QWIL_2XjoTrvq_Acct_035,555-0035
001T700001v5SUKIA2,New York,US,NY,Technology,QWIL_2XjoTrvq_Acct_036,555-0036
001T700001v5SULIA2,Chicago,US,IL,Technology,QWIL_2XjoTrvq_Acct_037,555-0037
001T700001v5SUMIA2,Austin,US,TX,Technology,QWIL_2XjoTrvq_Acct_038,555-0038
001T700001v5SUNIA2,Seattle,US,WA,Technology,QWIL_2XjoTrvq_Acct_039,555-0039
001T700001v5SUOIA2,San Francisco,US,CA,Technology,QWIL_2XjoTrvq_Acct_040,555-0040
001T700001v5SUPIA2,New York,US,NY,Technology,QWIL_2XjoTrvq_Acct_041,555-0041
001T700001v5SUQIA2,Chicago,US,IL,Technology,QWIL_2XjoTrvq_Acct_042,555-0042
001T700001v5SURIA2,Austin,US,TX,Technology,QWIL_2XjoTrvq_Acct_043,555-0043
001T700001v5SUSIA2,Seattle,US,WA,Technology,QWIL_2XjoTrvq_Acct_044,555-0044
001T700001v5SUTIA2,San Francisco,US,CA,Technology,QWIL_2XjoTrvq_Acct_045,555-0045
001T700001v5SUUIA2,New York,US,NY,Technology,QWIL_2XjoTrvq_Acct_046,555-0046
001T700001v5SUVIA2,Chicago,US,IL,Technology,QWIL_2XjoTrvq_Acct_047,555-0047
001T700001v5SUWIA2,Austin,US,TX,Technology,QWIL_2XjoTrvq_Acct_048,555-0048
001T700001v5SUXIA2,Seattle,US,WA,Technology,QWIL_2XjoTrvq_Acct_049,555-0049
001T700001v5SUYIA2,San Francisco,US,CA,Technology,QWIL_2XjoTrvq_Acct_050,555-0050
001T700001v5SVNIA2,New York,US,NY,Technology,QWIL_2XjoTrvq_Acct_051,555-0051
001T700001v5SVOIA2,Chicago,US,IL,Technology,QWIL_2XjoTrvq_Acct_052,555-0052
001T700001v5SVPIA2,Austin,US,TX,Technology,QWIL_2XjoTrvq_Acct_053,555-0053
001T700001v5SVQIA2,Seattle,US,WA,Technology,QWIL_2XjoTrvq_Acct_054,555-0054
001T700001v5SVRIA2,San Francisco,US,CA,Technology,QWIL_2XjoTrvq_Acct_055,555-0055
001T700001v5SVSIA2,New York,US,NY,Technology,QWIL_2XjoTrvq_Acct_056,555-0056
001T700001v5SVTIA2,Chicago,US,IL,Technology,QWIL_2XjoTrvq_Acct_057,555-0057
001T700001v5SVUIA2,Austin,US,TX,Technology,QWIL_2XjoTrvq_Acct_058,555-0058
001T700001v5SVVIA2,Seattle,US,WA,Technology,QWIL_2XjoTrvq_Acct_059,555-0059
001T700001v5SVWIA2,San Francisco,US,CA,Technology,QWIL_2XjoTrvq_Acct_060,555-0060
001T700001v5SVXIA2,New York,US,NY,Technology,QWIL_2XjoTrvq_Acct_061,555-0061
001T700001v5SVYIA2,Chicago,US,IL,Technology,QWIL_2XjoTrvq_Acct_062,555-0062
001T700001v5SVZIA2,Austin,US,TX,Technology,QWIL_2XjoTrvq_Acct_063,555-0063
001T700001v5SVaIAM,Seattle,US,WA,Technology,QWIL_2XjoTrvq_Acct_064,555-0064
001T700001v5SVbIAM,San Francisco,US,CA,Technology,QWIL_2XjoTrvq_Acct_065,555-0065
001T700001v5SVcIAM,New York,US,NY,Technology,QWIL_2XjoTrvq_Acct_066,555-0066
001T700001v5SVdIAM,Chicago,US,IL,Technology,QWIL_2XjoTrvq_Acct_067,555-0067
001T700001v5SVeIAM,Austin,US,TX,Technology,QWIL_2XjoTrvq_Acct_068,555-0068
001T700001v5SVfIAM,Seattle,US,WA,Technology,QWIL_2XjoTrvq_Acct_069,555-0069
001T700001v5SVgIAM,San Francisco,US,CA,Technology,QWIL_2XjoTrvq_Acct_070,555-0070
001T700001v5SVhIAM,New York,US,NY,Technology,QWIL_2XjoTrvq_Acct_071,555-0071
001T700001v5SViIAM,Chicago,US,IL,Technology,QWIL_2XjoTrvq_Acct_072,555-0072
001T700001v5SVjIAM,Austin,US,TX,Technology,QWIL_2XjoTrvq_Acct_073,555-0073
001T700001v5SVkIAM,Seattle,US,WA,Technology,QWIL_2XjoTrvq_Acct_074,555-0074
001T700001v5SVlIAM,San Francisco,US,CA,Technology,QWIL_2XjoTrvq_Acct_075,555-0075
001T700001v5SVmIAM,New York,US,NY,Technology,QWIL_2XjoTrvq_Acct_076,555-0076
001T700001v5SVnIAM,Chicago,US,IL,Technology,QWIL_2XjoTrvq_Acct_077,555-0077
001T700001v5SVoIAM,Austin,US,TX,Technology,QWIL_2XjoTrvq_Acct_078,555-0078
001T700001v5SVpIAM,Seattle,US,WA,Technology,QWIL_2XjoTrvq_Acct_079,555-0079
001T700001v5SVqIAM,San Francisco,US,CA,Technology,QWIL_2XjoTrvq_Acct_080,555-0080
001T700001v5qkbIAA,New York,US,NY,Technology,QWIL_9KCUWv6l_Acct_001,555-0001
001T700001v5qkcIAA,Chicago,US,IL,Technology,QWIL_9KCUWv6l_Acct_002,555-0002
001T700001v5qkdIAA,Austin,US,TX,Technology,QWIL_9KCUWv6l_Acct_003,555-0003
001T700001v5qkeIAA,Seattle,US,WA,Technology,QWIL_9KCUWv6l_Acct_004,555-0004
001T700001v5qkfIAA,San Francisco,US,CA,Technology,QWIL_9KCUWv6l_Acct_005,555-0005
001T700001v5qkgIAA,New York,US,NY,Technology,QWIL_9KCUWv6l_Acct_006,555-0006
001T700001v5qkhIAA,Chicago,US,IL,Technology,QWIL_9KCUWv6l_Acct_007,555-0007
001T700001v5qkiIAA,Austin,US,TX,Technology,QWIL_9KCUWv6l_Acct_008,555-0008
001T700001v5qkjIAA,Seattle,US,WA,Technology,QWIL_9KCUWv6l_Acct_009,555-0009
001T700001v5qkkIAA,San Francisco,US,CA,Technology,QWIL_9KCUWv6l_Acct_010,555-0010
001T700001v5qklIAA,New York,US,NY,Technology,QWIL_9KCUWv6l_Acct_011,555-0011
001T700001v5qkmIAA,Chicago,US,IL,Technology,QWIL_9KCUWv6l_Acct_012,555-0012
001T700001v5qknIAA,Austin,US,TX,Technology,QWIL_9KCUWv6l_Acct_013,555-0013
001T700001v5qkoIAA,Seattle,US,WA,Technology,QWIL_9KCUWv6l_Acct_014,555-0014
001T700001v5qkpIAA,San Francisco,US,CA,Technology,QWIL_9KCUWv6l_Acct_015,555-0015
001T700001v5qkqIAA,New York,US,NY,Technology,QWIL_9KCUWv6l_Acct_016,555-0016
001T700001v5qkrIAA,Chicago,US,IL,Technology,QWIL_9KCUWv6l_Acct_017,555-0017
001T700001v5qksIAA,Austin,US,TX,Technology,QWIL_9KCUWv6l_Acct_018,555-0018
001T700001v5qktIAA,Seattle,US,WA,Technology,QWIL_9KCUWv6l_Acct_019,555-0019
001T700001v5qkuIAA,San Francisco,US,CA,Technology,QWIL_9KCUWv6l_Acct_020,555-0020
001T700001v5qkvIAA,New York,US,NY,Technology,QWIL_9KCUWv6l_Acct_021,555-0021
001T700001v5qkwIAA,Chicago,US,IL,Technology,QWIL_9KCUWv6l_Acct_022,555-0022
001T700001v5qkxIAA,Austin,US,TX,Technology,QWIL_9KCUWv6l_Acct_023,555-0023
001T700001v5qkyIAA,Seattle,US,WA,Technology,QWIL_9KCUWv6l_Acct_024,555-0024
001T700001v5qkzIAA,San Francisco,US,CA,Technology,QWIL_9KCUWv6l_Acct_025,555-0025
001T700001v5ql0IAA,New York,US,NY,Technology,QWIL_9KCUWv6l_Acct_026,555-0026
001T700001v5ql1IAA,Chicago,US,IL,Technology,QWIL_9KCUWv6l_Acct_027,555-0027
001T700001v5ql2IAA,Austin,US,TX,Technology,QWIL_9KCUWv6l_Acct_028,555-0028
001T700001v5ql3IAA,Seattle,US,WA,Technology,QWIL_9KCUWv6l_Acct_029,555-0029
001T700001v5ql4IAA,San Francisco,US,CA,Technology,QWIL_9KCUWv6l_Acct_030,555-0030
001T700001v5ql5IAA,New York,US,NY,Technology,QWIL_9KCUWv6l_Acct_031,555-0031
001T700001v5ql6IAA,Chicago,US,IL,Technology,QWIL_9KCUWv6l_Acct_032,555-0032
001T700001v5ql7IAA,Austin,US,TX,Technology,QWIL_9KCUWv6l_Acct_033,555-0033
001T700001v5ql8IAA,Seattle,US,WA,Technology,QWIL_9KCUWv6l_Acct_034,555-0034
001T700001v5ql9IAA,San Francisco,US,CA,Technology,QWIL_9KCUWv6l_Acct_035,555-0035
001T700001v5qlAIAQ,New York,US,NY,Technology,QWIL_9KCUWv6l_Acct_036,555-0036
001T700001v5qlBIAQ,Chicago,US,IL,Technology,QWIL_9KCUWv6l_Acct_037,555-0037
001T700001v5qlCIAQ,Austin,US,TX,Technology,QWIL_9KCUWv6l_Acct_038,555-0038
001T700001v5qlDIAQ,Seattle,US,WA,Technology,QWIL_9KCUWv6l_Acct_039,555-0039
001T700001v5qlEIAQ,San Francisco,US,CA,Technology,QWIL_9KCUWv6l_Acct_040,555-0040
001T700001v5qlFIAQ,New York,US,NY,Technology,QWIL_9KCUWv6l_Acct_041,555-0041
001T700001v5qlGIAQ,Chicago,US,IL,Technology,QWIL_9KCUWv6l_Acct_042,555-0042
001T700001v5qlHIAQ,Austin,US,TX,Technology,QWIL_9KCUWv6l_Acct_043,555-0043
001T700001v5qlIIAQ,Seattle,US,WA,Technology,QWIL_9KCUWv6l_Acct_044,555-0044
001T700001v5qlJIAQ,San Francisco,US,CA,Technology,QWIL_9KCUWv6l_Acct_045,555-0045
001T700001v5qlKIAQ,New York,US,NY,Technology,QWIL_9KCUWv6l_Acct_046,555-0046
001T700001v5qlLIAQ,Chicago,US,IL,Technology,QWIL_9KCUWv6l_Acct_047,555-0047
001T700001v5qlMIAQ,Austin,US,TX,Technology,QWIL_9KCUWv6l_Acct_048,555-0048
001T700001v5qlNIAQ,Seattle,US,WA,Technology,QWIL_9KCUWv6l_Acct_049,555-0049
001T700001v5qlOIAQ,San Francisco,US,CA,Technology,QWIL_9KCUWv6l_Acct_050,555-0050
001T700001v5qmDIAQ,New York,US,NY,Technology,QWIL_9KCUWv6l_Acct_051,555-0051
001T700001v5qmEIAQ,Chicago,US,IL,Technology,QWIL_9KCUWv6l_Acct_052,555-0052
001T700001v5qmFIAQ,Austin,US,TX,Technology,QWIL_9KCUWv6l_Acct_053,555-0053
001T700001v5qmGIAQ,Seattle,US,WA,Technology,QWIL_9KCUWv6l_Acct_054,555-0054
001T700001v5qmHIAQ,San Francisco,US,CA,Technology,QWIL_9KCUWv6l_Acct_055,555-0055
001T700001v5qmIIAQ,New York,US,NY,Technology,QWIL_9KCUWv6l_Acct_056,555-0056
001T700001v5qmJIAQ,Chicago,US,IL,Technology,QWIL_9KCUWv6l_Acct_057,555-0057
001T700001v5qmKIAQ,Austin,US,TX,Technology,QWIL_9KCUWv6l_Acct_058,555-0058
001T700001v5qmLIAQ,Seattle,US,WA,Technology,QWIL_9KCUWv6l_Acct_059,555-0059
001T700001v5qmMIAQ,San Francisco,US,CA,Technology,QWIL_9KCUWv6l_Acct_060,555-0060
001T700001v5qmNIAQ,New York,US,NY,Technology,QWIL_9KCUWv6l_Acct_061,555-0061
001T700001v5qmOIAQ,Chicago,US,IL,Technology,QWIL_9KCUWv6l_Acct_062,555-0062
001T700001v5qmPIAQ,Austin,US,TX,Technology,QWIL_9KCUWv6l_Acct_063,555-0063
001T700001v5qmQIAQ,Seattle,US,WA,Technology,QWIL_9KCUWv6l_Acct_064,555-0064
001T700001v5qmRIAQ,San Francisco,US,CA,Technology,QWIL_9KCUWv6l_Acct_065,555-0065
001T700001v5qmSIAQ,New York,US,NY,Technology,QWIL_9KCUWv6l_Acct_066,555-0066
001T700001v5qmTIAQ,Chicago,US,IL,Technology,QWIL_9KCUWv6l_Acct_067,555-0067
001T700001v5qmUIAQ,Austin,US,TX,Technology,QWIL_9KCUWv6l_Acct_068,555-0068
001T700001v5qmVIAQ,Seattle,US,WA,Technology,QWIL_9KCUWv6l_Acct_069,555-0069
001T700001v5qmWIAQ,San Francisco,US,CA,Technology,QWIL_9KCUWv6l_Acct_070,555-0070
001T700001v5qmXIAQ,New York,US,NY,Technology,QWIL_9KCUWv6l_Acct_071,555-0071
001T700001v5qmYIAQ,Chicago,US,IL,Technology,QWIL_9KCUWv6l_Acct_072,555-0072
001T700001v5qmZIAQ,Austin,US,TX,Technology,QWIL_9KCUWv6l_Acct_073,555-0073
001T700001v5qmaIAA,Seattle,US,WA,Technology,QWIL_9KCUWv6l_Acct_074,555-0074
001T700001v5qmbIAA,San Francisco,US,CA,Technology,QWIL_9KCUWv6l_Acct_075,555-0075
001T700001v5qmcIAA,New York,US,NY,Technology,QWIL_9KCUWv6l_Acct_076,555-0076
001T700001v5qmdIAA,Chicago,US,IL,Technology,QWIL_9KCUWv6l_Acct_077,555-0077
001T700001v5qmeIAA,Austin,US,TX,Technology,QWIL_9KCUWv6l_Acct_078,555-0078
001T700001v5qmfIAA,Seattle,US,WA,Technology,QWIL_9KCUWv6l_Acct_079,555-0079
001T700001v5qmgIAA,San Francisco,US,CA,Technology,QWIL_9KCUWv6l_Acct_080,555-0080
001T700001v5rFGIAY,New York,US,NY,Technology,QWIL_Os89ge0M_Acct_001,555-0001
001T700001v5rFHIAY,Chicago,US,IL,Technology,QWIL_Os89ge0M_Acct_002,555-0002
001T700001v5rFIIAY,Austin,US,TX,Technology,QWIL_Os89ge0M_Acct_003,555-0003
001T700001v5rFJIAY,Seattle,US,WA,Technology,QWIL_Os89ge0M_Acct_004,555-0004
001T700001v5rFKIAY,San Francisco,US,CA,Technology,QWIL_Os89ge0M_Acct_005,555-0005
001T700001v5rFLIAY,New York,US,NY,Technology,QWIL_Os89ge0M_Acct_006,555-0006
001T700001v5rFMIAY,Chicago,US,IL,Technology,QWIL_Os89ge0M_Acct_007,555-0007
001T700001v5rFNIAY,Austin,US,TX,Technology,QWIL_Os89ge0M_Acct_008,555-0008
001T700001v5rFOIAY,Seattle,US,WA,Technology,QWIL_Os89ge0M_Acct_009,555-0009
001T700001v5rFPIAY,San Francisco,US,CA,Technology,QWIL_Os89ge0M_Acct_010,555-0010
001T700001v5rFQIAY,New York,US,NY,Technology,QWIL_Os89ge0M_Acct_011,555-0011
001T700001v5rFRIAY,Chicago,US,IL,Technology,QWIL_Os89ge0M_Acct_012,555-0012
001T700001v5rFSIAY,Austin,US,TX,Technology,QWIL_Os89ge0M_Acct_013,555-0013
001T700001v5rFTIAY,Seattle,US,WA,Technology,QWIL_Os89ge0M_Acct_014,555-0014
001T700001v5rFUIAY,San Francisco,US,CA,Technology,QWIL_Os89ge0M_Acct_015,555-0015
001T700001v5rFVIAY,New York,US,NY,Technology,QWIL_Os89ge0M_Acct_016,555-0016
001T700001v5rFWIAY,Chicago,US,IL,Technology,QWIL_Os89ge0M_Acct_017,555-0017
001T700001v5rFXIAY,Austin,US,TX,Technology,QWIL_Os89ge0M_Acct_018,555-0018
001T700001v5rFYIAY,Seattle,US,WA,Technology,QWIL_Os89ge0M_Acct_019,555-0019
001T700001v5rFZIAY,San Francisco,US,CA,Technology,QWIL_Os89ge0M_Acct_020,555-0020
001T700001v5rFaIAI,New York,US,NY,Technology,QWIL_Os89ge0M_Acct_021,555-0021
001T700001v5rFbIAI,Chicago,US,IL,Technology,QWIL_Os89ge0M_Acct_022,555-0022
001T700001v5rFcIAI,Austin,US,TX,Technology,QWIL_Os89ge0M_Acct_023,555-0023
001T700001v5rFdIAI,Seattle,US,WA,Technology,QWIL_Os89ge0M_Acct_024,555-0024
001T700001v5rFeIAI,San Francisco,US,CA,Technology,QWIL_Os89ge0M_Acct_025,555-0025
001T700001v5rFfIAI,New York,US,NY,Technology,QWIL_Os89ge0M_Acct_026,555-0026
001T700001v5rFgIAI,Chicago,US,IL,Technology,QWIL_Os89ge0M_Acct_027,555-0027
001T700001v5rFhIAI,Austin,US,TX,Technology,QWIL_Os89ge0M_Acct_028,555-0028
001T700001v5rFiIAI,Seattle,US,WA,Technology,QWIL_Os89ge0M_Acct_029,555-0029
001T700001v5rFjIAI,San Francisco,US,CA,Technology,QWIL_Os89ge0M_Acct_030,555-0030
001T700001v5rFkIAI,New York,US,NY,Technology,QWIL_Os89ge0M_Acct_031,555-0031
001T700001v5rFlIAI,Chicago,US,IL,Technology,QWIL_Os89ge0M_Acct_032,555-0032
001T700001v5rFmIAI,Austin,US,TX,Technology,QWIL_Os89ge0M_Acct_033,555-0033
001T700001v5rFnIAI,Seattle,US,WA,Technology,QWIL_Os89ge0M_Acct_034,555-0034
001T700001v5rFoIAI,San Francisco,US,CA,Technology,QWIL_Os89ge0M_Acct_035,555-0035
001T700001v5rFpIAI,New York,US,NY,Technology,QWIL_Os89ge0M_Acct_036,555-0036
001T700001v5rFqIAI,Chicago,US,IL,Technology,QWIL_Os89ge0M_Acct_037,555-0037
001T700001v5rFrIAI,Austin,US,TX,Technology,QWIL_Os89ge0M_Acct_038,555-0038
001T700001v5rFsIAI,Seattle,US,WA,Technology,QWIL_Os89ge0M_Acct_039,555-0039
001T700001v5rFtIAI,San Francisco,US,CA,Technology,QWIL_Os89ge0M_Acct_040,555-0040
001T700001v5rFuIAI,New York,US,NY,Technology,QWIL_Os89ge0M_Acct_041,555-0041
001T700001v5rFvIAI,Chicago,US,IL,Technology,QWIL_Os89ge0M_Acct_042,555-0042
001T700001v5rFwIAI,Austin,US,TX,Technology,QWIL_Os89ge0M_Acct_043,555-0043
001T700001v5rFxIAI,Seattle,US,WA,Technology,QWIL_Os89ge0M_Acct_044,555-0044
001T700001v5rFyIAI,San Francisco,US,CA,Technology,QWIL_Os89ge0M_Acct_045,555-0045
001T700001v5rFzIAI,New York,US,NY,Technology,QWIL_Os89ge0M_Acct_046,555-0046
001T700001v5rG0IAI,Chicago,US,IL,Technology,QWIL_Os89ge0M_Acct_047,555-0047
001T700001v5rG1IAI,Austin,US,TX,Technology,QWIL_Os89ge0M_Acct_048,555-0048
001T700001v5rG2IAI,Seattle,US,WA,Technology,QWIL_Os89ge0M_Acct_049,555-0049
001T700001v5rG3IAI,San Francisco,US,CA,Technology,QWIL_Os89ge0M_Acct_050,555-0050
001T700001v5s4rIAA,New York,US,NY,Technology,QWIL_NMtgzxFr_Acct_001,555-0001
001T700001v5s4sIAA,Chicago,US,IL,Technology,QWIL_NMtgzxFr_Acct_002,555-0002
001T700001v5s4tIAA,Austin,US,TX,Technology,QWIL_NMtgzxFr_Acct_003,555-0003
001T700001v5s4uIAA,Seattle,US,WA,Technology,QWIL_NMtgzxFr_Acct_004,555-0004
001T700001v5s4vIAA,San Francisco,US,CA,Technology,QWIL_NMtgzxFr_Acct_005,555-0005
001T700001v5s4wIAA,New York,US,NY,Technology,QWIL_NMtgzxFr_Acct_006,555-0006
001T700001v5s4xIAA,Chicago,US,IL,Technology,QWIL_NMtgzxFr_Acct_007,555-0007
001T700001v5s4yIAA,Austin,US,TX,Technology,QWIL_NMtgzxFr_Acct_008,555-0008
001T700001v5s4zIAA,Seattle,US,WA,Technology,QWIL_NMtgzxFr_Acct_009,555-0009
001T700001v5s50IAA,San Francisco,US,CA,Technology,QWIL_NMtgzxFr_Acct_010,555-0010
001T700001v5s51IAA,New York,US,NY,Technology,QWIL_NMtgzxFr_Acct_011,555-0011
001T700001v5s52IAA,Chicago,US,IL,Technology,QWIL_NMtgzxFr_Acct_012,555-0012
001T700001v5s53IAA,Austin,US,TX,Technology,QWIL_NMtgzxFr_Acct_013,555-0013
001T700001v5s54IAA,Seattle,US,WA,Technology,QWIL_NMtgzxFr_Acct_014,555-0014
001T700001v5s55IAA,San Francisco,US,CA,Technology,QWIL_NMtgzxFr_Acct_015,555-0015
001T700001v5s56IAA,New York,US,NY,Technology,QWIL_NMtgzxFr_Acct_016,555-0016
001T700001v5s57IAA,Chicago,US,IL,Technology,QWIL_NMtgzxFr_Acct_017,555-0017
001T700001v5s58IAA,Austin,US,TX,Technology,QWIL_NMtgzxFr_Acct_018,555-0018
001T700001v5s59IAA,Seattle,US,WA,Technology,QWIL_NMtgzxFr_Acct_019,555-0019
001T700001v5s5AIAQ,San Francisco,US,CA,Technology,QWIL_NMtgzxFr_Acct_020,555-0020
001T700001v5s5BIAQ,New York,US,NY,Technology,QWIL_NMtgzxFr_Acct_021,555-0021
001T700001v5s5CIAQ,Chicago,US,IL,Technology,QWIL_NMtgzxFr_Acct_022,555-0022
001T700001v5s5DIAQ,Austin,US,TX,Technology,QWIL_NMtgzxFr_Acct_023,555-0023
001T700001v5s5EIAQ,Seattle,US,WA,Technology,QWIL_NMtgzxFr_Acct_024,555-0024
001T700001v5s5FIAQ,San Francisco,US,CA,Technology,QWIL_NMtgzxFr_Acct_025,555-0025
001T700001v5s5GIAQ,New York,US,NY,Technology,QWIL_NMtgzxFr_Acct_026,555-0026
001T700001v5s5HIAQ,Chicago,US,IL,Technology,QWIL_NMtgzxFr_Acct_027,555-0027
001T700001v5s5IIAQ,Austin,US,TX,Technology,QWIL_NMtgzxFr_Acct_028,555-0028
001T700001v5s5JIAQ,Seattle,US,WA,Technology,QWIL_NMtgzxFr_Acct_029,555-0029
001T700001v5s5KIAQ,San Francisco,US,CA,Technology,QWIL_NMtgzxFr_Acct_030,555-0030
001T700001v5s5LIAQ,New York,US,NY,Technology,QWIL_NMtgzxFr_Acct_031,555-0031
001T700001v5s5MIAQ,Chicago,US,IL,Technology,QWIL_NMtgzxFr_Acct_032,555-0032
001T700001v5s5NIAQ,Austin,US,TX,Technology,QWIL_NMtgzxFr_Acct_033,555-0033
001T700001v5s5OIAQ,Seattle,US,WA,Technology,QWIL_NMtgzxFr_Acct_034,555-0034
001T700001v5s5PIAQ,San Francisco,US,CA,Technology,QWIL_NMtgzxFr_Acct_035,555-0035
001T700001v5s5QIAQ,New York,US,NY,Technology,QWIL_NMtgzxFr_Acct_036,555-0036
001T700001v5s5RIAQ,Chicago,US,IL,Technology,QWIL_NMtgzxFr_Acct_037,555-0037
001T700001v5s5SIAQ,Austin,US,TX,Technology,QWIL_NMtgzxFr_Acct_038,555-0038
001T700001v5s5TIAQ,Seattle,US,WA,Technology,QWIL_NMtgzxFr_Acct_039,555-0039
001T700001v5s5UIAQ,San Francisco,US,CA,Technology,QWIL_NMtgzxFr_Acct_040,555-0040
001T700001v5s5VIAQ,New York,US,NY,Technology,QWIL_NMtgzxFr_Acct_041,555-0041
001T700001v5s5WIAQ,Chicago,US,IL,Technology,QWIL_NMtgzxFr_Acct_042,555-0042
001T700001v5s5XIAQ,Austin,US,TX,Technology,QWIL_NMtgzxFr_Acct_043,555-0043
001T700001v5s5YIAQ,Seattle,US,WA,Technology,QWIL_NMtgzxFr_Acct_044,555-0044
001T700001v5s5ZIAQ,San Francisco,US,CA,Technology,QWIL_NMtgzxFr_Acct_045,555-0045
001T700001v5s5aIAA,New York,US,NY,Technology,QWIL_NMtgzxFr_Acct_046,555-0046
001T700001v5s5bIAA,Chicago,US,IL,Technology,QWIL_NMtgzxFr_Acct_047,555-0047
001T700001v5s5cIAA,Austin,US,TX,Technology,QWIL_NMtgzxFr_Acct_048,555-0048
001T700001v5s5dIAA,Seattle,US,WA,Technology,QWIL_NMtgzxFr_Acct_049,555-0049
001T700001v5s5eIAA,San Francisco,US,CA,Technology,QWIL_NMtgzxFr_Acct_050,555-0050
001T700001v5s6TIAQ,New York,US,NY,Technology,QWIL_NMtgzxFr_Acct_051,555-0051
001T700001v5s6UIAQ,Chicago,US,IL,Technology,QWIL_NMtgzxFr_Acct_052,555-0052
001T700001v5s6VIAQ,Austin,US,TX,Technology,QWIL_NMtgzxFr_Acct_053,555-0053
001T700001v5s6WIAQ,Seattle,US,WA,Technology,QWIL_NMtgzxFr_Acct_054,555-0054
001T700001v5s6XIAQ,San Francisco,US,CA,Technology,QWIL_NMtgzxFr_Acct_055,555-0055
001T700001v5s6YIAQ,New York,US,NY,Technology,QWIL_NMtgzxFr_Acct_056,555-0056
001T700001v5s6ZIAQ,Chicago,US,IL,Technology,QWIL_NMtgzxFr_Acct_057,555-0057
001T700001v5s6aIAA,Austin,US,TX,Technology,QWIL_NMtgzxFr_Acct_058,555-0058
001T700001v5s6bIAA,Seattle,US,WA,Technology,QWIL_NMtgzxFr_Acct_059,555-0059
001T700001v5s6cIAA,San Francisco,US,CA,Technology,QWIL_NMtgzxFr_Acct_060,555-0060
001T700001v5s6dIAA,New York,US,NY,Technology,QWIL_NMtgzxFr_Acct_061,555-0061
001T700001v5s6eIAA,Chicago,US,IL,Technology,QWIL_NMtgzxFr_Acct_062,555-0062
001T700001v5s6fIAA,Austin,US,TX,Technology,QWIL_NMtgzxFr_Acct_063,555-0063
001T700001v5s6gIAA,Seattle,US,WA,Technology,QWIL_NMtgzxFr_Acct_064,555-0064
001T700001v5s6hIAA,San Francisco,US,CA,Technology,QWIL_NMtgzxFr_Acct_065,555-0065
001T700001v5s6iIAA,New York,US,NY,Technology,QWIL_NMtgzxFr_Acct_066,555-0066
001T700001v5s6jIAA,Chicago,US,IL,Technology,QWIL_NMtgzxFr_Acct_067,555-0067
001T700001v5s6kIAA,Austin,US,TX,Technology,QWIL_NMtgzxFr_Acct_068,555-0068
001T700001v5s6lIAA,Seattle,US,WA,Technology,QWIL_NMtgzxFr_Acct_069,555-0069
001T700001v5s6mIAA,San Francisco,US,CA,Technology,QWIL_NMtgzxFr_Acct_070,555-0070
001T700001v5s6nIAA,New York,US,NY,Technology,QWIL_NMtgzxFr_Acct_071,555-0071
001T700001v5s6oIAA,Chicago,US,IL,Technology,QWIL_NMtgzxFr_Acct_072,555-0072
001T700001v5s6pIAA,Austin,US,TX,Technology,QWIL_NMtgzxFr_Acct_073,555-0073
001T700001v5s6qIAA,Seattle,US,WA,Technology,QWIL_NMtgzxFr_Acct_074,555-0074
001T700001v5s6rIAA,San Francisco,US,CA,Technology,QWIL_NMtgzxFr_Acct_075,555-0075
001T700001v5s6sIAA,New York,US,NY,Technology,QWIL_NMtgzxFr_Acct_076,555-0076
001T700001v5s6tIAA,Chicago,US,IL,Technology,QWIL_NMtgzxFr_Acct_077,555-0077
001T700001v5s6uIAA,Austin,US,TX,Technology,QWIL_NMtgzxFr_Acct_078,555-0078
001T700001v5s6vIAA,Seattle,US,WA,Technology,QWIL_NMtgzxFr_Acct_079,555-0079
001T700001v5s6wIAA,San Francisco,US,CA,Technology,QWIL_NMtgzxFr_Acct_080,555-0080
001T700001v5ssrIAA,New York,US,NY,Technology,QWIL_taO7LGzc_Acct_001,555-0001
001T700001v5sssIAA,Chicago,US,IL,Technology,QWIL_taO7LGzc_Acct_002,555-0002
001T700001v5sstIAA,Austin,US,TX,Technology,QWIL_taO7LGzc_Acct_003,555-0003
001T700001v5ssuIAA,Seattle,US,WA,Technology,QWIL_taO7LGzc_Acct_004,555-0004
001T700001v5ssvIAA,San Francisco,US,CA,Technology,QWIL_taO7LGzc_Acct_005,555-0005
001T700001v5sswIAA,New York,US,NY,Technology,QWIL_taO7LGzc_Acct_006,555-0006
001T700001v5ssxIAA,Chicago,US,IL,Technology,QWIL_taO7LGzc_Acct_007,555-0007
001T700001v5ssyIAA,Austin,US,TX,Technology,QWIL_taO7LGzc_Acct_008,555-0008
001T700001v5sszIAA,Seattle,US,WA,Technology,QWIL_taO7LGzc_Acct_009,555-0009
001T700001v5st0IAA,San Francisco,US,CA,Technology,QWIL_taO7LGzc_Acct_010,555-0010
001T700001v5st1IAA,New York,US,NY,Technology,QWIL_taO7LGzc_Acct_011,555-0011
001T700001v5st2IAA,Chicago,US,IL,Technology,QWIL_taO7LGzc_Acct_012,555-0012
001T700001v5st3IAA,Austin,US,TX,Technology,QWIL_taO7LGzc_Acct_013,555-0013
001T700001v5st4IAA,Seattle,US,WA,Technology,QWIL_taO7LGzc_Acct_014,555-0014
001T700001v5st5IAA,San Francisco,US,CA,Technology,QWIL_taO7LGzc_Acct_015,555-0015
001T700001v5st6IAA,New York,US,NY,Technology,QWIL_taO7LGzc_Acct_016,555-0016
001T700001v5st7IAA,Chicago,US,IL,Technology,QWIL_taO7LGzc_Acct_017,555-0017
001T700001v5st8IAA,Austin,US,TX,Technology,QWIL_taO7LGzc_Acct_018,555-0018
001T700001v5st9IAA,Seattle,US,WA,Technology,QWIL_taO7LGzc_Acct_019,555-0019
001T700001v5stAIAQ,San Francisco,US,CA,Technology,QWIL_taO7LGzc_Acct_020,555-0020
001T700001v5stBIAQ,New York,US,NY,Technology,QWIL_taO7LGzc_Acct_021,555-0021
001T700001v5stCIAQ,Chicago,US,IL,Technology,QWIL_taO7LGzc_Acct_022,555-0022
001T700001v5stDIAQ,Austin,US,TX,Technology,QWIL_taO7LGzc_Acct_023,555-0023
001T700001v5stEIAQ,Seattle,US,WA,Technology,QWIL_taO7LGzc_Acct_024,555-0024
001T700001v5stFIAQ,San Francisco,US,CA,Technology,QWIL_taO7LGzc_Acct_025,555-0025
001T700001v5stGIAQ,New York,US,NY,Technology,QWIL_taO7LGzc_Acct_026,555-0026
001T700001v5stHIAQ,Chicago,US,IL,Technology,QWIL_taO7LGzc_Acct_027,555-0027
001T700001v5stIIAQ,Austin,US,TX,Technology,QWIL_taO7LGzc_Acct_028,555-0028
001T700001v5stJIAQ,Seattle,US,WA,Technology,QWIL_taO7LGzc_Acct_029,555-0029
001T700001v5stKIAQ,San Francisco,US,CA,Technology,QWIL_taO7LGzc_Acct_030,555-0030
001T700001v5stLIAQ,New York,US,NY,Technology,QWIL_taO7LGzc_Acct_031,555-0031
001T700001v5stMIAQ,Chicago,US,IL,Technology,QWIL_taO7LGzc_Acct_032,555-0032
001T700001v5stNIAQ,Austin,US,TX,Technology,QWIL_taO7LGzc_Acct_033,555-0033
001T700001v5stOIAQ,Seattle,US,WA,Technology,QWIL_taO7LGzc_Acct_034,555-0034
001T700001v5stPIAQ,San Francisco,US,CA,Technology,QWIL_taO7LGzc_Acct_035,555-0035
001T700001v5stQIAQ,New York,US,NY,Technology,QWIL_taO7LGzc_Acct_036,555-0036
001T700001v5stRIAQ,Chicago,US,IL,Technology,QWIL_taO7LGzc_Acct_037,555-0037
001T700001v5stSIAQ,Austin,US,TX,Technology,QWIL_taO7LGzc_Acct_038,555-0038
001T700001v5stTIAQ,Seattle,US,WA,Technology,QWIL_taO7LGzc_Acct_039,555-0039
001T700001v5stUIAQ,San Francisco,US,CA,Technology,QWIL_taO7LGzc_Acct_040,555-0040
001T700001v5stVIAQ,New York,US,NY,Technology,QWIL_taO7LGzc_Acct_041,555-0041
001T700001v5stWIAQ,Chicago,US,IL,Technology,QWIL_taO7LGzc_Acct_042,555-0042
001T700001v5stXIAQ,Austin,US,TX,Technology,QWIL_taO7LGzc_Acct_043,555-0043
001T700001v5stYIAQ,Seattle,US,WA,Technology,QWIL_taO7LGzc_Acct_044,555-0044
001T700001v5stZIAQ,San Francisco,US,CA,Technology,QWIL_taO7LGzc_Acct_045,555-0045
001T700001v5staIAA,New York,US,NY,Technology,QWIL_taO7LGzc_Acct_046,555-0046
001T700001v5stbIAA,Chicago,US,IL,Technology,QWIL_taO7LGzc_Acct_047,555-0047
001T700001v5stcIAA,Austin,US,TX,Technology,QWIL_taO7LGzc_Acct_048,555-0048
001T700001v5stdIAA,Seattle,US,WA,Technology,QWIL_taO7LGzc_Acct_049,555-0049
001T700001v5steIAA,San Francisco,US,CA,Technology,QWIL_taO7LGzc_Acct_050,555-0050
001T700001v5suTIAQ,New York,US,NY,Technology,QWIL_taO7LGzc_Acct_051,555-0051
001T700001v5suUIAQ,Chicago,US,IL,Technology,QWIL_taO7LGzc_Acct_052,555-0052
001T700001v5suVIAQ,Austin,US,TX,Technology,QWIL_taO7LGzc_Acct_053,555-0053
001T700001v5suWIAQ,Seattle,US,WA,Technology,QWIL_taO7LGzc_Acct_054,555-0054
001T700001v5suXIAQ,San Francisco,US,CA,Technology,QWIL_taO7LGzc_Acct_055,555-0055
001T700001v5suYIAQ,New York,US,NY,Technology,QWIL_taO7LGzc_Acct_056,555-0056
001T700001v5suZIAQ,Chicago,US,IL,Technology,QWIL_taO7LGzc_Acct_057,555-0057
001T700001v5suaIAA,Austin,US,TX,Technology,QWIL_taO7LGzc_Acct_058,555-0058
001T700001v5subIAA,Seattle,US,WA,Technology,QWIL_taO7LGzc_Acct_059,555-0059
001T700001v5sucIAA,San Francisco,US,CA,Technology,QWIL_taO7LGzc_Acct_060,555-0060
001T700001v5sudIAA,New York,US,NY,Technology,QWIL_taO7LGzc_Acct_061,555-0061
001T700001v5sueIAA,Chicago,US,IL,Technology,QWIL_taO7LGzc_Acct_062,555-0062
001T700001v5sufIAA,Austin,US,TX,Technology,QWIL_taO7LGzc_Acct_063,555-0063
001T700001v5sugIAA,Seattle,US,WA,Technology,QWIL_taO7LGzc_Acct_064,555-0064
001T700001v5suhIAA,San Francisco,US,CA,Technology,QWIL_taO7LGzc_Acct_065,555-0065
001T700001v5suiIAA,New York,US,NY,Technology,QWIL_taO7LGzc_Acct_066,555-0066
001T700001v5sujIAA,Chicago,US,IL,Technology,QWIL_taO7LGzc_Acct_067,555-0067
001T700001v5sukIAA,Austin,US,TX,Technology,QWIL_taO7LGzc_Acct_068,555-0068
001T700001v5sulIAA,Seattle,US,WA,Technology,QWIL_taO7LGzc_Acct_069,555-0069
001T700001v5sumIAA,San Francisco,US,CA,Technology,QWIL_taO7LGzc_Acct_070,555-0070
001T700001v5sunIAA,New York,US,NY,Technology,QWIL_taO7LGzc_Acct_071,555-0071
001T700001v5suoIAA,Chicago,US,IL,Technology,QWIL_taO7LGzc_Acct_072,555-0072
001T700001v5supIAA,Austin,US,TX,Technology,QWIL_taO7LGzc_Acct_073,555-0073
001T700001v5suqIAA,Seattle,US,WA,Technology,QWIL_taO7LGzc_Acct_074,555-0074
001T700001v5surIAA,San Francisco,US,CA,Technology,QWIL_taO7LGzc_Acct_075,555-0075
001T700001v5susIAA,New York,US,NY,Technology,QWIL_taO7LGzc_Acct_076,555-0076
001T700001v5sutIAA,Chicago,US,IL,Technology,QWIL_taO7LGzc_Acct_077,555-0077
001T700001v5suuIAA,Austin,US,TX,Technology,QWIL_taO7LGzc_Acct_078,555-0078
001T700001v5suvIAA,Seattle,US,WA,Technology,QWIL_taO7LGzc_Acct_079,555-0079
001T700001v5suwIAA,San Francisco,US,CA,Technology,QWIL_taO7LGzc_Acct_080,555-0080
001T700001v5to7IAA,New York,US,NY,Technology,QWIL_v15dOmzn_Acct_001,555-0001
001T700001v5to8IAA,Chicago,US,IL,Technology,QWIL_v15dOmzn_Acct_002,555-0002
001T700001v5to9IAA,Austin,US,TX,Technology,QWIL_v15dOmzn_Acct_003,555-0003
001T700001v5toAIAQ,Seattle,US,WA,Technology,QWIL_v15dOmzn_Acct_004,555-0004
001T700001v5toBIAQ,San Francisco,US,CA,Technology,QWIL_v15dOmzn_Acct_005,555-0005
001T700001v5toCIAQ,New York,US,NY,Technology,QWIL_v15dOmzn_Acct_006,555-0006
001T700001v5toDIAQ,Chicago,US,IL,Technology,QWIL_v15dOmzn_Acct_007,555-0007
001T700001v5toEIAQ,Austin,US,TX,Technology,QWIL_v15dOmzn_Acct_008,555-0008
001T700001v5toFIAQ,Seattle,US,WA,Technology,QWIL_v15dOmzn_Acct_009,555-0009
001T700001v5toGIAQ,San Francisco,US,CA,Technology,QWIL_v15dOmzn_Acct_010,555-0010
001T700001v5toHIAQ,New York,US,NY,Technology,QWIL_v15dOmzn_Acct_011,555-0011
001T700001v5toIIAQ,Chicago,US,IL,Technology,QWIL_v15dOmzn_Acct_012,555-0012
001T700001v5toJIAQ,Austin,US,TX,Technology,QWIL_v15dOmzn_Acct_013,555-0013
001T700001v5toKIAQ,Seattle,US,WA,Technology,QWIL_v15dOmzn_Acct_014,555-0014
001T700001v5toLIAQ,San Francisco,US,CA,Technology,QWIL_v15dOmzn_Acct_015,555-0015
001T700001v5toMIAQ,New York,US,NY,Technology,QWIL_v15dOmzn_Acct_016,555-0016
001T700001v5toNIAQ,Chicago,US,IL,Technology,QWIL_v15dOmzn_Acct_017,555-0017
001T700001v5toOIAQ,Austin,US,TX,Technology,QWIL_v15dOmzn_Acct_018,555-0018
001T700001v5toPIAQ,Seattle,US,WA,Technology,QWIL_v15dOmzn_Acct_019,555-0019
001T700001v5toQIAQ,San Francisco,US,CA,Technology,QWIL_v15dOmzn_Acct_020,555-0020
001T700001v5toRIAQ,New York,US,NY,Technology,QWIL_v15dOmzn_Acct_021,555-0021
001T700001v5toSIAQ,Chicago,US,IL,Technology,QWIL_v15dOmzn_Acct_022,555-0022
001T700001v5toTIAQ,Austin,US,TX,Technology,QWIL_v15dOmzn_Acct_023,555-0023
001T700001v5toUIAQ,Seattle,US,WA,Technology,QWIL_v15dOmzn_Acct_024,555-0024
001T700001v5toVIAQ,San Francisco,US,CA,Technology,QWIL_v15dOmzn_Acct_025,555-0025
001T700001v5toWIAQ,New York,US,NY,Technology,QWIL_v15dOmzn_Acct_026,555-0026
001T700001v5toXIAQ,Chicago,US,IL,Technology,QWIL_v15dOmzn_Acct_027,555-0027
001T700001v5toYIAQ,Austin,US,TX,Technology,QWIL_v15dOmzn_Acct_028,555-0028
001T700001v5toZIAQ,Seattle,US,WA,Technology,QWIL_v15dOmzn_Acct_029,555-0029
001T700001v5toaIAA,San Francisco,US,CA,Technology,QWIL_v15dOmzn_Acct_030,555-0030
001T700001v5tobIAA,New York,US,NY,Technology,QWIL_v15dOmzn_Acct_031,555-0031
001T700001v5tocIAA,Chicago,US,IL,Technology,QWIL_v15dOmzn_Acct_032,555-0032
001T700001v5todIAA,Austin,US,TX,Technology,QWIL_v15dOmzn_Acct_033,555-0033
001T700001v5toeIAA,Seattle,US,WA,Technology,QWIL_v15dOmzn_Acct_034,555-0034
001T700001v5tofIAA,San Francisco,US,CA,Technology,QWIL_v15dOmzn_Acct_035,555-0035
001T700001v5togIAA,New York,US,NY,Technology,QWIL_v15dOmzn_Acct_036,555-0036
001T700001v5tohIAA,Chicago,US,IL,Technology,QWIL_v15dOmzn_Acct_037,555-0037
001T700001v5toiIAA,Austin,US,TX,Technology,QWIL_v15dOmzn_Acct_038,555-0038
001T700001v5tojIAA,Seattle,US,WA,Technology,QWIL_v15dOmzn_Acct_039,555-0039
001T700001v5tokIAA,San Francisco,US,CA,Technology,QWIL_v15dOmzn_Acct_040,555-0040
001T700001v5tolIAA,New York,US,NY,Technology,QWIL_v15dOmzn_Acct_041,555-0041
001T700001v5tomIAA,Chicago,US,IL,Technology,QWIL_v15dOmzn_Acct_042,555-0042
001T700001v5tonIAA,Austin,US,TX,Technology,QWIL_v15dOmzn_Acct_043,555-0043
001T700001v5tooIAA,Seattle,US,WA,Technology,QWIL_v15dOmzn_Acct_044,555-0044
001T700001v5topIAA,San Francisco,US,CA,Technology,QWIL_v15dOmzn_Acct_045,555-0045
001T700001v5toqIAA,New York,US,NY,Technology,QWIL_v15dOmzn_Acct_046,555-0046
001T700001v5torIAA,Chicago,US,IL,Technology,QWIL_v15dOmzn_Acct_047,555-0047
001T700001v5tosIAA,Austin,US,TX,Technology,QWIL_v15dOmzn_Acct_048,555-0048
001T700001v5totIAA,Seattle,US,WA,Technology,QWIL_v15dOmzn_Acct_049,555-0049
001T700001v5touIAA,San Francisco,US,CA,Technology,QWIL_v15dOmzn_Acct_050,555-0050
001T700001v5tqXIAQ,New York,US,NY,Technology,QWIL_KA61rRdA_Acct_001,555-0001
001T700001v5tqYIAQ,Chicago,US,IL,Technology,QWIL_KA61rRdA_Acct_002,555-0002
001T700001v5tqZIAQ,Austin,US,TX,Technology,QWIL_KA61rRdA_Acct_003,555-0003
001T700001v5tqaIAA,Seattle,US,WA,Technology,QWIL_KA61rRdA_Acct_004,555-0004
001T700001v5tqbIAA,San Francisco,US,CA,Technology,QWIL_KA61rRdA_Acct_005,555-0005
001T700001v5tqcIAA,New York,US,NY,Technology,QWIL_KA61rRdA_Acct_006,555-0006
001T700001v5tqdIAA,Chicago,US,IL,Technology,QWIL_KA61rRdA_Acct_007,555-0007
001T700001v5tqeIAA,Austin,US,TX,Technology,QWIL_KA61rRdA_Acct_008,555-0008
001T700001v5tqfIAA,Seattle,US,WA,Technology,QWIL_KA61rRdA_Acct_009,555-0009
001T700001v5tqgIAA,San Francisco,US,CA,Technology,QWIL_KA61rRdA_Acct_010,555-0010
001T700001v5tqhIAA,New York,US,NY,Technology,QWIL_KA61rRdA_Acct_011,555-0011
001T700001v5tqiIAA,Chicago,US,IL,Technology,QWIL_KA61rRdA_Acct_012,555-0012
001T700001v5tqjIAA,Austin,US,TX,Technology,QWIL_KA61rRdA_Acct_013,555-0013
001T700001v5tqkIAA,Seattle,US,WA,Technology,QWIL_KA61rRdA_Acct_014,555-0014
001T700001v5tqlIAA,San Francisco,US,CA,Technology,QWIL_KA61rRdA_Acct_015,555-0015
001T700001v5tqmIAA,New York,US,NY,Technology,QWIL_KA61rRdA_Acct_016,555-0016
001T700001v5tqnIAA,Chicago,US,IL,Technology,QWIL_KA61rRdA_Acct_017,555-0017
001T700001v5tqoIAA,Austin,US,TX,Technology,QWIL_KA61rRdA_Acct_018,555-0018
001T700001v5tqpIAA,Seattle,US,WA,Technology,QWIL_KA61rRdA_Acct_019,555-0019
001T700001v5tqqIAA,San Francisco,US,CA,Technology,QWIL_KA61rRdA_Acct_020,555-0020
001T700001v5tqrIAA,New York,US,NY,Technology,QWIL_KA61rRdA_Acct_021,555-0021
001T700001v5tqsIAA,Chicago,US,IL,Technology,QWIL_KA61rRdA_Acct_022,555-0022
001T700001v5tqtIAA,Austin,US,TX,Technology,QWIL_KA61rRdA_Acct_023,555-0023
001T700001v5tquIAA,Seattle,US,WA,Technology,QWIL_KA61rRdA_Acct_024,555-0024
001T700001v5tqvIAA,San Francisco,US,CA,Technology,QWIL_KA61rRdA_Acct_025,555-0025
001T700001v5tqwIAA,New York,US,NY,Technology,QWIL_KA61rRdA_Acct_026,555-0026
001T700001v5tqxIAA,Chicago,US,IL,Technology,QWIL_KA61rRdA_Acct_027,555-0027
001T700001v5tqyIAA,Austin,US,TX,Technology,QWIL_KA61rRdA_Acct_028,555-0028
001T700001v5tqzIAA,Seattle,US,WA,Technology,QWIL_KA61rRdA_Acct_029,555-0029
001T700001v5tr0IAA,San Francisco,US,CA,Technology,QWIL_KA61rRdA_Acct_030,555-0030
001T700001v5tr1IAA,New York,US,NY,Technology,QWIL_KA61rRdA_Acct_031,555-0031
001T700001v5tr2IAA,Chicago,US,IL,Technology,QWIL_KA61rRdA_Acct_032,555-0032
001T700001v5tr3IAA,Austin,US,TX,Technology,QWIL_KA61rRdA_Acct_033,555-0033
001T700001v5tr4IAA,Seattle,US,WA,Technology,QWIL_KA61rRdA_Acct_034,555-0034
001T700001v5tr5IAA,San Francisco,US,CA,Technology,QWIL_KA61rRdA_Acct_035,555-0035
001T700001v5tr6IAA,New York,US,NY,Technology,QWIL_KA61rRdA_Acct_036,555-0036
001T700001v5tr7IAA,Chicago,US,IL,Technology,QWIL_KA61rRdA_Acct_037,555-0037
001T700001v5tr8IAA,Austin,US,TX,Technology,QWIL_KA61rRdA_Acct_038,555-0038
001T700001v5tr9IAA,Seattle,US,WA,Technology,QWIL_KA61rRdA_Acct_039,555-0039
001T700001v5trAIAQ,San Francisco,US,CA,Technology,QWIL_KA61rRdA_Acct_040,555-0040
001T700001v5trBIAQ,New York,US,NY,Technology,QWIL_KA61rRdA_Acct_041,555-0041
001T700001v5trCIAQ,Chicago,US,IL,Technology,QWIL_KA61rRdA_Acct_042,555-0042
001T700001v5trDIAQ,Austin,US,TX,Technology,QWIL_KA61rRdA_Acct_043,555-0043
001T700001v5trEIAQ,Seattle,US,WA,Technology,QWIL_KA61rRdA_Acct_044,555-0044
001T700001v5trFIAQ,San Francisco,US,CA,Technology,QWIL_KA61rRdA_Acct_045,555-0045
001T700001v5trGIAQ,New York,US,NY,Technology,QWIL_KA61rRdA_Acct_046,555-0046
001T700001v5trHIAQ,Chicago,US,IL,Technology,QWIL_KA61rRdA_Acct_047,555-0047
001T700001v5trIIAQ,Austin,US,TX,Technology,QWIL_KA61rRdA_Acct_048,555-0048
001T700001v5trJIAQ,Seattle,US,WA,Technology,QWIL_KA61rRdA_Acct_049,555-0049
001T700001v5trKIAQ,San Francisco,US,CA,Technology,QWIL_KA61rRdA_Acct_050,555-0050
001T700001v5ts9IAA,New York,US,NY,Technology,QWIL_KA61rRdA_Acct_051,555-0051
001T700001v5tsAIAQ,Chicago,US,IL,Technology,QWIL_KA61rRdA_Acct_052,555-0052
001T700001v5tsBIAQ,Austin,US,TX,Technology,QWIL_KA61rRdA_Acct_053,555-0053
001T700001v5tsCIAQ,Seattle,US,WA,Technology,QWIL_KA61rRdA_Acct_054,555-0054
001T700001v5tsDIAQ,San Francisco,US,CA,Technology,QWIL_KA61rRdA_Acct_055,555-0055
001T700001v5tsEIAQ,New York,US,NY,Technology,QWIL_KA61rRdA_Acct_056,555-0056
001T700001v5tsFIAQ,Chicago,US,IL,Technology,QWIL_KA61rRdA_Acct_057,555-0057
001T700001v5tsGIAQ,Austin,US,TX,Technology,QWIL_KA61rRdA_Acct_058,555-0058
001T700001v5tsHIAQ,Seattle,US,WA,Technology,QWIL_KA61rRdA_Acct_059,555-0059
001T700001v5tsIIAQ,San Francisco,US,CA,Technology,QWIL_KA61rRdA_Acct_060,555-0060
001T700001v5tsJIAQ,New York,US,NY,Technology,QWIL_KA61rRdA_Acct_061,555-0061
001T700001v5tsKIAQ,Chicago,US,IL,Technology,QWIL_KA61rRdA_Acct_062,555-0062
001T700001v5tsLIAQ,Austin,US,TX,Technology,QWIL_KA61rRdA_Acct_063,555-0063
001T700001v5tsMIAQ,Seattle,US,WA,Technology,QWIL_KA61rRdA_Acct_064,555-0064
001T700001v5tsNIAQ,San Francisco,US,CA,Technology,QWIL_KA61rRdA_Acct_065,555-0065
001T700001v5tsOIAQ,New York,US,NY,Technology,QWIL_KA61rRdA_Acct_066,555-0066
001T700001v5tsPIAQ,Chicago,US,IL,Technology,QWIL_KA61rRdA_Acct_067,555-0067
001T700001v5tsQIAQ,Austin,US,TX,Technology,QWIL_KA61rRdA_Acct_068,555-0068
001T700001v5tsRIAQ,Seattle,US,WA,Technology,QWIL_KA61rRdA_Acct_069,555-0069
001T700001v5tsSIAQ,San Francisco,US,CA,Technology,QWIL_KA61rRdA_Acct_070,555-0070
001T700001v5tsTIAQ,New York,US,NY,Technology,QWIL_KA61rRdA_Acct_071,555-0071
001T700001v5tsUIAQ,Chicago,US,IL,Technology,QWIL_KA61rRdA_Acct_072,555-0072
001T700001v5tsVIAQ,Austin,US,TX,Technology,QWIL_KA61rRdA_Acct_073,555-0073
001T700001v5tsWIAQ,Seattle,US,WA,Technology,QWIL_KA61rRdA_Acct_074,555-0074
001T700001v5tsXIAQ,San Francisco,US,CA,Technology,QWIL_KA61rRdA_Acct_075,555-0075
001T700001v5tsYIAQ,New York,US,NY,Technology,QWIL_KA61rRdA_Acct_076,555-0076
001T700001v5tsZIAQ,Chicago,US,IL,Technology,QWIL_KA61rRdA_Acct_077,555-0077
001T700001v5tsaIAA,Austin,US,TX,Technology,QWIL_KA61rRdA_Acct_078,555-0078
001T700001v5tsbIAA,Seattle,US,WA,Technology,QWIL_KA61rRdA_Acct_079,555-0079
001T700001v5tscIAA,San Francisco,US,CA,Technology,QWIL_KA61rRdA_Acct_080,555-0080
001T700001v5uppIAA,New York,US,NY,Technology,QWIL_Os89ge0M_Acct_051,555-0051
001T700001v5upqIAA,Chicago,US,IL,Technology,QWIL_Os89ge0M_Acct_052,555-0052
001T700001v5uprIAA,Austin,US,TX,Technology,QWIL_Os89ge0M_Acct_053,555-0053
001T700001v5upsIAA,Seattle,US,WA,Technology,QWIL_Os89ge0M_Acct_054,555-0054
001T700001v5uptIAA,San Francisco,US,CA,Technology,QWIL_Os89ge0M_Acct_055,555-0055
001T700001v5upuIAA,New York,US,NY,Technology,QWIL_Os89ge0M_Acct_056,555-0056
001T700001v5upvIAA,Chicago,US,IL,Technology,QWIL_Os89ge0M_Acct_057,555-0057
001T700001v5upwIAA,Austin,US,TX,Technology,QWIL_Os89ge0M_Acct_058,555-0058
001T700001v5upxIAA,Seattle,US,WA,Technology,QWIL_Os89ge0M_Acct_059,555-0059
001T700001v5upyIAA,San Francisco,US,CA,Technology,QWIL_Os89ge0M_Acct_060,555-0060
001T700001v5upzIAA,New York,US,NY,Technology,QWIL_Os89ge0M_Acct_061,555-0061
001T700001v5uq0IAA,Chicago,US,IL,Technology,QWIL_Os89ge0M_Acct_062,555-0062
001T700001v5uq1IAA,Austin,US,TX,Technology,QWIL_Os89ge0M_Acct_063,555-0063
001T700001v5uq2IAA,Seattle,US,WA,Technology,QWIL_Os89ge0M_Acct_064,555-0064
001T700001v5uq3IAA,San Francisco,US,CA,Technology,QWIL_Os89ge0M_Acct_065,555-0065
001T700001v5uq4IAA,New York,US,NY,Technology,QWIL_Os89ge0M_Acct_066,555-0066
001T700001v5uq5IAA,Chicago,US,IL,Technology,QWIL_Os89ge0M_Acct_067,555-0067
001T700001v5uq6IAA,Austin,US,TX,Technology,QWIL_Os89ge0M_Acct_068,555-0068
001T700001v5uq7IAA,Seattle,US,WA,Technology,QWIL_Os89ge0M_Acct_069,555-0069
001T700001v5uq8IAA,San Francisco,US,CA,Technology,QWIL_Os89ge0M_Acct_070,555-0070
001T700001v5uq9IAA,New York,US,NY,Technology,QWIL_Os89ge0M_Acct_071,555-0071
001T700001v5uqAIAQ,Chicago,US,IL,Technology,QWIL_Os89ge0M_Acct_072,555-0072
001T700001v5uqBIAQ,Austin,US,TX,Technology,QWIL_Os89ge0M_Acct_073,555-0073
001T700001v5uqCIAQ,Seattle,US,WA,Technology,QWIL_Os89ge0M_Acct_074,555-0074
001T700001v5uqDIAQ,San Francisco,US,CA,Technology,QWIL_Os89ge0M_Acct_075,555-0075
001T700001v5uqEIAQ,New York,US,NY,Technology,QWIL_Os89ge0M_Acct_076,555-0076
001T700001v5uqFIAQ,Chicago,US,IL,Technology,QWIL_Os89ge0M_Acct_077,555-0077
001T700001v5uqGIAQ,Austin,US,TX,Technology,QWIL_Os89ge0M_Acct_078,555-0078
001T700001v5uqHIAQ,Seattle,US,WA,Technology,QWIL_Os89ge0M_Acct_079,555-0079
001T700001v5uqIIAQ,San Francisco,US,CA,Technology,QWIL_Os89ge0M_Acct_080,555-0080
001T700001v5vSXIAY,New York,US,NY,Technology,QWIL_v15dOmzn_Acct_051,555-0051
001T700001v5vSYIAY,Chicago,US,IL,Technology,QWIL_v15dOmzn_Acct_052,555-0052
001T700001v5vSZIAY,Austin,US,TX,Technology,QWIL_v15dOmzn_Acct_053,555-0053
001T700001v5vSaIAI,Seattle,US,WA,Technology,QWIL_v15dOmzn_Acct_054,555-0054
001T700001v5vSbIAI,San Francisco,US,CA,Technology,QWIL_v15dOmzn_Acct_055,555-0055
001T700001v5vScIAI,New York,US,NY,Technology,QWIL_v15dOmzn_Acct_056,555-0056
001T700001v5vSdIAI,Chicago,US,IL,Technology,QWIL_v15dOmzn_Acct_057,555-0057
001T700001v5vSeIAI,Austin,US,TX,Technology,QWIL_v15dOmzn_Acct_058,555-0058
001T700001v5vSfIAI,Seattle,US,WA,Technology,QWIL_v15dOmzn_Acct_059,555-0059
001T700001v5vSgIAI,San Francisco,US,CA,Technology,QWIL_v15dOmzn_Acct_060,555-0060
001T700001v5vShIAI,New York,US,NY,Technology,QWIL_v15dOmzn_Acct_061,555-0061
001T700001v5vSiIAI,Chicago,US,IL,Technology,QWIL_v15dOmzn_Acct_062,555-0062
001T700001v5vSjIAI,Austin,US,TX,Technology,QWIL_v15dOmzn_Acct_063,555-0063
001T700001v5vSkIAI,Seattle,US,WA,Technology,QWIL_v15dOmzn_Acct_064,555-0064
001T700001v5vSlIAI,San Francisco,US,CA,Technology,QWIL_v15dOmzn_Acct_065,555-0065
001T700001v5vSmIAI,New York,US,NY,Technology,QWIL_v15dOmzn_Acct_066,555-0066
001T700001v5vSnIAI,Chicago,US,IL,Technology,QWIL_v15dOmzn_Acct_067,555-0067
001T700001v5vSoIAI,Austin,US,TX,Technology,QWIL_v15dOmzn_Acct_068,555-0068
001T700001v5vSpIAI,Seattle,US,WA,Technology,QWIL_v15dOmzn_Acct_069,555-0069
001T700001v5vSqIAI,San Francisco,US,CA,Technology,QWIL_v15dOmzn_Acct_070,555-0070
001T700001v5vSrIAI,New York,US,NY,Technology,QWIL_v15dOmzn_Acct_071,555-0071
001T700001v5vSsIAI,Chicago,US,IL,Technology,QWIL_v15dOmzn_Acct_072,555-0072
001T700001v5vStIAI,Austin,US,TX,Technology,QWIL_v15dOmzn_Acct_073,555-0073
001T700001v5vSuIAI,Seattle,US,WA,Technology,QWIL_v15dOmzn_Acct_074,555-0074
001T700001v5vSvIAI,San Francisco,US,CA,Technology,QWIL_v15dOmzn_Acct_075,555-0075
001T700001v5vSwIAI,New York,US,NY,Technology,QWIL_v15dOmzn_Acct_076,555-0076
001T700001v5vSxIAI,Chicago,US,IL,Technology,QWIL_v15dOmzn_Acct_077,555-0077
001T700001v5vSyIAI,Austin,US,TX,Technology,QWIL_v15dOmzn_Acct_078,555-0078
001T700001v5vSzIAI,Seattle,US,WA,Technology,QWIL_v15dOmzn_Acct_079,555-0079
001T700001v5vT0IAI,San Francisco,US,CA,Technology,QWIL_v15dOmzn_Acct_080,555-0080
001T700001wUE8JIAW,New York,US,NY,Technology,QWIL_BWQURCrb_Acct_001,555-0001
001T700001wUE8KIAW,Chicago,US,IL,Technology,QWIL_BWQURCrb_Acct_002,555-0002
001T700001wUE8LIAW,Austin,US,TX,Technology,QWIL_BWQURCrb_Acct_003,555-0003
001T700001wUE8MIAW,Seattle,US,WA,Technology,QWIL_BWQURCrb_Acct_004,555-0004
001T700001wUE8NIAW,San Francisco,US,CA,Technology,QWIL_BWQURCrb_Acct_005,555-0005
001T700001wUE8OIAW,New York,US,NY,Technology,QWIL_BWQURCrb_Acct_006,555-0006
001T700001wUE8PIAW,Chicago,US,IL,Technology,QWIL_BWQURCrb_Acct_007,555-0007
001T700001wUE8QIAW,Austin,US,TX,Technology,QWIL_BWQURCrb_Acct_008,555-0008
001T700001wUE8RIAW,Seattle,US,WA,Technology,QWIL_BWQURCrb_Acct_009,555-0009
001T700001wUE8SIAW,San Francisco,US,CA,Technology,QWIL_BWQURCrb_Acct_010,555-0010
001T700001wUE9HIAW,New York,US,NY,Technology,QWIL_O3sGvuNy_Acct_001,555-0001
001T700001wUE9IIAW,Chicago,US,IL,Technology,QWIL_O3sGvuNy_Acct_002,555-0002
001T700001wUE9JIAW,Austin,US,TX,Technology,QWIL_O3sGvuNy_Acct_003,555-0003
001T700001wUE9KIAW,Seattle,US,WA,Technology,QWIL_O3sGvuNy_Acct_004,555-0004
001T700001wUE9LIAW,San Francisco,US,CA,Technology,QWIL_O3sGvuNy_Acct_005,555-0005
001T700001wUE9MIAW,New York,US,NY,Technology,QWIL_O3sGvuNy_Acct_006,555-0006
001T700001wUE9NIAW,Chicago,US,IL,Technology,QWIL_O3sGvuNy_Acct_007,555-0007
001T700001wUE9OIAW,Austin,US,TX,Technology,QWIL_O3sGvuNy_Acct_008,555-0008
001T700001wUE9PIAW,Seattle,US,WA,Technology,QWIL_O3sGvuNy_Acct_009,555-0009
001T700001wUE9QIAW,San Francisco,US,CA,Technology,QWIL_O3sGvuNy_Acct_010,555-0010
001T700001wUE9RIAW,New York,US,NY,Technology,QWIL_O3sGvuNy_Acct_011,555-0011
001T700001wUE9SIAW,Chicago,US,IL,Technology,QWIL_O3sGvuNy_Acct_012,555-0012
001T700001wUE9TIAW,Austin,US,TX,Technology,QWIL_O3sGvuNy_Acct_013,555-0013
001T700001wUE9UIAW,Seattle,US,WA,Technology,QWIL_O3sGvuNy_Acct_014,555-0014
001T700001wUE9VIAW,San Francisco,US,CA,Technology,QWIL_O3sGvuNy_Acct_015,555-0015
001T700001wUE9WIAW,New York,US,NY,Technology,QWIL_O3sGvuNy_Acct_016,555-0016
001T700001wUE9XIAW,Chicago,US,IL,Technology,QWIL_O3sGvuNy_Acct_017,555-0017
001T700001wUE9YIAW,Austin,US,TX,Technology,QWIL_O3sGvuNy_Acct_018,555-0018
001T700001wUE9ZIAW,Seattle,US,WA,Technology,QWIL_O3sGvuNy_Acct_019,555-0019
001T700001wUE9aIAG,San Francisco,US,CA,Technology,QWIL_O3sGvuNy_Acct_020,555-0020
001T700001wUE9bIAG,New York,US,NY,Technology,QWIL_O3sGvuNy_Acct_021,555-0021
001T700001wUE9cIAG,Chicago,US,IL,Technology,QWIL_O3sGvuNy_Acct_022,555-0022
001T700001wUE9dIAG,Austin,US,TX,Technology,QWIL_O3sGvuNy_Acct_023,555-0023
001T700001wUE9eIAG,Seattle,US,WA,Technology,QWIL_O3sGvuNy_Acct_024,555-0024
001T700001wUE9fIAG,San Francisco,US,CA,Technology,QWIL_O3sGvuNy_Acct_025,555-0025
001T700001wUE9gIAG,New York,US,NY,Technology,QWIL_O3sGvuNy_Acct_026,555-0026
001T700001wUE9hIAG,Chicago,US,IL,Technology,QWIL_O3sGvuNy_Acct_027,555-0027
001T700001wUE9iIAG,Austin,US,TX,Technology,QWIL_O3sGvuNy_Acct_028,555-0028
001T700001wUE9jIAG,Seattle,US,WA,Technology,QWIL_O3sGvuNy_Acct_029,555-0029
001T700001wUE9kIAG,San Francisco,US,CA,Technology,QWIL_O3sGvuNy_Acct_030,555-0030
001T700001wUE9lIAG,New York,US,NY,Technology,QWIL_O3sGvuNy_Acct_031,555-0031
001T700001wUE9mIAG,Chicago,US,IL,Technology,QWIL_O3sGvuNy_Acct_032,555-0032
001T700001wUE9nIAG,Austin,US,TX,Technology,QWIL_O3sGvuNy_Acct_033,555-0033
001T700001wUE9oIAG,Seattle,US,WA,Technology,QWIL_O3sGvuNy_Acct_034,555-0034
001T700001wUE9pIAG,San Francisco,US,CA,Technology,QWIL_O3sGvuNy_Acct_035,555-0035
001T700001wUE9qIAG,New York,US,NY,Technology,QWIL_O3sGvuNy_Acct_036,555-0036
001T700001wUE9rIAG,Chicago,US,IL,Technology,QWIL_O3sGvuNy_Acct_037,555-0037
001T700001wUE9sIAG,Austin,US,TX,Technology,QWIL_O3sGvuNy_Acct_038,555-0038
001T700001wUE9tIAG,Seattle,US,WA,Technology,QWIL_O3sGvuNy_Acct_039,555-0039
001T700001wUE9uIAG,San Francisco,US,CA,Technology,QWIL_O3sGvuNy_Acct_040,555-0040
001T700001wUE9vIAG,New York,US,NY,Technology,QWIL_O3sGvuNy_Acct_041,555-0041
001T700001wUE9wIAG,Chicago,US,IL,Technology,QWIL_O3sGvuNy_Acct_042,555-0042
001T700001wUE9xIAG,Austin,US,TX,Technology,QWIL_O3sGvuNy_Acct_043,555-0043
001T700001wUE9yIAG,Seattle,US,WA,Technology,QWIL_O3sGvuNy_Acct_044,555-0044
001T700001wUE9zIAG,San Francisco,US,CA,Technology,QWIL_O3sGvuNy_Acct_045,555-0045
001T700001wUEA0IAO,New York,US,NY,Technology,QWIL_O3sGvuNy_Acct_046,555-0046
001T700001wUEA1IAO,Chicago,US,IL,Technology,QWIL_O3sGvuNy_Acct_047,555-0047
001T700001wUEA2IAO,Austin,US,TX,Technology,QWIL_O3sGvuNy_Acct_048,555-0048
001T700001wUEA3IAO,Seattle,US,WA,Technology,QWIL_O3sGvuNy_Acct_049,555-0049
001T700001wUEA4IAO,San Francisco,US,CA,Technology,QWIL_O3sGvuNy_Acct_050,555-0050
001T700001wUEKZIA4,New York,US,NY,Technology,QWIL_O3sGvuNy_Acct_051,555-0051
001T700001wUEKaIAO,Chicago,US,IL,Technology,QWIL_O3sGvuNy_Acct_052,555-0052
001T700001wUEKbIAO,Austin,US,TX,Technology,QWIL_O3sGvuNy_Acct_053,555-0053
001T700001wUEKcIAO,Seattle,US,WA,Technology,QWIL_O3sGvuNy_Acct_054,555-0054
001T700001wUEKdIAO,San Francisco,US,CA,Technology,QWIL_O3sGvuNy_Acct_055,555-0055
001T700001wUEKeIAO,New York,US,NY,Technology,QWIL_O3sGvuNy_Acct_056,555-0056
001T700001wUEKfIAO,Chicago,US,IL,Technology,QWIL_O3sGvuNy_Acct_057,555-0057
001T700001wUEKgIAO,Austin,US,TX,Technology,QWIL_O3sGvuNy_Acct_058,555-0058
001T700001wUEKhIAO,Seattle,US,WA,Technology,QWIL_O3sGvuNy_Acct_059,555-0059
001T700001wUEKiIAO,San Francisco,US,CA,Technology,QWIL_O3sGvuNy_Acct_060,555-0060
001T700001wUEKjIAO,New York,US,NY,Technology,QWIL_O3sGvuNy_Acct_061,555-0061
001T700001wUEKkIAO,Chicago,US,IL,Technology,QWIL_O3sGvuNy_Acct_062,555-0062
001T700001wUEKlIAO,Austin,US,TX,Technology,QWIL_O3sGvuNy_Acct_063,555-0063
001T700001wUEKmIAO,Seattle,US,WA,Technology,QWIL_O3sGvuNy_Acct_064,555-0064
001T700001wUEKnIAO,San Francisco,US,CA,Technology,QWIL_O3sGvuNy_Acct_065,555-0065
001T700001wUEKoIAO,New York,US,NY,Technology,QWIL_O3sGvuNy_Acct_066,555-0066
001T700001wUEKpIAO,Chicago,US,IL,Technology,QWIL_O3sGvuNy_Acct_067,555-0067
001T700001wUEKqIAO,Austin,US,TX,Technology,QWIL_O3sGvuNy_Acct_068,555-0068
001T700001wUEKrIAO,Seattle,US,WA,Technology,QWIL_O3sGvuNy_Acct_069,555-0069
001T700001wUEKsIAO,San Francisco,US,CA,Technology,QWIL_O3sGvuNy_Acct_070,555-0070
001T700001wUEKtIAO,New York,US,NY,Technology,QWIL_O3sGvuNy_Acct_071,555-0071
001T700001wUEKuIAO,Chicago,US,IL,Technology,QWIL_O3sGvuNy_Acct_072,555-0072
001T700001wUEKvIAO,Austin,US,TX,Technology,QWIL_O3sGvuNy_Acct_073,555-0073
001T700001wUEKwIAO,Seattle,US,WA,Technology,QWIL_O3sGvuNy_Acct_074,555-0074
001T700001wUEKxIAO,San Francisco,US,CA,Technology,QWIL_O3sGvuNy_Acct_075,555-0075
001T700001wUEKyIAO,New York,US,NY,Technology,QWIL_O3sGvuNy_Acct_076,555-0076
001T700001wUEKzIAO,Chicago,US,IL,Technology,QWIL_O3sGvuNy_Acct_077,555-0077
001T700001wUEL0IAO,Austin,US,TX,Technology,QWIL_O3sGvuNy_Acct_078,555-0078
001T700001wUEL1IAO,Seattle,US,WA,Technology,QWIL_O3sGvuNy_Acct_079,555-0079
001T700001wUEL2IAO,San Francisco,US,CA,Technology,QWIL_O3sGvuNy_Acct_080,555-0080
001T700001wUExwIAG,New York,US,NY,Technology,QWIL_goSj604M_Acct_001,555-0001
001T700001wUExxIAG,Chicago,US,IL,Technology,QWIL_goSj604M_Acct_002,555-0002
001T700001wUExyIAG,Austin,US,TX,Technology,QWIL_goSj604M_Acct_003,555-0003
001T700001wUExzIAG,Seattle,US,WA,Technology,QWIL_goSj604M_Acct_004,555-0004
001T700001wUEy0IAG,San Francisco,US,CA,Technology,QWIL_goSj604M_Acct_005,555-0005
001T700001wUEy1IAG,New York,US,NY,Technology,QWIL_goSj604M_Acct_006,555-0006
001T700001wUEy2IAG,Chicago,US,IL,Technology,QWIL_goSj604M_Acct_007,555-0007
001T700001wUEy3IAG,Austin,US,TX,Technology,QWIL_goSj604M_Acct_008,555-0008
001T700001wUEy4IAG,Seattle,US,WA,Technology,QWIL_goSj604M_Acct_009,555-0009
001T700001wUFHlIAO,New York,US,NY,Technology,QWIL_dqiw0dQR_Acct_001,555-0001
001T700001wUFHmIAO,Chicago,US,IL,Technology,QWIL_dqiw0dQR_Acct_002,555-0002
001T700001wUFHnIAO,Austin,US,TX,Technology,QWIL_dqiw0dQR_Acct_003,555-0003
001T700001wUFHoIAO,Seattle,US,WA,Technology,QWIL_dqiw0dQR_Acct_004,555-0004
001T700001wUFHpIAO,San Francisco,US,CA,Technology,QWIL_dqiw0dQR_Acct_005,555-0005
001T700001wUFHqIAO,New York,US,NY,Technology,QWIL_dqiw0dQR_Acct_006,555-0006
001T700001wUFHrIAO,Chicago,US,IL,Technology,QWIL_dqiw0dQR_Acct_007,555-0007
001T700001wUFHsIAO,Austin,US,TX,Technology,QWIL_dqiw0dQR_Acct_008,555-0008
001T700001wUFHtIAO,Seattle,US,WA,Technology,QWIL_dqiw0dQR_Acct_009,555-0009
001T700001wUFHuIAO,San Francisco,US,CA,Technology,QWIL_dqiw0dQR_Acct_010,555-0010
001T700001wUFHvIAO,New York,US,NY,Technology,QWIL_dqiw0dQR_Acct_011,555-0011
001T700001wUFHwIAO,Chicago,US,IL,Technology,QWIL_dqiw0dQR_Acct_012,555-0012
001T700001wUFHxIAO,Austin,US,TX,Technology,QWIL_dqiw0dQR_Acct_013,555-0013
001T700001wUFHyIAO,Seattle,US,WA,Technology,QWIL_dqiw0dQR_Acct_014,555-0014
001T700001wUFHzIAO,San Francisco,US,CA,Technology,QWIL_dqiw0dQR_Acct_015,555-0015
001T700001wUFI0IAO,New York,US,NY,Technology,QWIL_dqiw0dQR_Acct_016,555-0016
001T700001wUFI1IAO,Chicago,US,IL,Technology,QWIL_dqiw0dQR_Acct_017,555-0017
001T700001wUFI2IAO,Austin,US,TX,Technology,QWIL_dqiw0dQR_Acct_018,555-0018
001T700001wUFI3IAO,Seattle,US,WA,Technology,QWIL_dqiw0dQR_Acct_019,555-0019
001T700001wUFI4IAO,San Francisco,US,CA,Technology,QWIL_dqiw0dQR_Acct_020,555-0020
001T700001wUFI5IAO,New York,US,NY,Technology,QWIL_dqiw0dQR_Acct_021,555-0021
001T700001wUFI6IAO,Chicago,US,IL,Technology,QWIL_dqiw0dQR_Acct_022,555-0022
001T700001wUFI7IAO,Austin,US,TX,Technology,QWIL_dqiw0dQR_Acct_023,555-0023
001T700001wUFI8IAO,Seattle,US,WA,Technology,QWIL_dqiw0dQR_Acct_024,555-0024
001T700001wUFI9IAO,San Francisco,US,CA,Technology,QWIL_dqiw0dQR_Acct_025,555-0025
001T700001wUFIAIA4,New York,US,NY,Technology,QWIL_dqiw0dQR_Acct_026,555-0026
001T700001wUFIBIA4,Chicago,US,IL,Technology,QWIL_dqiw0dQR_Acct_027,555-0027
001T700001wUFICIA4,Austin,US,TX,Technology,QWIL_dqiw0dQR_Acct_028,555-0028
001T700001wUFIDIA4,Seattle,US,WA,Technology,QWIL_dqiw0dQR_Acct_029,555-0029
001T700001wUFIEIA4,San Francisco,US,CA,Technology,QWIL_dqiw0dQR_Acct_030,555-0030
001T700001wUFIFIA4,New York,US,NY,Technology,QWIL_dqiw0dQR_Acct_031,555-0031
001T700001wUFIGIA4,Chicago,US,IL,Technology,QWIL_dqiw0dQR_Acct_032,555-0032
001T700001wUFIHIA4,Austin,US,TX,Technology,QWIL_dqiw0dQR_Acct_033,555-0033
001T700001wUFIIIA4,Seattle,US,WA,Technology,QWIL_dqiw0dQR_Acct_034,555-0034
001T700001wUFIJIA4,San Francisco,US,CA,Technology,QWIL_dqiw0dQR_Acct_035,555-0035
001T700001wUFIKIA4,New York,US,NY,Technology,QWIL_dqiw0dQR_Acct_036,555-0036
001T700001wUFILIA4,Chicago,US,IL,Technology,QWIL_dqiw0dQR_Acct_037,555-0037
001T700001wUFIMIA4,Austin,US,TX,Technology,QWIL_dqiw0dQR_Acct_038,555-0038
001T700001wUFINIA4,Seattle,US,WA,Technology,QWIL_dqiw0dQR_Acct_039,555-0039
001T700001wUFIOIA4,San Francisco,US,CA,Technology,QWIL_dqiw0dQR_Acct_040,555-0040
001T700001wUFIPIA4,New York,US,NY,Technology,QWIL_dqiw0dQR_Acct_041,555-0041
001T700001wUFIQIA4,Chicago,US,IL,Technology,QWIL_dqiw0dQR_Acct_042,555-0042
001T700001wUFIRIA4,Austin,US,TX,Technology,QWIL_dqiw0dQR_Acct_043,555-0043
001T700001wUFISIA4,Seattle,US,WA,Technology,QWIL_dqiw0dQR_Acct_044,555-0044
001T700001wUFITIA4,San Francisco,US,CA,Technology,QWIL_dqiw0dQR_Acct_045,555-0045
001T700001wUFIUIA4,New York,US,NY,Technology,QWIL_dqiw0dQR_Acct_046,555-0046
001T700001wUFIVIA4,Chicago,US,IL,Technology,QWIL_dqiw0dQR_Acct_047,555-0047
001T700001wUFIWIA4,Austin,US,TX,Technology,QWIL_dqiw0dQR_Acct_048,555-0048
001T700001wUFIXIA4,Seattle,US,WA,Technology,QWIL_dqiw0dQR_Acct_049,555-0049
001T700001wUFIYIA4,San Francisco,US,CA,Technology,QWIL_dqiw0dQR_Acct_050,555-0050
001T700001wUFIZIA4,New York,US,NY,Technology,QWIL_dqiw0dQR_Acct_051,555-0051
001T700001wUFIaIAO,Chicago,US,IL,Technology,QWIL_dqiw0dQR_Acct_052,555-0052
001T700001wUFIbIAO,Austin,US,TX,Technology,QWIL_dqiw0dQR_Acct_053,555-0053
001T700001wUFIcIAO,Seattle,US,WA,Technology,QWIL_dqiw0dQR_Acct_054,555-0054
001T700001wUFIdIAO,San Francisco,US,CA,Technology,QWIL_dqiw0dQR_Acct_055,555-0055
001T700001wUFIeIAO,New York,US,NY,Technology,QWIL_dqiw0dQR_Acct_056,555-0056
001T700001wUFIfIAO,Chicago,US,IL,Technology,QWIL_dqiw0dQR_Acct_057,555-0057
001T700001wUFIgIAO,Austin,US,TX,Technology,QWIL_dqiw0dQR_Acct_058,555-0058
001T700001wUFIhIAO,Seattle,US,WA,Technology,QWIL_dqiw0dQR_Acct_059,555-0059
001T700001wUFIiIAO,San Francisco,US,CA,Technology,QWIL_dqiw0dQR_Acct_060,555-0060
001T700001wUFIjIAO,New York,US,NY,Technology,QWIL_dqiw0dQR_Acct_061,555-0061
001T700001wUFIkIAO,Chicago,US,IL,Technology,QWIL_dqiw0dQR_Acct_062,555-0062
001T700001wUFIlIAO,Austin,US,TX,Technology,QWIL_dqiw0dQR_Acct_063,555-0063
001T700001wUFImIAO,Seattle,US,WA,Technology,QWIL_dqiw0dQR_Acct_064,555-0064
001T700001wUFInIAO,San Francisco,US,CA,Technology,QWIL_dqiw0dQR_Acct_065,555-0065
001T700001wUFIoIAO,New York,US,NY,Technology,QWIL_dqiw0dQR_Acct_066,555-0066
001T700001wUFIpIAO,Chicago,US,IL,Technology,QWIL_dqiw0dQR_Acct_067,555-0067
001T700001wUFIqIAO,Austin,US,TX,Technology,QWIL_dqiw0dQR_Acct_068,555-0068
001T700001wUFIrIAO,Seattle,US,WA,Technology,QWIL_dqiw0dQR_Acct_069,555-0069
001T700001wUFIsIAO,San Francisco,US,CA,Technology,QWIL_dqiw0dQR_Acct_070,555-0070
001T700001wUFItIAO,New York,US,NY,Technology,QWIL_dqiw0dQR_Acct_071,555-0071
001T700001wUFIuIAO,Chicago,US,IL,Technology,QWIL_dqiw0dQR_Acct_072,555-0072
001T700001wUFIvIAO,Austin,US,TX,Technology,QWIL_dqiw0dQR_Acct_073,555-0073
001T700001wUFIwIAO,Seattle,US,WA,Technology,QWIL_dqiw0dQR_Acct_074,555-0074
001T700001wUFIxIAO,San Francisco,US,CA,Technology,QWIL_dqiw0dQR_Acct_075,555-0075
001T700001wUFIyIAO,New York,US,NY,Technology,QWIL_dqiw0dQR_Acct_076,555-0076
001T700001wUFIzIAO,Chicago,US,IL,Technology,QWIL_dqiw0dQR_Acct_077,555-0077
001T700001wUFJ0IAO,Austin,US,TX,Technology,QWIL_dqiw0dQR_Acct_078,555-0078
001T700001wUFJ1IAO,Seattle,US,WA,Technology,QWIL_dqiw0dQR_Acct_079,555-0079
001T700001wUFJ2IAO,San Francisco,US,CA,Technology,QWIL_dqiw0dQR_Acct_080,555-0080
001T700001wUIMPIA4,New York,US,NY,Technology,QWIL_DHw5a0As_Acct_001,555-0001
001T700001wUIMQIA4,Chicago,US,IL,Technology,QWIL_DHw5a0As_Acct_002,555-0002
001T700001wUIMRIA4,Austin,US,TX,Technology,QWIL_DHw5a0As_Acct_003,555-0003
001T700001wUIMSIA4,Seattle,US,WA,Technology,QWIL_DHw5a0As_Acct_004,555-0004
001T700001wUIMTIA4,San Francisco,US,CA,Technology,QWIL_DHw5a0As_Acct_005,555-0005
001T700001wUIMUIA4,New York,US,NY,Technology,QWIL_DHw5a0As_Acct_006,555-0006
001T700001wUIMVIA4,Chicago,US,IL,Technology,QWIL_DHw5a0As_Acct_007,555-0007
001T700001wUIMWIA4,Austin,US,TX,Technology,QWIL_DHw5a0As_Acct_008,555-0008
001T700001wUIMXIA4,Seattle,US,WA,Technology,QWIL_DHw5a0As_Acct_009,555-0009
001T700001wUIMYIA4,San Francisco,US,CA,Technology,QWIL_DHw5a0As_Acct_010,555-0010
001T700001wUIMZIA4,New York,US,NY,Technology,QWIL_DHw5a0As_Acct_011,555-0011
001T700001wUIMaIAO,Chicago,US,IL,Technology,QWIL_DHw5a0As_Acct_012,555-0012
001T700001wUIMbIAO,Austin,US,TX,Technology,QWIL_DHw5a0As_Acct_013,555-0013
001T700001wUIMcIAO,Seattle,US,WA,Technology,QWIL_DHw5a0As_Acct_014,555-0014
001T700001wUIMdIAO,San Francisco,US,CA,Technology,QWIL_DHw5a0As_Acct_015,555-0015
001T700001wUIMeIAO,New York,US,NY,Technology,QWIL_DHw5a0As_Acct_016,555-0016
001T700001wUIMfIAO,Chicago,US,IL,Technology,QWIL_DHw5a0As_Acct_017,555-0017
001T700001wUIMgIAO,Austin,US,TX,Technology,QWIL_DHw5a0As_Acct_018,555-0018
001T700001wUIMhIAO,Seattle,US,WA,Technology,QWIL_DHw5a0As_Acct_019,555-0019
001T700001wUIMiIAO,San Francisco,US,CA,Technology,QWIL_DHw5a0As_Acct_020,555-0020
001T700001wUIMjIAO,New York,US,NY,Technology,QWIL_DHw5a0As_Acct_021,555-0021
001T700001wUIMkIAO,Chicago,US,IL,Technology,QWIL_DHw5a0As_Acct_022,555-0022
001T700001wUIMlIAO,Austin,US,TX,Technology,QWIL_DHw5a0As_Acct_023,555-0023
001T700001wUIMmIAO,Seattle,US,WA,Technology,QWIL_DHw5a0As_Acct_024,555-0024
001T700001wUIMnIAO,San Francisco,US,CA,Technology,QWIL_DHw5a0As_Acct_025,555-0025
001T700001wUIMoIAO,New York,US,NY,Technology,QWIL_DHw5a0As_Acct_026,555-0026
001T700001wUIMpIAO,Chicago,US,IL,Technology,QWIL_DHw5a0As_Acct_027,555-0027
001T700001wUIMqIAO,Austin,US,TX,Technology,QWIL_DHw5a0As_Acct_028,555-0028
001T700001wUIMrIAO,Seattle,US,WA,Technology,QWIL_DHw5a0As_Acct_029,555-0029
001T700001wUIMsIAO,San Francisco,US,CA,Technology,QWIL_DHw5a0As_Acct_030,555-0030
001T700001wUIMtIAO,New York,US,NY,Technology,QWIL_DHw5a0As_Acct_031,555-0031
001T700001wUIMuIAO,Chicago,US,IL,Technology,QWIL_DHw5a0As_Acct_032,555-0032
001T700001wUIMvIAO,Austin,US,TX,Technology,QWIL_DHw5a0As_Acct_033,555-0033
001T700001wUIMwIAO,Seattle,US,WA,Technology,QWIL_DHw5a0As_Acct_034,555-0034
001T700001wUIMxIAO,San Francisco,US,CA,Technology,QWIL_DHw5a0As_Acct_035,555-0035
001T700001wUIMyIAO,New York,US,NY,Technology,QWIL_DHw5a0As_Acct_036,555-0036
001T700001wUIMzIAO,Chicago,US,IL,Technology,QWIL_DHw5a0As_Acct_037,555-0037
001T700001wUIN0IAO,Austin,US,TX,Technology,QWIL_DHw5a0As_Acct_038,555-0038
001T700001wUIN1IAO,Seattle,US,WA,Technology,QWIL_DHw5a0As_Acct_039,555-0039
001T700001wUIN2IAO,San Francisco,US,CA,Technology,QWIL_DHw5a0As_Acct_040,555-0040
001T700001wUIN3IAO,New York,US,NY,Technology,QWIL_DHw5a0As_Acct_041,555-0041
001T700001wUIN4IAO,Chicago,US,IL,Technology,QWIL_DHw5a0As_Acct_042,555-0042
001T700001wUIN5IAO,Austin,US,TX,Technology,QWIL_DHw5a0As_Acct_043,555-0043
001T700001wUIN6IAO,Seattle,US,WA,Technology,QWIL_DHw5a0As_Acct_044,555-0044
001T700001wUIN7IAO,San Francisco,US,CA,Technology,QWIL_DHw5a0As_Acct_045,555-0045
001T700001wUIN8IAO,New York,US,NY,Technology,QWIL_DHw5a0As_Acct_046,555-0046
001T700001wUIN9IAO,Chicago,US,IL,Technology,QWIL_DHw5a0As_Acct_047,555-0047
001T700001wUINAIA4,Austin,US,TX,Technology,QWIL_DHw5a0As_Acct_048,555-0048
001T700001wUINBIA4,Seattle,US,WA,Technology,QWIL_DHw5a0As_Acct_049,555-0049
001T700001wUINCIA4,San Francisco,US,CA,Technology,QWIL_DHw5a0As_Acct_050,555-0050
001T700001wUIRFIA4,New York,US,NY,Technology,QWIL_DHw5a0As_Acct_051,555-0051
001T700001wUIRGIA4,Chicago,US,IL,Technology,QWIL_DHw5a0As_Acct_052,555-0052
001T700001wUIRHIA4,Austin,US,TX,Technology,QWIL_DHw5a0As_Acct_053,555-0053
001T700001wUIRIIA4,Seattle,US,WA,Technology,QWIL_DHw5a0As_Acct_054,555-0054
001T700001wUIRJIA4,San Francisco,US,CA,Technology,QWIL_DHw5a0As_Acct_055,555-0055
001T700001wUIRKIA4,New York,US,NY,Technology,QWIL_DHw5a0As_Acct_056,555-0056
001T700001wUIRLIA4,Chicago,US,IL,Technology,QWIL_DHw5a0As_Acct_057,555-0057
001T700001wUIRMIA4,Austin,US,TX,Technology,QWIL_DHw5a0As_Acct_058,555-0058
001T700001wUIRNIA4,Seattle,US,WA,Technology,QWIL_DHw5a0As_Acct_059,555-0059
001T700001wUIROIA4,San Francisco,US,CA,Technology,QWIL_DHw5a0As_Acct_060,555-0060
001T700001wUIRPIA4,New York,US,NY,Technology,QWIL_DHw5a0As_Acct_061,555-0061
001T700001wUIRQIA4,Chicago,US,IL,Technology,QWIL_DHw5a0As_Acct_062,555-0062
001T700001wUIRRIA4,Austin,US,TX,Technology,QWIL_DHw5a0As_Acct_063,555-0063
001T700001wUIRSIA4,Seattle,US,WA,Technology,QWIL_DHw5a0As_Acct_064,555-0064
001T700001wUIRTIA4,San Francisco,US,CA,Technology,QWIL_DHw5a0As_Acct_065,555-0065
001T700001wUIRUIA4,New York,US,NY,Technology,QWIL_DHw5a0As_Acct_066,555-0066
001T700001wUIRVIA4,Chicago,US,IL,Technology,QWIL_DHw5a0As_Acct_067,555-0067
001T700001wUIRWIA4,Austin,US,TX,Technology,QWIL_DHw5a0As_Acct_068,555-0068
001T700001wUIRXIA4,Seattle,US,WA,Technology,QWIL_DHw5a0As_Acct_069,555-0069
001T700001wUIRYIA4,San Francisco,US,CA,Technology,QWIL_DHw5a0As_Acct_070,555-0070
001T700001wUIRZIA4,New York,US,NY,Technology,QWIL_DHw5a0As_Acct_071,555-0071
001T700001wUIRaIAO,Chicago,US,IL,Technology,QWIL_DHw5a0As_Acct_072,555-0072
001T700001wUIRbIAO,Austin,US,TX,Technology,QWIL_DHw5a0As_Acct_073,555-0073
001T700001wUIRcIAO,Seattle,US,WA,Technology,QWIL_DHw5a0As_Acct_074,555-0074
001T700001wUIRdIAO,San Francisco,US,CA,Technology,QWIL_DHw5a0As_Acct_075,555-0075
001T700001wUIReIAO,New York,US,NY,Technology,QWIL_DHw5a0As_Acct_076,555-0076
001T700001wUIRfIAO,Chicago,US,IL,Technology,QWIL_DHw5a0As_Acct_077,555-0077
001T700001wUIRgIAO,Austin,US,TX,Technology,QWIL_DHw5a0As_Acct_078,555-0078
001T700001wUIRhIAO,Seattle,US,WA,Technology,QWIL_DHw5a0As_Acct_079,555-0079
001T700001wUIRiIAO,San Francisco,US,CA,Technology,QWIL_DHw5a0As_Acct_080,555-0080
001T700001wUJHBIA4,New York,US,NY,Technology,QWIL_NEJBToWp_Acct_051,555-0051
001T700001wUJHCIA4,Chicago,US,IL,Technology,QWIL_NEJBToWp_Acct_052,555-0052
001T700001wUJHDIA4,Austin,US,TX,Technology,QWIL_NEJBToWp_Acct_053,555-0053
001T700001wUJHEIA4,Seattle,US,WA,Technology,QWIL_NEJBToWp_Acct_054,555-0054
001T700001wUJHFIA4,San Francisco,US,CA,Technology,QWIL_NEJBToWp_Acct_055,555-0055
001T700001wUJHGIA4,New York,US,NY,Technology,QWIL_NEJBToWp_Acct_056,555-0056
001T700001wUJHHIA4,Chicago,US,IL,Technology,QWIL_NEJBToWp_Acct_057,555-0057
001T700001wUJHIIA4,Austin,US,TX,Technology,QWIL_NEJBToWp_Acct_058,555-0058
001T700001wUJHJIA4,Seattle,US,WA,Technology,QWIL_NEJBToWp_Acct_059,555-0059
001T700001wUJHKIA4,San Francisco,US,CA,Technology,QWIL_NEJBToWp_Acct_060,555-0060
001T700001wUJHLIA4,New York,US,NY,Technology,QWIL_NEJBToWp_Acct_061,555-0061
001T700001wUJHMIA4,Chicago,US,IL,Technology,QWIL_NEJBToWp_Acct_062,555-0062
001T700001wUJHNIA4,Austin,US,TX,Technology,QWIL_NEJBToWp_Acct_063,555-0063
001T700001wUJHOIA4,Seattle,US,WA,Technology,QWIL_NEJBToWp_Acct_064,555-0064
001T700001wUJHPIA4,San Francisco,US,CA,Technology,QWIL_NEJBToWp_Acct_065,555-0065
001T700001wUJHQIA4,New York,US,NY,Technology,QWIL_NEJBToWp_Acct_066,555-0066
001T700001wUJHRIA4,Chicago,US,IL,Technology,QWIL_NEJBToWp_Acct_067,555-0067
001T700001wUJHSIA4,Austin,US,TX,Technology,QWIL_NEJBToWp_Acct_068,555-0068
001T700001wUJHTIA4,Seattle,US,WA,Technology,QWIL_NEJBToWp_Acct_069,555-0069
001T700001wUJHUIA4,San Francisco,US,CA,Technology,QWIL_NEJBToWp_Acct_070,555-0070
001T700001wUJHVIA4,New York,US,NY,Technology,QWIL_NEJBToWp_Acct_071,555-0071
001T700001wUJHWIA4,Chicago,US,IL,Technology,QWIL_NEJBToWp_Acct_072,555-0072
001T700001wUJHXIA4,Austin,US,TX,Technology,QWIL_NEJBToWp_Acct_073,555-0073
001T700001wUJHYIA4,Seattle,US,WA,Technology,QWIL_NEJBToWp_Acct_074,555-0074
001T700001wUJHZIA4,San Francisco,US,CA,Technology,QWIL_NEJBToWp_Acct_075,555-0075
001T700001wUJHaIAO,New York,US,NY,Technology,QWIL_NEJBToWp_Acct_076,555-0076
001T700001wUJHbIAO,Chicago,US,IL,Technology,QWIL_NEJBToWp_Acct_077,555-0077
001T700001wUJHcIAO,Austin,US,TX,Technology,QWIL_NEJBToWp_Acct_078,555-0078
001T700001wUJHdIAO,Seattle,US,WA,Technology,QWIL_NEJBToWp_Acct_079,555-0079
001T700001wUJHeIAO,San Francisco,US,CA,Technology,QWIL_NEJBToWp_Acct_080,555-0080
001T700001wULBjIAO,New York,US,NY,Technology,QWIL_BWQURCrb_Acct_051,555-0051
001T700001wULBkIAO,Chicago,US,IL,Technology,QWIL_BWQURCrb_Acct_052,555-0052
001T700001wULBlIAO,Austin,US,TX,Technology,QWIL_BWQURCrb_Acct_053,555-0053
001T700001wULBmIAO,Seattle,US,WA,Technology,QWIL_BWQURCrb_Acct_054,555-0054
001T700001wULBnIAO,San Francisco,US,CA,Technology,QWIL_BWQURCrb_Acct_055,555-0055
001T700001wULBoIAO,New York,US,NY,Technology,QWIL_BWQURCrb_Acct_056,555-0056
001T700001wULBpIAO,Chicago,US,IL,Technology,QWIL_BWQURCrb_Acct_057,555-0057
001T700001wULBqIAO,Austin,US,TX,Technology,QWIL_BWQURCrb_Acct_058,555-0058
001T700001wULBrIAO,Seattle,US,WA,Technology,QWIL_BWQURCrb_Acct_059,555-0059
001T700001wULBsIAO,San Francisco,US,CA,Technology,QWIL_BWQURCrb_Acct_060,555-0060
001T700001wULBtIAO,New York,US,NY,Technology,QWIL_BWQURCrb_Acct_061,555-0061
001T700001wULBuIAO,Chicago,US,IL,Technology,QWIL_BWQURCrb_Acct_062,555-0062
001T700001wULBvIAO,Austin,US,TX,Technology,QWIL_BWQURCrb_Acct_063,555-0063
001T700001wULBwIAO,Seattle,US,WA,Technology,QWIL_BWQURCrb_Acct_064,555-0064
001T700001wULBxIAO,San Francisco,US,CA,Technology,QWIL_BWQURCrb_Acct_065,555-0065
001T700001wULByIAO,New York,US,NY,Technology,QWIL_BWQURCrb_Acct_066,555-0066
001T700001wULBzIAO,Chicago,US,IL,Technology,QWIL_BWQURCrb_Acct_067,555-0067
001T700001wULC0IAO,Austin,US,TX,Technology,QWIL_BWQURCrb_Acct_068,555-0068
001T700001wULC1IAO,Seattle,US,WA,Technology,QWIL_BWQURCrb_Acct_069,555-0069
001T700001wULC2IAO,San Francisco,US,CA,Technology,QWIL_BWQURCrb_Acct_070,555-0070
001T700001wULC3IAO,New York,US,NY,Technology,QWIL_BWQURCrb_Acct_071,555-0071
001T700001wULC4IAO,Chicago,US,IL,Technology,QWIL_BWQURCrb_Acct_072,555-0072
001T700001wULC5IAO,Austin,US,TX,Technology,QWIL_BWQURCrb_Acct_073,555-0073
001T700001wULC6IAO,Seattle,US,WA,Technology,QWIL_BWQURCrb_Acct_074,555-0074
001T700001wULC7IAO,San Francisco,US,CA,Technology,QWIL_BWQURCrb_Acct_075,555-0075
001T700001wULC8IAO,New York,US,NY,Technology,QWIL_BWQURCrb_Acct_076,555-0076
001T700001wULC9IAO,Chicago,US,IL,Technology,QWIL_BWQURCrb_Acct_077,555-0077
001T700001wULCAIA4,Austin,US,TX,Technology,QWIL_BWQURCrb_Acct_078,555-0078
001T700001wULCBIA4,Seattle,US,WA,Technology,QWIL_BWQURCrb_Acct_079,555-0079
001T700001wULCCIA4,San Francisco,US,CA,Technology,QWIL_BWQURCrb_Acct_080,555-0080
001T700001wULjRIAW,New York,US,NY,Technology,QWIL_BWQURCrb_Acct_011,555-0011
001T700001wULjSIAW,Chicago,US,IL,Technology,QWIL_BWQURCrb_Acct_012,555-0012
001T700001wULjTIAW,Austin,US,TX,Technology,QWIL_BWQURCrb_Acct_013,555-0013
001T700001wULjUIAW,Seattle,US,WA,Technology,QWIL_BWQURCrb_Acct_014,555-0014
001T700001wULjVIAW,San Francisco,US,CA,Technology,QWIL_BWQURCrb_Acct_015,555-0015
001T700001wULjWIAW,New York,US,NY,Technology,QWIL_BWQURCrb_Acct_016,555-0016
001T700001wULjXIAW,Chicago,US,IL,Technology,QWIL_BWQURCrb_Acct_017,555-0017
001T700001wULjYIAW,Austin,US,TX,Technology,QWIL_BWQURCrb_Acct_018,555-0018
001T700001wULjZIAW,Seattle,US,WA,Technology,QWIL_BWQURCrb_Acct_019,555-0019
001T700001wULjaIAG,San Francisco,US,CA,Technology,QWIL_BWQURCrb_Acct_020,555-0020
001T700001wULjbIAG,New York,US,NY,Technology,QWIL_BWQURCrb_Acct_021,555-0021
001T700001wULjcIAG,Chicago,US,IL,Technology,QWIL_BWQURCrb_Acct_022,555-0022
001T700001wULjdIAG,Austin,US,TX,Technology,QWIL_BWQURCrb_Acct_023,555-0023
001T700001wULjeIAG,Seattle,US,WA,Technology,QWIL_BWQURCrb_Acct_024,555-0024
001T700001wULjfIAG,San Francisco,US,CA,Technology,QWIL_BWQURCrb_Acct_025,555-0025
001T700001wULjgIAG,New York,US,NY,Technology,QWIL_BWQURCrb_Acct_026,555-0026
001T700001wULjhIAG,Chicago,US,IL,Technology,QWIL_BWQURCrb_Acct_027,555-0027
001T700001wULjiIAG,Austin,US,TX,Technology,QWIL_BWQURCrb_Acct_028,555-0028
001T700001wULjjIAG,Seattle,US,WA,Technology,QWIL_BWQURCrb_Acct_029,555-0029
001T700001wULjkIAG,San Francisco,US,CA,Technology,QWIL_BWQURCrb_Acct_030,555-0030
001T700001wULjlIAG,New York,US,NY,Technology,QWIL_BWQURCrb_Acct_031,555-0031
001T700001wULjmIAG,Chicago,US,IL,Technology,QWIL_BWQURCrb_Acct_032,555-0032
001T700001wULjnIAG,Austin,US,TX,Technology,QWIL_BWQURCrb_Acct_033,555-0033
001T700001wULjoIAG,Seattle,US,WA,Technology,QWIL_BWQURCrb_Acct_034,555-0034
001T700001wULjpIAG,San Francisco,US,CA,Technology,QWIL_BWQURCrb_Acct_035,555-0035
001T700001wULjqIAG,New York,US,NY,Technology,QWIL_BWQURCrb_Acct_036,555-0036
001T700001wULjrIAG,Chicago,US,IL,Technology,QWIL_BWQURCrb_Acct_037,555-0037
001T700001wULjsIAG,Austin,US,TX,Technology,QWIL_BWQURCrb_Acct_038,555-0038
001T700001wULjtIAG,Seattle,US,WA,Technology,QWIL_BWQURCrb_Acct_039,555-0039
001T700001wULjuIAG,San Francisco,US,CA,Technology,QWIL_BWQURCrb_Acct_040,555-0040
001T700001wULjvIAG,New York,US,NY,Technology,QWIL_BWQURCrb_Acct_041,555-0041
001T700001wULjwIAG,Chicago,US,IL,Technology,QWIL_BWQURCrb_Acct_042,555-0042
001T700001wULjxIAG,Austin,US,TX,Technology,QWIL_BWQURCrb_Acct_043,555-0043
001T700001wULjyIAG,Seattle,US,WA,Technology,QWIL_BWQURCrb_Acct_044,555-0044
001T700001wULjzIAG,San Francisco,US,CA,Technology,QWIL_BWQURCrb_Acct_045,555-0045
001T700001wULk0IAG,New York,US,NY,Technology,QWIL_BWQURCrb_Acct_046,555-0046
001T700001wULk1IAG,Chicago,US,IL,Technology,QWIL_BWQURCrb_Acct_047,555-0047
001T700001wULk2IAG,Austin,US,TX,Technology,QWIL_BWQURCrb_Acct_048,555-0048
001T700001wULk3IAG,Seattle,US,WA,Technology,QWIL_BWQURCrb_Acct_049,555-0049
001T700001wULk4IAG,San Francisco,US,CA,Technology,QWIL_BWQURCrb_Acct_050,555-0050
001T700001wUM1VIAW,New York,US,NY,Technology,QWIL_tB2TMS5F_Acct_051,555-0051
001T700001wUM1WIAW,Chicago,US,IL,Technology,QWIL_tB2TMS5F_Acct_052,555-0052
001T700001wUM1XIAW,Austin,US,TX,Technology,QWIL_tB2TMS5F_Acct_053,555-0053
001T700001wUM1YIAW,Seattle,US,WA,Technology,QWIL_tB2TMS5F_Acct_054,555-0054
001T700001wUM1ZIAW,San Francisco,US,CA,Technology,QWIL_tB2TMS5F_Acct_055,555-0055
001T700001wUM1aIAG,New York,US,NY,Technology,QWIL_tB2TMS5F_Acct_056,555-0056
001T700001wUM1bIAG,Chicago,US,IL,Technology,QWIL_tB2TMS5F_Acct_057,555-0057
001T700001wUM1cIAG,Austin,US,TX,Technology,QWIL_tB2TMS5F_Acct_058,555-0058
001T700001wUM1dIAG,Seattle,US,WA,Technology,QWIL_tB2TMS5F_Acct_059,555-0059
001T700001wUM1eIAG,San Francisco,US,CA,Technology,QWIL_tB2TMS5F_Acct_060,555-0060
001T700001wUM1fIAG,New York,US,NY,Technology,QWIL_tB2TMS5F_Acct_061,555-0061
001T700001wUM1gIAG,Chicago,US,IL,Technology,QWIL_tB2TMS5F_Acct_062,555-0062
001T700001wUM1hIAG,Austin,US,TX,Technology,QWIL_tB2TMS5F_Acct_063,555-0063
001T700001wUM1iIAG,Seattle,US,WA,Technology,QWIL_tB2TMS5F_Acct_064,555-0064
001T700001wUM1jIAG,San Francisco,US,CA,Technology,QWIL_tB2TMS5F_Acct_065,555-0065
001T700001wUM1kIAG,New York,US,NY,Technology,QWIL_tB2TMS5F_Acct_066,555-0066
001T700001wUM1lIAG,Chicago,US,IL,Technology,QWIL_tB2TMS5F_Acct_067,555-0067
001T700001wUM1mIAG,Austin,US,TX,Technology,QWIL_tB2TMS5F_Acct_068,555-0068
001T700001wUM1nIAG,Seattle,US,WA,Technology,QWIL_tB2TMS5F_Acct_069,555-0069
001T700001wUM1oIAG,San Francisco,US,CA,Technology,QWIL_tB2TMS5F_Acct_070,555-0070
001T700001wUM1pIAG,New York,US,NY,Technology,QWIL_tB2TMS5F_Acct_071,555-0071
001T700001wUM1qIAG,Chicago,US,IL,Technology,QWIL_tB2TMS5F_Acct_072,555-0072
001T700001wUM1rIAG,Austin,US,TX,Technology,QWIL_tB2TMS5F_Acct_073,555-0073
001T700001wUM1sIAG,Seattle,US,WA,Technology,QWIL_tB2TMS5F_Acct_074,555-0074
001T700001wUM1tIAG,San Francisco,US,CA,Technology,QWIL_tB2TMS5F_Acct_075,555-0075
001T700001wUM1uIAG,New York,US,NY,Technology,QWIL_tB2TMS5F_Acct_076,555-0076
001T700001wUM1vIAG,Chicago,US,IL,Technology,QWIL_tB2TMS5F_Acct_077,555-0077
001T700001wUM1wIAG,Austin,US,TX,Technology,QWIL_tB2TMS5F_Acct_078,555-0078
001T700001wUM1xIAG,Seattle,US,WA,Technology,QWIL_tB2TMS5F_Acct_079,555-0079
001T700001wUM1yIAG,San Francisco,US,CA,Technology,QWIL_tB2TMS5F_Acct_080,555-0080
001T700001wUN3NIAW,New York,US,NY,Technology,QWIL_goSj604M_Acct_051,555-0051
001T700001wUN3OIAW,Chicago,US,IL,Technology,QWIL_goSj604M_Acct_052,555-0052
001T700001wUN3PIAW,Austin,US,TX,Technology,QWIL_goSj604M_Acct_053,555-0053
001T700001wUN3QIAW,Seattle,US,WA,Technology,QWIL_goSj604M_Acct_054,555-0054
001T700001wUN3RIAW,San Francisco,US,CA,Technology,QWIL_goSj604M_Acct_055,555-0055
001T700001wUN3SIAW,New York,US,NY,Technology,QWIL_goSj604M_Acct_056,555-0056
001T700001wUN3TIAW,Chicago,US,IL,Technology,QWIL_goSj604M_Acct_057,555-0057
001T700001wUN3UIAW,Austin,US,TX,Technology,QWIL_goSj604M_Acct_058,555-0058
001T700001wUN3VIAW,Seattle,US,WA,Technology,QWIL_goSj604M_Acct_059,555-0059
001T700001wUN3WIAW,San Francisco,US,CA,Technology,QWIL_goSj604M_Acct_060,555-0060
001T700001wUN3XIAW,New York,US,NY,Technology,QWIL_goSj604M_Acct_061,555-0061
001T700001wUN3YIAW,Chicago,US,IL,Technology,QWIL_goSj604M_Acct_062,555-0062
001T700001wUN3ZIAW,Austin,US,TX,Technology,QWIL_goSj604M_Acct_063,555-0063
001T700001wUN3aIAG,Seattle,US,WA,Technology,QWIL_goSj604M_Acct_064,555-0064
001T700001wUN3bIAG,San Francisco,US,CA,Technology,QWIL_goSj604M_Acct_065,555-0065
001T700001wUN3cIAG,New York,US,NY,Technology,QWIL_goSj604M_Acct_066,555-0066
001T700001wUN3dIAG,Chicago,US,IL,Technology,QWIL_goSj604M_Acct_067,555-0067
001T700001wUN3eIAG,Austin,US,TX,Technology,QWIL_goSj604M_Acct_068,555-0068
001T700001wUN3fIAG,Seattle,US,WA,Technology,QWIL_goSj604M_Acct_069,555-0069
001T700001wUN3gIAG,San Francisco,US,CA,Technology,QWIL_goSj604M_Acct_070,555-0070
001T700001wUNYLIA4,San Francisco,US,CA,Technology,QWIL_goSj604M_Acct_010,555-0010
001T700001wUNYMIA4,New York,US,NY,Technology,QWIL_goSj604M_Acct_011,555-0011
001T700001wUNYNIA4,Chicago,US,IL,Technology,QWIL_goSj604M_Acct_012,555-0012
001T700001wUNYOIA4,Austin,US,TX,Technology,QWIL_goSj604M_Acct_013,555-0013
001T700001wUNYPIA4,Seattle,US,WA,Technology,QWIL_goSj604M_Acct_014,555-0014
001T700001wUNYQIA4,San Francisco,US,CA,Technology,QWIL_goSj604M_Acct_015,555-0015
001T700001wUNYRIA4,New York,US,NY,Technology,QWIL_goSj604M_Acct_016,555-0016
001T700001wUNYSIA4,Chicago,US,IL,Technology,QWIL_goSj604M_Acct_017,555-0017
001T700001wUNYTIA4,Austin,US,TX,Technology,QWIL_goSj604M_Acct_018,555-0018
001T700001wUNYUIA4,Seattle,US,WA,Technology,QWIL_goSj604M_Acct_019,555-0019
001T700001wUNYVIA4,San Francisco,US,CA,Technology,QWIL_goSj604M_Acct_020,555-0020
001T700001wUNYWIA4,New York,US,NY,Technology,QWIL_goSj604M_Acct_021,555-0021
001T700001wUNYXIA4,Chicago,US,IL,Technology,QWIL_goSj604M_Acct_022,555-0022
001T700001wUNYYIA4,Austin,US,TX,Technology,QWIL_goSj604M_Acct_023,555-0023
001T700001wUNYZIA4,Seattle,US,WA,Technology,QWIL_goSj604M_Acct_024,555-0024
001T700001wUNYaIAO,San Francisco,US,CA,Technology,QWIL_goSj604M_Acct_025,555-0025
001T700001wUNYbIAO,New York,US,NY,Technology,QWIL_goSj604M_Acct_026,555-0026
001T700001wUNYcIAO,Chicago,US,IL,Technology,QWIL_goSj604M_Acct_027,555-0027
001T700001wUNYdIAO,Austin,US,TX,Technology,QWIL_goSj604M_Acct_028,555-0028
001T700001wUNYeIAO,Seattle,US,WA,Technology,QWIL_goSj604M_Acct_029,555-0029
001T700001wUNYfIAO,San Francisco,US,CA,Technology,QWIL_goSj604M_Acct_030,555-0030
001T700001wUNYgIAO,New York,US,NY,Technology,QWIL_goSj604M_Acct_031,555-0031
001T700001wUNYhIAO,Chicago,US,IL,Technology,QWIL_goSj604M_Acct_032,555-0032
001T700001wUNYiIAO,Austin,US,TX,Technology,QWIL_goSj604M_Acct_033,555-0033
001T700001wUNYjIAO,Seattle,US,WA,Technology,QWIL_goSj604M_Acct_034,555-0034
001T700001wUNYkIAO,San Francisco,US,CA,Technology,QWIL_goSj604M_Acct_035,555-0035
001T700001wUNYlIAO,New York,US,NY,Technology,QWIL_goSj604M_Acct_036,555-0036
001T700001wUNYmIAO,Chicago,US,IL,Technology,QWIL_goSj604M_Acct_037,555-0037
001T700001wUNYnIAO,Austin,US,TX,Technology,QWIL_goSj604M_Acct_038,555-0038
001T700001wUNYoIAO,Seattle,US,WA,Technology,QWIL_goSj604M_Acct_039,555-0039
001T700001wUNYpIAO,San Francisco,US,CA,Technology,QWIL_goSj604M_Acct_040,555-0040
001T700001wUNYqIAO,New York,US,NY,Technology,QWIL_goSj604M_Acct_041,555-0041
001T700001wUNYrIAO,Chicago,US,IL,Technology,QWIL_goSj604M_Acct_042,555-0042
001T700001wUNYsIAO,Austin,US,TX,Technology,QWIL_goSj604M_Acct_043,555-0043
001T700001wUNYtIAO,Seattle,US,WA,Technology,QWIL_goSj604M_Acct_044,555-0044
001T700001wUNYuIAO,San Francisco,US,CA,Technology,QWIL_goSj604M_Acct_045,555-0045
001T700001wUNYvIAO,New York,US,NY,Technology,QWIL_goSj604M_Acct_046,555-0046
001T700001wUNYwIAO,Chicago,US,IL,Technology,QWIL_goSj604M_Acct_047,555-0047
001T700001wUNYxIAO,Austin,US,TX,Technology,QWIL_goSj604M_Acct_048,555-0048
001T700001wUNYyIAO,Seattle,US,WA,Technology,QWIL_goSj604M_Acct_049,555-0049
001T700001wUNYzIAO,San Francisco,US,CA,Technology,QWIL_goSj604M_Acct_050,555-0050
001T700001wUNZ0IAO,New York,US,NY,Technology,QWIL_tB2TMS5F_Acct_001,555-0001
001T700001wUNZ1IAO,Chicago,US,IL,Technology,QWIL_tB2TMS5F_Acct_002,555-0002
001T700001wUNZ2IAO,Austin,US,TX,Technology,QWIL_tB2TMS5F_Acct_003,555-0003
001T700001wUNZ3IAO,Seattle,US,WA,Technology,QWIL_tB2TMS5F_Acct_004,555-0004
001T700001wUNZ4IAO,San Francisco,US,CA,Technology,QWIL_tB2TMS5F_Acct_005,555-0005
001T700001wUNZ5IAO,New York,US,NY,Technology,QWIL_tB2TMS5F_Acct_006,555-0006
001T700001wUNZ6IAO,Chicago,US,IL,Technology,QWIL_tB2TMS5F_Acct_007,555-0007
001T700001wUNZ7IAO,Austin,US,TX,Technology,QWIL_tB2TMS5F_Acct_008,555-0008
001T700001wUNZ8IAO,Seattle,US,WA,Technology,QWIL_tB2TMS5F_Acct_009,555-0009
001T700001wUNZ9IAO,San Francisco,US,CA,Technology,QWIL_tB2TMS5F_Acct_010,555-0010
001T700001wUNZAIA4,New York,US,NY,Technology,QWIL_tB2TMS5F_Acct_011,555-0011
001T700001wUNZBIA4,Chicago,US,IL,Technology,QWIL_tB2TMS5F_Acct_012,555-0012
001T700001wUNZCIA4,Austin,US,TX,Technology,QWIL_tB2TMS5F_Acct_013,555-0013
001T700001wUNZDIA4,Seattle,US,WA,Technology,QWIL_tB2TMS5F_Acct_014,555-0014
001T700001wUNZEIA4,San Francisco,US,CA,Technology,QWIL_tB2TMS5F_Acct_015,555-0015
001T700001wUNZFIA4,New York,US,NY,Technology,QWIL_tB2TMS5F_Acct_016,555-0016
001T700001wUNZGIA4,Chicago,US,IL,Technology,QWIL_tB2TMS5F_Acct_017,555-0017
001T700001wUNZHIA4,Austin,US,TX,Technology,QWIL_tB2TMS5F_Acct_018,555-0018
001T700001wUNZIIA4,Seattle,US,WA,Technology,QWIL_tB2TMS5F_Acct_019,555-0019
001T700001wUNZJIA4,San Francisco,US,CA,Technology,QWIL_tB2TMS5F_Acct_020,555-0020
001T700001wUNZKIA4,New York,US,NY,Technology,QWIL_tB2TMS5F_Acct_021,555-0021
001T700001wUNZLIA4,Chicago,US,IL,Technology,QWIL_tB2TMS5F_Acct_022,555-0022
001T700001wUNZMIA4,Austin,US,TX,Technology,QWIL_tB2TMS5F_Acct_023,555-0023
001T700001wUNZNIA4,Seattle,US,WA,Technology,QWIL_tB2TMS5F_Acct_024,555-0024
001T700001wUNZOIA4,San Francisco,US,CA,Technology,QWIL_tB2TMS5F_Acct_025,555-0025
001T700001wUNZPIA4,New York,US,NY,Technology,QWIL_tB2TMS5F_Acct_026,555-0026
001T700001wUNZQIA4,Chicago,US,IL,Technology,QWIL_tB2TMS5F_Acct_027,555-0027
001T700001wUNZRIA4,Austin,US,TX,Technology,QWIL_tB2TMS5F_Acct_028,555-0028
001T700001wUNZSIA4,Seattle,US,WA,Technology,QWIL_tB2TMS5F_Acct_029,555-0029
001T700001wUNZTIA4,San Francisco,US,CA,Technology,QWIL_tB2TMS5F_Acct_030,555-0030
001T700001wUNZUIA4,New York,US,NY,Technology,QWIL_tB2TMS5F_Acct_031,555-0031
001T700001wUNZVIA4,Chicago,US,IL,Technology,QWIL_tB2TMS5F_Acct_032,555-0032
001T700001wUNZWIA4,Austin,US,TX,Technology,QWIL_tB2TMS5F_Acct_033,555-0033
001T700001wUNZXIA4,Seattle,US,WA,Technology,QWIL_tB2TMS5F_Acct_034,555-0034
001T700001wUNZYIA4,San Francisco,US,CA,Technology,QWIL_tB2TMS5F_Acct_035,555-0035
001T700001wUNZZIA4,New York,US,NY,Technology,QWIL_tB2TMS5F_Acct_036,555-0036
001T700001wUNZaIAO,Chicago,US,IL,Technology,QWIL_tB2TMS5F_Acct_037,555-0037
001T700001wUNZbIAO,Austin,US,TX,Technology,QWIL_tB2TMS5F_Acct_038,555-0038
001T700001wUNZcIAO,Seattle,US,WA,Technology,QWIL_tB2TMS5F_Acct_039,555-0039
001T700001wUNZdIAO,San Francisco,US,CA,Technology,QWIL_tB2TMS5F_Acct_040,555-0040
001T700001wUNZeIAO,New York,US,NY,Technology,QWIL_tB2TMS5F_Acct_041,555-0041
001T700001wUNZfIAO,Chicago,US,IL,Technology,QWIL_tB2TMS5F_Acct_042,555-0042
001T700001wUNZgIAO,Austin,US,TX,Technology,QWIL_tB2TMS5F_Acct_043,555-0043
001T700001wUNZhIAO,Seattle,US,WA,Technology,QWIL_tB2TMS5F_Acct_044,555-0044
001T700001wUNZiIAO,San Francisco,US,CA,Technology,QWIL_tB2TMS5F_Acct_045,555-0045
001T700001wUNZjIAO,New York,US,NY,Technology,QWIL_tB2TMS5F_Acct_046,555-0046
001T700001wUNZkIAO,Chicago,US,IL,Technology,QWIL_tB2TMS5F_Acct_047,555-0047
001T700001wUNZlIAO,Austin,US,TX,Technology,QWIL_tB2TMS5F_Acct_048,555-0048
001T700001wUNZmIAO,Seattle,US,WA,Technology,QWIL_tB2TMS5F_Acct_049,555-0049
001T700001wUNZnIAO,San Francisco,US,CA,Technology,QWIL_tB2TMS5F_Acct_050,555-0050
001T700001wUNbZIAW,New York,US,NY,Technology,QWIL_goSj604M_Acct_071,555-0071
001T700001wUNbaIAG,Chicago,US,IL,Technology,QWIL_goSj604M_Acct_072,555-0072
001T700001wUNbbIAG,Austin,US,TX,Technology,QWIL_goSj604M_Acct_073,555-0073
001T700001wUNbcIAG,Seattle,US,WA,Technology,QWIL_goSj604M_Acct_074,555-0074
001T700001wUNbdIAG,San Francisco,US,CA,Technology,QWIL_goSj604M_Acct_075,555-0075
001T700001wUNbeIAG,New York,US,NY,Technology,QWIL_goSj604M_Acct_076,555-0076
001T700001wUNbfIAG,Chicago,US,IL,Technology,QWIL_goSj604M_Acct_077,555-0077
001T700001wUNbgIAG,Austin,US,TX,Technology,QWIL_goSj604M_Acct_078,555-0078
001T700001wUNbhIAG,Seattle,US,WA,Technology,QWIL_goSj604M_Acct_079,555-0079
001T700001wUNbiIAG,San Francisco,US,CA,Technology,QWIL_goSj604M_Acct_080,555-0080
001T700001wUPx3IAG,New York,US,NY,Technology,QWIL_NEJBToWp_Acct_001,555-0001
001T700001wUPx4IAG,Chicago,US,IL,Technology,QWIL_NEJBToWp_Acct_002,555-0002
001T700001wUPx5IAG,Austin,US,TX,Technology,QWIL_NEJBToWp_Acct_003,555-0003
001T700001wUPx6IAG,Seattle,US,WA,Technology,QWIL_NEJBToWp_Acct_004,555-0004
001T700001wUPx7IAG,San Francisco,US,CA,Technology,QWIL_NEJBToWp_Acct_005,555-0005
001T700001wUPx8IAG,New York,US,NY,Technology,QWIL_NEJBToWp_Acct_006,555-0006
001T700001wUPx9IAG,Chicago,US,IL,Technology,QWIL_NEJBToWp_Acct_007,555-0007
001T700001wUPxAIAW,Austin,US,TX,Technology,QWIL_NEJBToWp_Acct_008,555-0008
001T700001wUPxBIAW,Seattle,US,WA,Technology,QWIL_NEJBToWp_Acct_009,555-0009
001T700001wUPxCIAW,San Francisco,US,CA,Technology,QWIL_NEJBToWp_Acct_010,555-0010
001T700001wUPxDIAW,New York,US,NY,Technology,QWIL_NEJBToWp_Acct_011,555-0011
001T700001wUPxEIAW,Chicago,US,IL,Technology,QWIL_NEJBToWp_Acct_012,555-0012
001T700001wUPxFIAW,Austin,US,TX,Technology,QWIL_NEJBToWp_Acct_013,555-0013
001T700001wUPxGIAW,Seattle,US,WA,Technology,QWIL_NEJBToWp_Acct_014,555-0014
001T700001wUPxHIAW,San Francisco,US,CA,Technology,QWIL_NEJBToWp_Acct_015,555-0015
001T700001wUPxIIAW,New York,US,NY,Technology,QWIL_NEJBToWp_Acct_016,555-0016
001T700001wUPxJIAW,Chicago,US,IL,Technology,QWIL_NEJBToWp_Acct_017,555-0017
001T700001wUPxKIAW,Austin,US,TX,Technology,QWIL_NEJBToWp_Acct_018,555-0018
001T700001wUPxLIAW,Seattle,US,WA,Technology,QWIL_NEJBToWp_Acct_019,555-0019
001T700001wUPxMIAW,San Francisco,US,CA,Technology,QWIL_NEJBToWp_Acct_020,555-0020
001T700001wUPxNIAW,New York,US,NY,Technology,QWIL_NEJBToWp_Acct_021,555-0021
001T700001wUPxOIAW,Chicago,US,IL,Technology,QWIL_NEJBToWp_Acct_022,555-0022
001T700001wUPxPIAW,Austin,US,TX,Technology,QWIL_NEJBToWp_Acct_023,555-0023
001T700001wUPxQIAW,Seattle,US,WA,Technology,QWIL_NEJBToWp_Acct_024,555-0024
001T700001wUPxRIAW,San Francisco,US,CA,Technology,QWIL_NEJBToWp_Acct_025,555-0025
001T700001wUPxSIAW,New York,US,NY,Technology,QWIL_NEJBToWp_Acct_026,555-0026
001T700001wUPxTIAW,Chicago,US,IL,Technology,QWIL_NEJBToWp_Acct_027,555-0027
001T700001wUPxUIAW,Austin,US,TX,Technology,QWIL_NEJBToWp_Acct_028,555-0028
001T700001wUPxVIAW,Seattle,US,WA,Technology,QWIL_NEJBToWp_Acct_029,555-0029
001T700001wUPxWIAW,San Francisco,US,CA,Technology,QWIL_NEJBToWp_Acct_030,555-0030
001T700001wUPxXIAW,New York,US,NY,Technology,QWIL_NEJBToWp_Acct_031,555-0031
001T700001wUPxYIAW,Chicago,US,IL,Technology,QWIL_NEJBToWp_Acct_032,555-0032
001T700001wUPxZIAW,Austin,US,TX,Technology,QWIL_NEJBToWp_Acct_033,555-0033
001T700001wUPxaIAG,Seattle,US,WA,Technology,QWIL_NEJBToWp_Acct_034,555-0034
001T700001wUPxbIAG,San Francisco,US,CA,Technology,QWIL_NEJBToWp_Acct_035,555-0035
001T700001wUPxcIAG,New York,US,NY,Technology,QWIL_NEJBToWp_Acct_036,555-0036
001T700001wUPxdIAG,Chicago,US,IL,Technology,QWIL_NEJBToWp_Acct_037,555-0037
001T700001wUPxeIAG,Austin,US,TX,Technology,QWIL_NEJBToWp_Acct_038,555-0038
001T700001wUPxfIAG,Seattle,US,WA,Technology,QWIL_NEJBToWp_Acct_039,555-0039
001T700001wUPxgIAG,San Francisco,US,CA,Technology,QWIL_NEJBToWp_Acct_040,555-0040
001T700001wUPxhIAG,New York,US,NY,Technology,QWIL_NEJBToWp_Acct_041,555-0041
001T700001wUPxiIAG,Chicago,US,IL,Technology,QWIL_NEJBToWp_Acct_042,555-0042
001T700001wUPxjIAG,Austin,US,TX,Technology,QWIL_NEJBToWp_Acct_043,555-0043
001T700001wUPxkIAG,Seattle,US,WA,Technology,QWIL_NEJBToWp_Acct_044,555-0044
001T700001wUPxlIAG,San Francisco,US,CA,Technology,QWIL_NEJBToWp_Acct_045,555-0045
001T700001wUPxmIAG,New York,US,NY,Technology,QWIL_NEJBToWp_Acct_046,555-0046
001T700001wUPxnIAG,Chicago,US,IL,Technology,QWIL_NEJBToWp_Acct_047,555-0047
001T700001wUPxoIAG,Austin,US,TX,Technology,QWIL_NEJBToWp_Acct_048,555-0048
001T700001wUPxpIAG,Seattle,US,WA,Technology,QWIL_NEJBToWp_Acct_049,555-0049
001T700001wUPxqIAG,San Francisco,US,CA,Technology,QWIL_NEJBToWp_Acct_050,555-0050
001T700001wUXe9IAG,New York,US,NY,Technology,QWIL_KZH12Iwm_Acct_001,555-0001
001T700001wUXeAIAW,Chicago,US,IL,Technology,QWIL_KZH12Iwm_Acct_002,555-0002
001T700001wUXeBIAW,Austin,US,TX,Technology,QWIL_KZH12Iwm_Acct_003,555-0003
001T700001wUXeCIAW,Seattle,US,WA,Technology,QWIL_KZH12Iwm_Acct_004,555-0004
001T700001wUXeDIAW,San Francisco,US,CA,Technology,QWIL_KZH12Iwm_Acct_005,555-0005
001T700001wUXeEIAW,New York,US,NY,Technology,QWIL_KZH12Iwm_Acct_006,555-0006
001T700001wUXeFIAW,Chicago,US,IL,Technology,QWIL_KZH12Iwm_Acct_007,555-0007
001T700001wUXeGIAW,Austin,US,TX,Technology,QWIL_KZH12Iwm_Acct_008,555-0008
001T700001wUXeHIAW,Seattle,US,WA,Technology,QWIL_KZH12Iwm_Acct_009,555-0009
001T700001wUXeIIAW,San Francisco,US,CA,Technology,QWIL_KZH12Iwm_Acct_010,555-0010
001T700001wUXeJIAW,New York,US,NY,Technology,QWIL_KZH12Iwm_Acct_011,555-0011
001T700001wUXeKIAW,Chicago,US,IL,Technology,QWIL_KZH12Iwm_Acct_012,555-0012
001T700001wUXeLIAW,Austin,US,TX,Technology,QWIL_KZH12Iwm_Acct_013,555-0013
001T700001wUXeMIAW,Seattle,US,WA,Technology,QWIL_KZH12Iwm_Acct_014,555-0014
001T700001wUXeNIAW,San Francisco,US,CA,Technology,QWIL_KZH12Iwm_Acct_015,555-0015
001T700001wUXeOIAW,New York,US,NY,Technology,QWIL_KZH12Iwm_Acct_016,555-0016
001T700001wUXePIAW,Chicago,US,IL,Technology,QWIL_KZH12Iwm_Acct_017,555-0017
001T700001wUXeQIAW,Austin,US,TX,Technology,QWIL_KZH12Iwm_Acct_018,555-0018
001T700001wUXeRIAW,Seattle,US,WA,Technology,QWIL_KZH12Iwm_Acct_019,555-0019
001T700001wUXeSIAW,San Francisco,US,CA,Technology,QWIL_KZH12Iwm_Acct_020,555-0020
001T700001wUXeTIAW,New York,US,NY,Technology,QWIL_KZH12Iwm_Acct_021,555-0021
001T700001wUXeUIAW,Chicago,US,IL,Technology,QWIL_KZH12Iwm_Acct_022,555-0022
001T700001wUXeVIAW,Austin,US,TX,Technology,QWIL_KZH12Iwm_Acct_023,555-0023
001T700001wUXeWIAW,Seattle,US,WA,Technology,QWIL_KZH12Iwm_Acct_024,555-0024
001T700001wUXeXIAW,San Francisco,US,CA,Technology,QWIL_KZH12Iwm_Acct_025,555-0025
001T700001wUXeYIAW,New York,US,NY,Technology,QWIL_KZH12Iwm_Acct_026,555-0026
001T700001wUXeZIAW,Chicago,US,IL,Technology,QWIL_KZH12Iwm_Acct_027,555-0027
001T700001wUXeaIAG,Austin,US,TX,Technology,QWIL_KZH12Iwm_Acct_028,555-0028
001T700001wUXebIAG,Seattle,US,WA,Technology,QWIL_KZH12Iwm_Acct_029,555-0029
001T700001wUXecIAG,San Francisco,US,CA,Technology,QWIL_KZH12Iwm_Acct_030,555-0030
001T700001wUXedIAG,New York,US,NY,Technology,QWIL_KZH12Iwm_Acct_031,555-0031
001T700001wUXeeIAG,Chicago,US,IL,Technology,QWIL_KZH12Iwm_Acct_032,555-0032
001T700001wUXefIAG,Austin,US,TX,Technology,QWIL_KZH12Iwm_Acct_033,555-0033
001T700001wUXegIAG,Seattle,US,WA,Technology,QWIL_KZH12Iwm_Acct_034,555-0034
001T700001wUXehIAG,San Francisco,US,CA,Technology,QWIL_KZH12Iwm_Acct_035,555-0035
001T700001wUXeiIAG,New York,US,NY,Technology,QWIL_KZH12Iwm_Acct_036,555-0036
001T700001wUXejIAG,Chicago,US,IL,Technology,QWIL_KZH12Iwm_Acct_037,555-0037
001T700001wUXekIAG,Austin,US,TX,Technology,QWIL_KZH12Iwm_Acct_038,555-0038
001T700001wUXelIAG,Seattle,US,WA,Technology,QWIL_KZH12Iwm_Acct_039,555-0039
001T700001wUXemIAG,San Francisco,US,CA,Technology,QWIL_KZH12Iwm_Acct_040,555-0040
001T700001wUXenIAG,New York,US,NY,Technology,QWIL_KZH12Iwm_Acct_041,555-0041
001T700001wUXeoIAG,Chicago,US,IL,Technology,QWIL_KZH12Iwm_Acct_042,555-0042
001T700001wUXepIAG,Austin,US,TX,Technology,QWIL_KZH12Iwm_Acct_043,555-0043
001T700001wUXeqIAG,Seattle,US,WA,Technology,QWIL_KZH12Iwm_Acct_044,555-0044
001T700001wUXerIAG,San Francisco,US,CA,Technology,QWIL_KZH12Iwm_Acct_045,555-0045
001T700001wUXesIAG,New York,US,NY,Technology,QWIL_KZH12Iwm_Acct_046,555-0046
001T700001wUXetIAG,Chicago,US,IL,Technology,QWIL_KZH12Iwm_Acct_047,555-0047
001T700001wUXeuIAG,Austin,US,TX,Technology,QWIL_KZH12Iwm_Acct_048,555-0048
001T700001wUXevIAG,Seattle,US,WA,Technology,QWIL_KZH12Iwm_Acct_049,555-0049
001T700001wUXewIAG,San Francisco,US,CA,Technology,QWIL_KZH12Iwm_Acct_050,555-0050
001T700001wUXflIAG,New York,US,NY,Technology,QWIL_KZH12Iwm_Acct_051,555-0051
001T700001wUXfmIAG,Chicago,US,IL,Technology,QWIL_KZH12Iwm_Acct_052,555-0052
001T700001wUXfnIAG,Austin,US,TX,Technology,QWIL_KZH12Iwm_Acct_053,555-0053
001T700001wUXfoIAG,Seattle,US,WA,Technology,QWIL_KZH12Iwm_Acct_054,555-0054
001T700001wUXfpIAG,San Francisco,US,CA,Technology,QWIL_KZH12Iwm_Acct_055,555-0055
001T700001wUXfqIAG,New York,US,NY,Technology,QWIL_KZH12Iwm_Acct_056,555-0056
001T700001wUXfrIAG,Chicago,US,IL,Technology,QWIL_KZH12Iwm_Acct_057,555-0057
001T700001wUXfsIAG,Austin,US,TX,Technology,QWIL_KZH12Iwm_Acct_058,555-0058
001T700001wUXftIAG,Seattle,US,WA,Technology,QWIL_KZH12Iwm_Acct_059,555-0059
001T700001wUXfuIAG,San Francisco,US,CA,Technology,QWIL_KZH12Iwm_Acct_060,555-0060
001T700001wUXfvIAG,New York,US,NY,Technology,QWIL_KZH12Iwm_Acct_061,555-0061
001T700001wUXfwIAG,Chicago,US,IL,Technology,QWIL_KZH12Iwm_Acct_062,555-0062
001T700001wUXfxIAG,Austin,US,TX,Technology,QWIL_KZH12Iwm_Acct_063,555-0063
001T700001wUXfyIAG,Seattle,US,WA,Technology,QWIL_KZH12Iwm_Acct_064,555-0064
001T700001wUXfzIAG,San Francisco,US,CA,Technology,QWIL_KZH12Iwm_Acct_065,555-0065
001T700001wUXg0IAG,New York,US,NY,Technology,QWIL_KZH12Iwm_Acct_066,555-0066
001T700001wUXg1IAG,Chicago,US,IL,Technology,QWIL_KZH12Iwm_Acct_067,555-0067
001T700001wUXg2IAG,Austin,US,TX,Technology,QWIL_KZH12Iwm_Acct_068,555-0068
001T700001wUXg3IAG,Seattle,US,WA,Technology,QWIL_KZH12Iwm_Acct_069,555-0069
001T700001wUXg4IAG,San Francisco,US,CA,Technology,QWIL_KZH12Iwm_Acct_070,555-0070
001T700001wUXg5IAG,New York,US,NY,Technology,QWIL_KZH12Iwm_Acct_071,555-0071
001T700001wUXg6IAG,Chicago,US,IL,Technology,QWIL_KZH12Iwm_Acct_072,555-0072
001T700001wUXg7IAG,Austin,US,TX,Technology,QWIL_KZH12Iwm_Acct_073,555-0073
001T700001wUXg8IAG,Seattle,US,WA,Technology,QWIL_KZH12Iwm_Acct_074,555-0074
001T700001wUXg9IAG,San Francisco,US,CA,Technology,QWIL_KZH12Iwm_Acct_075,555-0075
001T700001wUXgAIAW,New York,US,NY,Technology,QWIL_KZH12Iwm_Acct_076,555-0076
001T700001wUXgBIAW,Chicago,US,IL,Technology,QWIL_KZH12Iwm_Acct_077,555-0077
001T700001wUXgCIAW,Austin,US,TX,Technology,QWIL_KZH12Iwm_Acct_078,555-0078
001T700001wUXgDIAW,Seattle,US,WA,Technology,QWIL_KZH12Iwm_Acct_079,555-0079
001T700001wUXgEIAW,San Francisco,US,CA,Technology,QWIL_KZH12Iwm_Acct_080,555-0080
001T700001wUXv5IAG,New York,US,NY,Technology,QWIL_AKLa5dw5_Acct_051,555-0051
001T700001wUXv6IAG,Chicago,US,IL,Technology,QWIL_AKLa5dw5_Acct_052,555-0052
001T700001wUXv7IAG,Austin,US,TX,Technology,QWIL_AKLa5dw5_Acct_053,555-0053
001T700001wUXv8IAG,Seattle,US,WA,Technology,QWIL_AKLa5dw5_Acct_054,555-0054
001T700001wUXv9IAG,San Francisco,US,CA,Technology,QWIL_AKLa5dw5_Acct_055,555-0055
001T700001wUXvAIAW,New York,US,NY,Technology,QWIL_AKLa5dw5_Acct_056,555-0056
001T700001wUXvBIAW,Chicago,US,IL,Technology,QWIL_AKLa5dw5_Acct_057,555-0057
001T700001wUXvCIAW,Austin,US,TX,Technology,QWIL_AKLa5dw5_Acct_058,555-0058
001T700001wUXvDIAW,Seattle,US,WA,Technology,QWIL_AKLa5dw5_Acct_059,555-0059
001T700001wUXvEIAW,San Francisco,US,CA,Technology,QWIL_AKLa5dw5_Acct_060,555-0060
001T700001wUXvFIAW,New York,US,NY,Technology,QWIL_AKLa5dw5_Acct_061,555-0061
001T700001wUXvGIAW,Chicago,US,IL,Technology,QWIL_AKLa5dw5_Acct_062,555-0062
001T700001wUXvHIAW,Austin,US,TX,Technology,QWIL_AKLa5dw5_Acct_063,555-0063
001T700001wUXvIIAW,Seattle,US,WA,Technology,QWIL_AKLa5dw5_Acct_064,555-0064
001T700001wUXvJIAW,San Francisco,US,CA,Technology,QWIL_AKLa5dw5_Acct_065,555-0065
001T700001wUXvKIAW,New York,US,NY,Technology,QWIL_AKLa5dw5_Acct_066,555-0066
001T700001wUXvLIAW,Chicago,US,IL,Technology,QWIL_AKLa5dw5_Acct_067,555-0067
001T700001wUXvMIAW,Austin,US,TX,Technology,QWIL_AKLa5dw5_Acct_068,555-0068
001T700001wUXvNIAW,Seattle,US,WA,Technology,QWIL_AKLa5dw5_Acct_069,555-0069
001T700001wUXvOIAW,San Francisco,US,CA,Technology,QWIL_AKLa5dw5_Acct_070,555-0070
001T700001wUXvPIAW,New York,US,NY,Technology,QWIL_AKLa5dw5_Acct_071,555-0071
001T700001wUXvQIAW,Chicago,US,IL,Technology,QWIL_AKLa5dw5_Acct_072,555-0072
001T700001wUXvRIAW,Austin,US,TX,Technology,QWIL_AKLa5dw5_Acct_073,555-0073
001T700001wUXvSIAW,Seattle,US,WA,Technology,QWIL_AKLa5dw5_Acct_074,555-0074
001T700001wUXvTIAW,San Francisco,US,CA,Technology,QWIL_AKLa5dw5_Acct_075,555-0075
001T700001wUXvUIAW,New York,US,NY,Technology,QWIL_AKLa5dw5_Acct_076,555-0076
001T700001wUXvVIAW,Chicago,US,IL,Technology,QWIL_AKLa5dw5_Acct_077,555-0077
001T700001wUXvWIAW,Austin,US,TX,Technology,QWIL_AKLa5dw5_Acct_078,555-0078
001T700001wUXvXIAW,Seattle,US,WA,Technology,QWIL_AKLa5dw5_Acct_079,555-0079
001T700001wUXvYIAW,San Francisco,US,CA,Technology,QWIL_AKLa5dw5_Acct_080,555-0080
001T700001wUY7DIAW,New York,US,NY,Technology,QWIL_AKLa5dw5_Acct_001,555-0001
001T700001wUY7EIAW,Chicago,US,IL,Technology,QWIL_AKLa5dw5_Acct_002,555-0002
001T700001wUY7FIAW,Austin,US,TX,Technology,QWIL_AKLa5dw5_Acct_003,555-0003
001T700001wUY7GIAW,Seattle,US,WA,Technology,QWIL_AKLa5dw5_Acct_004,555-0004
001T700001wUY7HIAW,San Francisco,US,CA,Technology,QWIL_AKLa5dw5_Acct_005,555-0005
001T700001wUY7IIAW,New York,US,NY,Technology,QWIL_AKLa5dw5_Acct_006,555-0006
001T700001wUY7JIAW,Chicago,US,IL,Technology,QWIL_AKLa5dw5_Acct_007,555-0007
001T700001wUY7KIAW,Austin,US,TX,Technology,QWIL_AKLa5dw5_Acct_008,555-0008
001T700001wUY7LIAW,Seattle,US,WA,Technology,QWIL_AKLa5dw5_Acct_009,555-0009
001T700001wUY7MIAW,San Francisco,US,CA,Technology,QWIL_AKLa5dw5_Acct_010,555-0010
001T700001wUY7NIAW,New York,US,NY,Technology,QWIL_AKLa5dw5_Acct_011,555-0011
001T700001wUY7OIAW,Chicago,US,IL,Technology,QWIL_AKLa5dw5_Acct_012,555-0012
001T700001wUY7PIAW,Austin,US,TX,Technology,QWIL_AKLa5dw5_Acct_013,555-0013
001T700001wUY7QIAW,Seattle,US,WA,Technology,QWIL_AKLa5dw5_Acct_014,555-0014
001T700001wUY7RIAW,San Francisco,US,CA,Technology,QWIL_AKLa5dw5_Acct_015,555-0015
001T700001wUY7SIAW,New York,US,NY,Technology,QWIL_AKLa5dw5_Acct_016,555-0016
001T700001wUY7TIAW,Chicago,US,IL,Technology,QWIL_AKLa5dw5_Acct_017,555-0017
001T700001wUY7UIAW,Austin,US,TX,Technology,QWIL_AKLa5dw5_Acct_018,555-0018
001T700001wUY7VIAW,Seattle,US,WA,Technology,QWIL_AKLa5dw5_Acct_019,555-0019
001T700001wUY7WIAW,San Francisco,US,CA,Technology,QWIL_AKLa5dw5_Acct_020,555-0020
001T700001wUY7XIAW,New York,US,NY,Technology,QWIL_AKLa5dw5_Acct_021,555-0021
001T700001wUY7YIAW,Chicago,US,IL,Technology,QWIL_AKLa5dw5_Acct_022,555-0022
001T700001wUY7ZIAW,Austin,US,TX,Technology,QWIL_AKLa5dw5_Acct_023,555-0023
001T700001wUY7aIAG,Seattle,US,WA,Technology,QWIL_AKLa5dw5_Acct_024,555-0024
001T700001wUY7bIAG,San Francisco,US,CA,Technology,QWIL_AKLa5dw5_Acct_025,555-0025
001T700001wUY7cIAG,New York,US,NY,Technology,QWIL_AKLa5dw5_Acct_026,555-0026
001T700001wUY7dIAG,Chicago,US,IL,Technology,QWIL_AKLa5dw5_Acct_027,555-0027
001T700001wUY7eIAG,Austin,US,TX,Technology,QWIL_AKLa5dw5_Acct_028,555-0028
001T700001wUY7fIAG,Seattle,US,WA,Technology,QWIL_AKLa5dw5_Acct_029,555-0029
001T700001wUY7gIAG,San Francisco,US,CA,Technology,QWIL_AKLa5dw5_Acct_030,555-0030
001T700001wUY7hIAG,New York,US,NY,Technology,QWIL_AKLa5dw5_Acct_031,555-0031
001T700001wUY7iIAG,Chicago,US,IL,Technology,QWIL_AKLa5dw5_Acct_032,555-0032
001T700001wUY7jIAG,Austin,US,TX,Technology,QWIL_AKLa5dw5_Acct_033,555-0033
001T700001wUY7kIAG,Seattle,US,WA,Technology,QWIL_AKLa5dw5_Acct_034,555-0034
001T700001wUY7lIAG,San Francisco,US,CA,Technology,QWIL_AKLa5dw5_Acct_035,555-0035
001T700001wUY7mIAG,New York,US,NY,Technology,QWIL_AKLa5dw5_Acct_036,555-0036
001T700001wUY7nIAG,Chicago,US,IL,Technology,QWIL_AKLa5dw5_Acct_037,555-0037
001T700001wUY7oIAG,Austin,US,TX,Technology,QWIL_AKLa5dw5_Acct_038,555-0038
001T700001wUY7pIAG,Seattle,US,WA,Technology,QWIL_AKLa5dw5_Acct_039,555-0039
001T700001wUY7qIAG,San Francisco,US,CA,Technology,QWIL_AKLa5dw5_Acct_040,555-0040
001T700001wUY7rIAG,New York,US,NY,Technology,QWIL_AKLa5dw5_Acct_041,555-0041
001T700001wUY7sIAG,Chicago,US,IL,Technology,QWIL_AKLa5dw5_Acct_042,555-0042
001T700001wUY7tIAG,Austin,US,TX,Technology,QWIL_AKLa5dw5_Acct_043,555-0043
001T700001wUY7uIAG,Seattle,US,WA,Technology,QWIL_AKLa5dw5_Acct_044,555-0044
001T700001wUY7vIAG,San Francisco,US,CA,Technology,QWIL_AKLa5dw5_Acct_045,555-0045
001T700001wUY7wIAG,New York,US,NY,Technology,QWIL_AKLa5dw5_Acct_046,555-0046
001T700001wUY7xIAG,Chicago,US,IL,Technology,QWIL_AKLa5dw5_Acct_047,555-0047
001T700001wUY7yIAG,Austin,US,TX,Technology,QWIL_AKLa5dw5_Acct_048,555-0048
001T700001wUY7zIAG,Seattle,US,WA,Technology,QWIL_AKLa5dw5_Acct_049,555-0049
001T700001wUY80IAG,San Francisco,US,CA,Technology,QWIL_AKLa5dw5_Acct_050,555-0050
001T700001wUZknIAG,New York,US,NY,Technology,QWIL_cVl4D2sa_Acct_001,555-0001
001T700001wUZkoIAG,Chicago,US,IL,Technology,QWIL_cVl4D2sa_Acct_002,555-0002
001T700001wUZkpIAG,Austin,US,TX,Technology,QWIL_cVl4D2sa_Acct_003,555-0003
001T700001wUZkqIAG,Seattle,US,WA,Technology,QWIL_cVl4D2sa_Acct_004,555-0004
001T700001wUZkrIAG,San Francisco,US,CA,Technology,QWIL_cVl4D2sa_Acct_005,555-0005
001T700001wUZksIAG,New York,US,NY,Technology,QWIL_cVl4D2sa_Acct_006,555-0006
001T700001wUZktIAG,Chicago,US,IL,Technology,QWIL_cVl4D2sa_Acct_007,555-0007
001T700001wUZkuIAG,Austin,US,TX,Technology,QWIL_cVl4D2sa_Acct_008,555-0008
001T700001wUZkvIAG,Seattle,US,WA,Technology,QWIL_cVl4D2sa_Acct_009,555-0009
001T700001wUZkwIAG,San Francisco,US,CA,Technology,QWIL_cVl4D2sa_Acct_010,555-0010
001T700001wUZkxIAG,New York,US,NY,Technology,QWIL_cVl4D2sa_Acct_011,555-0011
001T700001wUZkyIAG,Chicago,US,IL,Technology,QWIL_cVl4D2sa_Acct_012,555-0012
001T700001wUZkzIAG,Austin,US,TX,Technology,QWIL_cVl4D2sa_Acct_013,555-0013
001T700001wUZl0IAG,Seattle,US,WA,Technology,QWIL_cVl4D2sa_Acct_014,555-0014
001T700001wUZl1IAG,San Francisco,US,CA,Technology,QWIL_cVl4D2sa_Acct_015,555-0015
001T700001wUZl2IAG,New York,US,NY,Technology,QWIL_cVl4D2sa_Acct_016,555-0016
001T700001wUZl3IAG,Chicago,US,IL,Technology,QWIL_cVl4D2sa_Acct_017,555-0017
001T700001wUZl4IAG,Austin,US,TX,Technology,QWIL_cVl4D2sa_Acct_018,555-0018
001T700001wUZl5IAG,Seattle,US,WA,Technology,QWIL_cVl4D2sa_Acct_019,555-0019
001T700001wUZl6IAG,San Francisco,US,CA,Technology,QWIL_cVl4D2sa_Acct_020,555-0020
001T700001wUZl7IAG,New York,US,NY,Technology,QWIL_cVl4D2sa_Acct_021,555-0021
001T700001wUZl8IAG,Chicago,US,IL,Technology,QWIL_cVl4D2sa_Acct_022,555-0022
001T700001wUZl9IAG,Austin,US,TX,Technology,QWIL_cVl4D2sa_Acct_023,555-0023
001T700001wUZlAIAW,Seattle,US,WA,Technology,QWIL_cVl4D2sa_Acct_024,555-0024
001T700001wUZlBIAW,San Francisco,US,CA,Technology,QWIL_cVl4D2sa_Acct_025,555-0025
001T700001wUZlCIAW,New York,US,NY,Technology,QWIL_cVl4D2sa_Acct_026,555-0026
001T700001wUZlDIAW,Chicago,US,IL,Technology,QWIL_cVl4D2sa_Acct_027,555-0027
001T700001wUZlEIAW,Austin,US,TX,Technology,QWIL_cVl4D2sa_Acct_028,555-0028
001T700001wUZlFIAW,Seattle,US,WA,Technology,QWIL_cVl4D2sa_Acct_029,555-0029
001T700001wUZlGIAW,San Francisco,US,CA,Technology,QWIL_cVl4D2sa_Acct_030,555-0030
001T700001wUZlHIAW,New York,US,NY,Technology,QWIL_cVl4D2sa_Acct_031,555-0031
001T700001wUZlIIAW,Chicago,US,IL,Technology,QWIL_cVl4D2sa_Acct_032,555-0032
001T700001wUZlJIAW,Austin,US,TX,Technology,QWIL_cVl4D2sa_Acct_033,555-0033
001T700001wUZlKIAW,Seattle,US,WA,Technology,QWIL_cVl4D2sa_Acct_034,555-0034
001T700001wUZlLIAW,San Francisco,US,CA,Technology,QWIL_cVl4D2sa_Acct_035,555-0035
001T700001wUZlMIAW,New York,US,NY,Technology,QWIL_cVl4D2sa_Acct_036,555-0036
001T700001wUZlNIAW,Chicago,US,IL,Technology,QWIL_cVl4D2sa_Acct_037,555-0037
001T700001wUZlOIAW,Austin,US,TX,Technology,QWIL_cVl4D2sa_Acct_038,555-0038
001T700001wUZlPIAW,Seattle,US,WA,Technology,QWIL_cVl4D2sa_Acct_039,555-0039
001T700001wUZlQIAW,San Francisco,US,CA,Technology,QWIL_cVl4D2sa_Acct_040,555-0040
001T700001wUZlRIAW,New York,US,NY,Technology,QWIL_cVl4D2sa_Acct_041,555-0041
001T700001wUZlSIAW,Chicago,US,IL,Technology,QWIL_cVl4D2sa_Acct_042,555-0042
001T700001wUZlTIAW,Austin,US,TX,Technology,QWIL_cVl4D2sa_Acct_043,555-0043
001T700001wUZlUIAW,Seattle,US,WA,Technology,QWIL_cVl4D2sa_Acct_044,555-0044
001T700001wUZlVIAW,San Francisco,US,CA,Technology,QWIL_cVl4D2sa_Acct_045,555-0045
001T700001wUZlWIAW,New York,US,NY,Technology,QWIL_cVl4D2sa_Acct_046,555-0046
001T700001wUZlXIAW,Chicago,US,IL,Technology,QWIL_cVl4D2sa_Acct_047,555-0047
001T700001wUZlYIAW,Austin,US,TX,Technology,QWIL_cVl4D2sa_Acct_048,555-0048
001T700001wUZlZIAW,Seattle,US,WA,Technology,QWIL_cVl4D2sa_Acct_049,555-0049
001T700001wUZlaIAG,San Francisco,US,CA,Technology,QWIL_cVl4D2sa_Acct_050,555-0050
001T700001wUZo1IAG,New York,US,NY,Technology,QWIL_cVl4D2sa_Acct_051,555-0051
001T700001wUZo2IAG,Chicago,US,IL,Technology,QWIL_cVl4D2sa_Acct_052,555-0052
001T700001wUZo3IAG,Austin,US,TX,Technology,QWIL_cVl4D2sa_Acct_053,555-0053
001T700001wUZo4IAG,Seattle,US,WA,Technology,QWIL_cVl4D2sa_Acct_054,555-0054
001T700001wUZo5IAG,San Francisco,US,CA,Technology,QWIL_cVl4D2sa_Acct_055,555-0055
001T700001wUZo6IAG,New York,US,NY,Technology,QWIL_cVl4D2sa_Acct_056,555-0056
001T700001wUZo7IAG,Chicago,US,IL,Technology,QWIL_cVl4D2sa_Acct_057,555-0057
001T700001wUZo8IAG,Austin,US,TX,Technology,QWIL_cVl4D2sa_Acct_058,555-0058
001T700001wUZo9IAG,Seattle,US,WA,Technology,QWIL_cVl4D2sa_Acct_059,555-0059
001T700001wUZoAIAW,San Francisco,US,CA,Technology,QWIL_cVl4D2sa_Acct_060,555-0060
001T700001wUZoBIAW,New York,US,NY,Technology,QWIL_cVl4D2sa_Acct_061,555-0061
001T700001wUZoCIAW,Chicago,US,IL,Technology,QWIL_cVl4D2sa_Acct_062,555-0062
001T700001wUZoDIAW,Austin,US,TX,Technology,QWIL_cVl4D2sa_Acct_063,555-0063
001T700001wUZoEIAW,Seattle,US,WA,Technology,QWIL_cVl4D2sa_Acct_064,555-0064
001T700001wUZoFIAW,San Francisco,US,CA,Technology,QWIL_cVl4D2sa_Acct_065,555-0065
001T700001wUZoGIAW,New York,US,NY,Technology,QWIL_cVl4D2sa_Acct_066,555-0066
001T700001wUZoHIAW,Chicago,US,IL,Technology,QWIL_cVl4D2sa_Acct_067,555-0067
001T700001wUZoIIAW,Austin,US,TX,Technology,QWIL_cVl4D2sa_Acct_068,555-0068
001T700001wUZoJIAW,Seattle,US,WA,Technology,QWIL_cVl4D2sa_Acct_069,555-0069
001T700001wUZoKIAW,San Francisco,US,CA,Technology,QWIL_cVl4D2sa_Acct_070,555-0070
001T700001wUZoLIAW,New York,US,NY,Technology,QWIL_cVl4D2sa_Acct_071,555-0071
001T700001wUZoMIAW,Chicago,US,IL,Technology,QWIL_cVl4D2sa_Acct_072,555-0072
001T700001wUZoNIAW,Austin,US,TX,Technology,QWIL_cVl4D2sa_Acct_073,555-0073
001T700001wUZoOIAW,Seattle,US,WA,Technology,QWIL_cVl4D2sa_Acct_074,555-0074
001T700001wUZoPIAW,San Francisco,US,CA,Technology,QWIL_cVl4D2sa_Acct_075,555-0075
001T700001wUZoQIAW,New York,US,NY,Technology,QWIL_cVl4D2sa_Acct_076,555-0076
001T700001wUZoRIAW,Chicago,US,IL,Technology,QWIL_cVl4D2sa_Acct_077,555-0077
001T700001wUZoSIAW,Austin,US,TX,Technology,QWIL_cVl4D2sa_Acct_078,555-0078
001T700001wUZoTIAW,Seattle,US,WA,Technology,QWIL_cVl4D2sa_Acct_079,555-0079
001T700001wUZoUIAW,San Francisco,US,CA,Technology,QWIL_cVl4D2sa_Acct_080,555-0080
