Id,Email,FirstName,LastName,Phone
003T700000JxJdBIAV,mdd_1flyyio0_1a@perftest.example.com,MDD_1flyyIo0_FN_001_A,MDD_1flyyIo0_LN_001_A,555-0002
003T700000JxJdCIAV,mdd_1flyyio0_1b@perftest.example.com,MDD_1flyyIo0_FN_001_B,MDD_1flyyIo0_LN_001_B,555-0003
003T700000JxJdDIAV,mdd_1flyyio0_2a@perftest.example.com,MDD_1flyyIo0_FN_002_A,MDD_1flyyIo0_LN_002_A,555-0004
003T700000JxJdEIAV,mdd_1flyyio0_2b@perftest.example.com,MDD_1flyyIo0_FN_002_B,MDD_1flyyIo0_LN_002_B,555-0005
003T700000JxJdFIAV,mdd_1flyyio0_3a@perftest.example.com,MDD_1flyyIo0_FN_003_A,MDD_1flyyIo0_LN_003_A,555-0006
003T700000JxJdGIAV,mdd_1flyyio0_3b@perftest.example.com,MDD_1flyyIo0_FN_003_B,MDD_1flyyIo0_LN_003_B,555-0007
003T700000JxJdHIAV,mdd_1flyyio0_4a@perftest.example.com,MDD_1flyyIo0_FN_004_A,MDD_1flyyIo0_LN_004_A,555-0008
003T700000JxJdIIAV,mdd_1flyyio0_4b@perftest.example.com,MDD_1flyyIo0_FN_004_B,MDD_1flyyIo0_LN_004_B,555-0009
003T700000JxJdJIAV,mdd_1flyyio0_5a@perftest.example.com,MDD_1flyyIo0_FN_005_A,MDD_1flyyIo0_LN_005_A,555-0010
003T700000JxJdKIAV,mdd_1flyyio0_5b@perftest.example.com,MDD_1flyyIo0_FN_005_B,MDD_1flyyIo0_LN_005_B,555-0011
003T700000JxJdLIAV,mdd_1flyyio0_6a@perftest.example.com,MDD_1flyyIo0_FN_006_A,MDD_1flyyIo0_LN_006_A,555-0012
003T700000JxJdMIAV,mdd_1flyyio0_6b@perftest.example.com,MDD_1flyyIo0_FN_006_B,MDD_1flyyIo0_LN_006_B,555-0013
003T700000JxJdNIAV,mdd_1flyyio0_7a@perftest.example.com,MDD_1flyyIo0_FN_007_A,MDD_1flyyIo0_LN_007_A,555-0014
003T700000JxJdOIAV,mdd_1flyyio0_7b@perftest.example.com,MDD_1flyyIo0_FN_007_B,MDD_1flyyIo0_LN_007_B,555-0015
003T700000JxJdPIAV,mdd_1flyyio0_8a@perftest.example.com,MDD_1flyyIo0_FN_008_A,MDD_1flyyIo0_LN_008_A,555-0016
003T700000JxJdQIAV,mdd_1flyyio0_8b@perftest.example.com,MDD_1flyyIo0_FN_008_B,MDD_1flyyIo0_LN_008_B,555-0017
003T700000JxJdRIAV,mdd_1flyyio0_9a@perftest.example.com,MDD_1flyyIo0_FN_009_A,MDD_1flyyIo0_LN_009_A,555-0018
003T700000JxJdSIAV,mdd_1flyyio0_9b@perftest.example.com,MDD_1flyyIo0_FN_009_B,MDD_1flyyIo0_LN_009_B,555-0019
003T700000JxJdTIAV,mdd_1flyyio0_10a@perftest.example.com,MDD_1flyyIo0_FN_010_A,MDD_1flyyIo0_LN_010_A,555-0020
003T700000JxJdUIAV,mdd_1flyyio0_10b@perftest.example.com,MDD_1flyyIo0_FN_010_B,MDD_1flyyIo0_LN_010_B,555-0021
003T700000JxKW1IAN,mdd_b3tbfdyp_1a@perftest.example.com,MDD_B3tbFDyp_FN_001_A,MDD_B3tbFDyp_LN_001_A,555-0002
003T700000JxKW2IAN,mdd_b3tbfdyp_1b@perftest.example.com,MDD_B3tbFDyp_FN_001_B,MDD_B3tbFDyp_LN_001_B,555-0003
003T700000JxKW3IAN,mdd_b3tbfdyp_2a@perftest.example.com,MDD_B3tbFDyp_FN_002_A,MDD_B3tbFDyp_LN_002_A,555-0004
003T700000JxKW4IAN,mdd_b3tbfdyp_2b@perftest.example.com,MDD_B3tbFDyp_FN_002_B,MDD_B3tbFDyp_LN_002_B,555-0005
003T700000JxKW5IAN,mdd_b3tbfdyp_3a@perftest.example.com,MDD_B3tbFDyp_FN_003_A,MDD_B3tbFDyp_LN_003_A,555-0006
003T700000JxKW6IAN,mdd_b3tbfdyp_3b@perftest.example.com,MDD_B3tbFDyp_FN_003_B,MDD_B3tbFDyp_LN_003_B,555-0007
003T700000JxKW7IAN,mdd_b3tbfdyp_4a@perftest.example.com,MDD_B3tbFDyp_FN_004_A,MDD_B3tbFDyp_LN_004_A,555-0008
003T700000JxKW8IAN,mdd_b3tbfdyp_4b@perftest.example.com,MDD_B3tbFDyp_FN_004_B,MDD_B3tbFDyp_LN_004_B,555-0009
003T700000JxKW9IAN,mdd_b3tbfdyp_5a@perftest.example.com,MDD_B3tbFDyp_FN_005_A,MDD_B3tbFDyp_LN_005_A,555-0010
003T700000JxKWAIA3,mdd_b3tbfdyp_5b@perftest.example.com,MDD_B3tbFDyp_FN_005_B,MDD_B3tbFDyp_LN_005_B,555-0011
003T700000JxKWBIA3,mdd_b3tbfdyp_6a@perftest.example.com,MDD_B3tbFDyp_FN_006_A,MDD_B3tbFDyp_LN_006_A,555-0012
003T700000JxKWCIA3,mdd_b3tbfdyp_6b@perftest.example.com,MDD_B3tbFDyp_FN_006_B,MDD_B3tbFDyp_LN_006_B,555-0013
003T700000JxKWDIA3,mdd_b3tbfdyp_7a@perftest.example.com,MDD_B3tbFDyp_FN_007_A,MDD_B3tbFDyp_LN_007_A,555-0014
003T700000JxKWEIA3,mdd_b3tbfdyp_7b@perftest.example.com,MDD_B3tbFDyp_FN_007_B,MDD_B3tbFDyp_LN_007_B,555-0015
003T700000JxKWFIA3,mdd_b3tbfdyp_8a@perftest.example.com,MDD_B3tbFDyp_FN_008_A,MDD_B3tbFDyp_LN_008_A,555-0016
003T700000JxKWGIA3,mdd_b3tbfdyp_8b@perftest.example.com,MDD_B3tbFDyp_FN_008_B,MDD_B3tbFDyp_LN_008_B,555-0017
003T700000JxKWHIA3,mdd_b3tbfdyp_9a@perftest.example.com,MDD_B3tbFDyp_FN_009_A,MDD_B3tbFDyp_LN_009_A,555-0018
003T700000JxKWIIA3,mdd_b3tbfdyp_9b@perftest.example.com,MDD_B3tbFDyp_FN_009_B,MDD_B3tbFDyp_LN_009_B,555-0019
003T700000JxKWJIA3,mdd_b3tbfdyp_10a@perftest.example.com,MDD_B3tbFDyp_FN_010_A,MDD_B3tbFDyp_LN_010_A,555-0020
003T700000JxKWKIA3,mdd_b3tbfdyp_10b@perftest.example.com,MDD_B3tbFDyp_FN_010_B,MDD_B3tbFDyp_LN_010_B,555-0021
003T700000JxMO9IAN,mdd_xmytfgub_1a@perftest.example.com,MDD_XMytfguB_FN_001_A,MDD_XMytfguB_LN_001_A,555-0002
003T700000JxMOAIA3,mdd_xmytfgub_1b@perftest.example.com,MDD_XMytfguB_FN_001_B,MDD_XMytfguB_LN_001_B,555-0003
003T700000JxMOBIA3,mdd_xmytfgub_2a@perftest.example.com,MDD_XMytfguB_FN_002_A,MDD_XMytfguB_LN_002_A,555-0004
003T700000JxMOCIA3,mdd_xmytfgub_2b@perftest.example.com,MDD_XMytfguB_FN_002_B,MDD_XMytfguB_LN_002_B,555-0005
003T700000JxMODIA3,mdd_xmytfgub_3a@perftest.example.com,MDD_XMytfguB_FN_003_A,MDD_XMytfguB_LN_003_A,555-0006
003T700000JxMOEIA3,mdd_xmytfgub_3b@perftest.example.com,MDD_XMytfguB_FN_003_B,MDD_XMytfguB_LN_003_B,555-0007
003T700000JxMOFIA3,mdd_xmytfgub_4a@perftest.example.com,MDD_XMytfguB_FN_004_A,MDD_XMytfguB_LN_004_A,555-0008
003T700000JxMOGIA3,mdd_xmytfgub_4b@perftest.example.com,MDD_XMytfguB_FN_004_B,MDD_XMytfguB_LN_004_B,555-0009
003T700000JxMOHIA3,mdd_xmytfgub_5a@perftest.example.com,MDD_XMytfguB_FN_005_A,MDD_XMytfguB_LN_005_A,555-0010
003T700000JxMOIIA3,mdd_xmytfgub_5b@perftest.example.com,MDD_XMytfguB_FN_005_B,MDD_XMytfguB_LN_005_B,555-0011
003T700000JxMOJIA3,mdd_xmytfgub_6a@perftest.example.com,MDD_XMytfguB_FN_006_A,MDD_XMytfguB_LN_006_A,555-0012
003T700000JxMOKIA3,mdd_xmytfgub_6b@perftest.example.com,MDD_XMytfguB_FN_006_B,MDD_XMytfguB_LN_006_B,555-0013
003T700000JxMOLIA3,mdd_xmytfgub_7a@perftest.example.com,MDD_XMytfguB_FN_007_A,MDD_XMytfguB_LN_007_A,555-0014
003T700000JxMOMIA3,mdd_xmytfgub_7b@perftest.example.com,MDD_XMytfguB_FN_007_B,MDD_XMytfguB_LN_007_B,555-0015
003T700000JxMONIA3,mdd_xmytfgub_8a@perftest.example.com,MDD_XMytfguB_FN_008_A,MDD_XMytfguB_LN_008_A,555-0016
003T700000JxMOOIA3,mdd_xmytfgub_8b@perftest.example.com,MDD_XMytfguB_FN_008_B,MDD_XMytfguB_LN_008_B,555-0017
003T700000JxMOPIA3,mdd_xmytfgub_9a@perftest.example.com,MDD_XMytfguB_FN_009_A,MDD_XMytfguB_LN_009_A,555-0018
003T700000JxMOQIA3,mdd_xmytfgub_9b@perftest.example.com,MDD_XMytfguB_FN_009_B,MDD_XMytfguB_LN_009_B,555-0019
003T700000JxMORIA3,mdd_xmytfgub_10a@perftest.example.com,MDD_XMytfguB_FN_010_A,MDD_XMytfguB_LN_010_A,555-0020
003T700000JxMOSIA3,mdd_xmytfgub_10b@perftest.example.com,MDD_XMytfguB_FN_010_B,MDD_XMytfguB_LN_010_B,555-0021
003T700000JxOLRIA3,mdd_v0yxha8j_1a@perftest.example.com,MDD_V0YxhA8J_FN_001_A,MDD_V0YxhA8J_LN_001_A,555-0002
003T700000JxOLSIA3,mdd_v0yxha8j_1b@perftest.example.com,MDD_V0YxhA8J_FN_001_B,MDD_V0YxhA8J_LN_001_B,555-0003
003T700000JxOLTIA3,mdd_v0yxha8j_2a@perftest.example.com,MDD_V0YxhA8J_FN_002_A,MDD_V0YxhA8J_LN_002_A,555-0004
003T700000JxOLUIA3,mdd_v0yxha8j_2b@perftest.example.com,MDD_V0YxhA8J_FN_002_B,MDD_V0YxhA8J_LN_002_B,555-0005
003T700000JxOLVIA3,mdd_v0yxha8j_3a@perftest.example.com,MDD_V0YxhA8J_FN_003_A,MDD_V0YxhA8J_LN_003_A,555-0006
003T700000JxOLWIA3,mdd_v0yxha8j_3b@perftest.example.com,MDD_V0YxhA8J_FN_003_B,MDD_V0YxhA8J_LN_003_B,555-0007
003T700000JxOLXIA3,mdd_v0yxha8j_4a@perftest.example.com,MDD_V0YxhA8J_FN_004_A,MDD_V0YxhA8J_LN_004_A,555-0008
003T700000JxOLYIA3,mdd_v0yxha8j_4b@perftest.example.com,MDD_V0YxhA8J_FN_004_B,MDD_V0YxhA8J_LN_004_B,555-0009
003T700000JxOLZIA3,mdd_v0yxha8j_5a@perftest.example.com,MDD_V0YxhA8J_FN_005_A,MDD_V0YxhA8J_LN_005_A,555-0010
003T700000JxOLaIAN,mdd_v0yxha8j_5b@perftest.example.com,MDD_V0YxhA8J_FN_005_B,MDD_V0YxhA8J_LN_005_B,555-0011
003T700000JxOLbIAN,mdd_v0yxha8j_6a@perftest.example.com,MDD_V0YxhA8J_FN_006_A,MDD_V0YxhA8J_LN_006_A,555-0012
003T700000JxOLcIAN,mdd_v0yxha8j_6b@perftest.example.com,MDD_V0YxhA8J_FN_006_B,MDD_V0YxhA8J_LN_006_B,555-0013
003T700000JxOLdIAN,mdd_v0yxha8j_7a@perftest.example.com,MDD_V0YxhA8J_FN_007_A,MDD_V0YxhA8J_LN_007_A,555-0014
003T700000JxOLeIAN,mdd_v0yxha8j_7b@perftest.example.com,MDD_V0YxhA8J_FN_007_B,MDD_V0YxhA8J_LN_007_B,555-0015
003T700000JxOLfIAN,mdd_v0yxha8j_8a@perftest.example.com,MDD_V0YxhA8J_FN_008_A,MDD_V0YxhA8J_LN_008_A,555-0016
003T700000JxOLgIAN,mdd_v0yxha8j_8b@perftest.example.com,MDD_V0YxhA8J_FN_008_B,MDD_V0YxhA8J_LN_008_B,555-0017
003T700000JxOLhIAN,mdd_v0yxha8j_9a@perftest.example.com,MDD_V0YxhA8J_FN_009_A,MDD_V0YxhA8J_LN_009_A,555-0018
003T700000JxOLiIAN,mdd_v0yxha8j_9b@perftest.example.com,MDD_V0YxhA8J_FN_009_B,MDD_V0YxhA8J_LN_009_B,555-0019
003T700000JxOLjIAN,mdd_v0yxha8j_10a@perftest.example.com,MDD_V0YxhA8J_FN_010_A,MDD_V0YxhA8J_LN_010_A,555-0020
003T700000JxOLkIAN,mdd_v0yxha8j_10b@perftest.example.com,MDD_V0YxhA8J_FN_010_B,MDD_V0YxhA8J_LN_010_B,555-0021
003T700000JxPivIAF,mdd_dfnlbj0h_1a@perftest.example.com,MDD_dfnLBJ0H_FN_001_A,MDD_dfnLBJ0H_LN_001_A,555-0002
003T700000JxPiwIAF,mdd_dfnlbj0h_1b@perftest.example.com,MDD_dfnLBJ0H_FN_001_B,MDD_dfnLBJ0H_LN_001_B,555-0003
003T700000JxPixIAF,mdd_dfnlbj0h_2a@perftest.example.com,MDD_dfnLBJ0H_FN_002_A,MDD_dfnLBJ0H_LN_002_A,555-0004
003T700000JxPiyIAF,mdd_dfnlbj0h_2b@perftest.example.com,MDD_dfnLBJ0H_FN_002_B,MDD_dfnLBJ0H_LN_002_B,555-0005
003T700000JxPizIAF,mdd_dfnlbj0h_3a@perftest.example.com,MDD_dfnLBJ0H_FN_003_A,MDD_dfnLBJ0H_LN_003_A,555-0006
003T700000JxPj0IAF,mdd_dfnlbj0h_3b@perftest.example.com,MDD_dfnLBJ0H_FN_003_B,MDD_dfnLBJ0H_LN_003_B,555-0007
003T700000JxPj1IAF,mdd_dfnlbj0h_4a@perftest.example.com,MDD_dfnLBJ0H_FN_004_A,MDD_dfnLBJ0H_LN_004_A,555-0008
003T700000JxPj2IAF,mdd_dfnlbj0h_4b@perftest.example.com,MDD_dfnLBJ0H_FN_004_B,MDD_dfnLBJ0H_LN_004_B,555-0009
003T700000JxPj3IAF,mdd_dfnlbj0h_5a@perftest.example.com,MDD_dfnLBJ0H_FN_005_A,MDD_dfnLBJ0H_LN_005_A,555-0010
003T700000JxPj4IAF,mdd_dfnlbj0h_5b@perftest.example.com,MDD_dfnLBJ0H_FN_005_B,MDD_dfnLBJ0H_LN_005_B,555-0011
003T700000JxPj5IAF,mdd_dfnlbj0h_6a@perftest.example.com,MDD_dfnLBJ0H_FN_006_A,MDD_dfnLBJ0H_LN_006_A,555-0012
003T700000JxPj6IAF,mdd_dfnlbj0h_6b@perftest.example.com,MDD_dfnLBJ0H_FN_006_B,MDD_dfnLBJ0H_LN_006_B,555-0013
003T700000JxPj7IAF,mdd_dfnlbj0h_7a@perftest.example.com,MDD_dfnLBJ0H_FN_007_A,MDD_dfnLBJ0H_LN_007_A,555-0014
003T700000JxPj8IAF,mdd_dfnlbj0h_7b@perftest.example.com,MDD_dfnLBJ0H_FN_007_B,MDD_dfnLBJ0H_LN_007_B,555-0015
003T700000JxPj9IAF,mdd_dfnlbj0h_8a@perftest.example.com,MDD_dfnLBJ0H_FN_008_A,MDD_dfnLBJ0H_LN_008_A,555-0016
003T700000JxPjAIAV,mdd_dfnlbj0h_8b@perftest.example.com,MDD_dfnLBJ0H_FN_008_B,MDD_dfnLBJ0H_LN_008_B,555-0017
003T700000JxPjBIAV,mdd_dfnlbj0h_9a@perftest.example.com,MDD_dfnLBJ0H_FN_009_A,MDD_dfnLBJ0H_LN_009_A,555-0018
003T700000JxPjCIAV,mdd_dfnlbj0h_9b@perftest.example.com,MDD_dfnLBJ0H_FN_009_B,MDD_dfnLBJ0H_LN_009_B,555-0019
003T700000JxPjDIAV,mdd_dfnlbj0h_10a@perftest.example.com,MDD_dfnLBJ0H_FN_010_A,MDD_dfnLBJ0H_LN_010_A,555-0020
003T700000JxPjEIAV,mdd_dfnlbj0h_10b@perftest.example.com,MDD_dfnLBJ0H_FN_010_B,MDD_dfnLBJ0H_LN_010_B,555-0021
003T700000JxQjpIAF,mdd_akxiyvjt_1a@perftest.example.com,MDD_aKxiYVjT_FN_001_A,MDD_aKxiYVjT_LN_001_A,555-0002
003T700000JxQjqIAF,mdd_akxiyvjt_1b@perftest.example.com,MDD_aKxiYVjT_FN_001_B,MDD_aKxiYVjT_LN_001_B,555-0003
003T700000JxQjrIAF,mdd_akxiyvjt_2a@perftest.example.com,MDD_aKxiYVjT_FN_002_A,MDD_aKxiYVjT_LN_002_A,555-0004
003T700000JxQjsIAF,mdd_akxiyvjt_2b@perftest.example.com,MDD_aKxiYVjT_FN_002_B,MDD_aKxiYVjT_LN_002_B,555-0005
003T700000JxQjtIAF,mdd_akxiyvjt_3a@perftest.example.com,MDD_aKxiYVjT_FN_003_A,MDD_aKxiYVjT_LN_003_A,555-0006
003T700000JxQjuIAF,mdd_akxiyvjt_3b@perftest.example.com,MDD_aKxiYVjT_FN_003_B,MDD_aKxiYVjT_LN_003_B,555-0007
003T700000JxQjvIAF,mdd_akxiyvjt_4a@perftest.example.com,MDD_aKxiYVjT_FN_004_A,MDD_aKxiYVjT_LN_004_A,555-0008
003T700000JxQjwIAF,mdd_akxiyvjt_4b@perftest.example.com,MDD_aKxiYVjT_FN_004_B,MDD_aKxiYVjT_LN_004_B,555-0009
003T700000JxQjxIAF,mdd_akxiyvjt_5a@perftest.example.com,MDD_aKxiYVjT_FN_005_A,MDD_aKxiYVjT_LN_005_A,555-0010
003T700000JxQjyIAF,mdd_akxiyvjt_5b@perftest.example.com,MDD_aKxiYVjT_FN_005_B,MDD_aKxiYVjT_LN_005_B,555-0011
003T700000JxQjzIAF,mdd_akxiyvjt_6a@perftest.example.com,MDD_aKxiYVjT_FN_006_A,MDD_aKxiYVjT_LN_006_A,555-0012
003T700000JxQk0IAF,mdd_akxiyvjt_6b@perftest.example.com,MDD_aKxiYVjT_FN_006_B,MDD_aKxiYVjT_LN_006_B,555-0013
003T700000JxQk1IAF,mdd_akxiyvjt_7a@perftest.example.com,MDD_aKxiYVjT_FN_007_A,MDD_aKxiYVjT_LN_007_A,555-0014
003T700000JxQk2IAF,mdd_akxiyvjt_7b@perftest.example.com,MDD_aKxiYVjT_FN_007_B,MDD_aKxiYVjT_LN_007_B,555-0015
003T700000JxQk3IAF,mdd_akxiyvjt_8a@perftest.example.com,MDD_aKxiYVjT_FN_008_A,MDD_aKxiYVjT_LN_008_A,555-0016
003T700000JxQk4IAF,mdd_akxiyvjt_8b@perftest.example.com,MDD_aKxiYVjT_FN_008_B,MDD_aKxiYVjT_LN_008_B,555-0017
003T700000JxQk5IAF,mdd_akxiyvjt_9a@perftest.example.com,MDD_aKxiYVjT_FN_009_A,MDD_aKxiYVjT_LN_009_A,555-0018
003T700000JxQk6IAF,mdd_akxiyvjt_9b@perftest.example.com,MDD_aKxiYVjT_FN_009_B,MDD_aKxiYVjT_LN_009_B,555-0019
003T700000JxQk7IAF,mdd_akxiyvjt_10a@perftest.example.com,MDD_aKxiYVjT_FN_010_A,MDD_aKxiYVjT_LN_010_A,555-0020
003T700000JxQk8IAF,mdd_akxiyvjt_10b@perftest.example.com,MDD_aKxiYVjT_FN_010_B,MDD_aKxiYVjT_LN_010_B,555-0021
003T700000JxThNIAV,mdd_tmkqr3bg_1a@perftest.example.com,MDD_tmKqr3BG_FN_001_A,MDD_tmKqr3BG_LN_001_A,555-0002
003T700000JxThOIAV,mdd_tmkqr3bg_1b@perftest.example.com,MDD_tmKqr3BG_FN_001_B,MDD_tmKqr3BG_LN_001_B,555-0003
003T700000JxThPIAV,mdd_tmkqr3bg_2a@perftest.example.com,MDD_tmKqr3BG_FN_002_A,MDD_tmKqr3BG_LN_002_A,555-0004
003T700000JxThQIAV,mdd_tmkqr3bg_2b@perftest.example.com,MDD_tmKqr3BG_FN_002_B,MDD_tmKqr3BG_LN_002_B,555-0005
003T700000JxThRIAV,mdd_tmkqr3bg_3a@perftest.example.com,MDD_tmKqr3BG_FN_003_A,MDD_tmKqr3BG_LN_003_A,555-0006
003T700000JxThSIAV,mdd_tmkqr3bg_3b@perftest.example.com,MDD_tmKqr3BG_FN_003_B,MDD_tmKqr3BG_LN_003_B,555-0007
003T700000JxThTIAV,mdd_tmkqr3bg_4a@perftest.example.com,MDD_tmKqr3BG_FN_004_A,MDD_tmKqr3BG_LN_004_A,555-0008
003T700000JxThUIAV,mdd_tmkqr3bg_4b@perftest.example.com,MDD_tmKqr3BG_FN_004_B,MDD_tmKqr3BG_LN_004_B,555-0009
003T700000JxThVIAV,mdd_tmkqr3bg_5a@perftest.example.com,MDD_tmKqr3BG_FN_005_A,MDD_tmKqr3BG_LN_005_A,555-0010
003T700000JxThWIAV,mdd_tmkqr3bg_5b@perftest.example.com,MDD_tmKqr3BG_FN_005_B,MDD_tmKqr3BG_LN_005_B,555-0011
003T700000JxThXIAV,mdd_tmkqr3bg_6a@perftest.example.com,MDD_tmKqr3BG_FN_006_A,MDD_tmKqr3BG_LN_006_A,555-0012
003T700000JxThYIAV,mdd_tmkqr3bg_6b@perftest.example.com,MDD_tmKqr3BG_FN_006_B,MDD_tmKqr3BG_LN_006_B,555-0013
003T700000JxThZIAV,mdd_tmkqr3bg_7a@perftest.example.com,MDD_tmKqr3BG_FN_007_A,MDD_tmKqr3BG_LN_007_A,555-0014
003T700000JxThaIAF,mdd_tmkqr3bg_7b@perftest.example.com,MDD_tmKqr3BG_FN_007_B,MDD_tmKqr3BG_LN_007_B,555-0015
003T700000JxThbIAF,mdd_tmkqr3bg_8a@perftest.example.com,MDD_tmKqr3BG_FN_008_A,MDD_tmKqr3BG_LN_008_A,555-0016
003T700000JxThcIAF,mdd_tmkqr3bg_8b@perftest.example.com,MDD_tmKqr3BG_FN_008_B,MDD_tmKqr3BG_LN_008_B,555-0017
003T700000JxThdIAF,mdd_tmkqr3bg_9a@perftest.example.com,MDD_tmKqr3BG_FN_009_A,MDD_tmKqr3BG_LN_009_A,555-0018
003T700000JxTheIAF,mdd_tmkqr3bg_9b@perftest.example.com,MDD_tmKqr3BG_FN_009_B,MDD_tmKqr3BG_LN_009_B,555-0019
003T700000JxThfIAF,mdd_tmkqr3bg_10a@perftest.example.com,MDD_tmKqr3BG_FN_010_A,MDD_tmKqr3BG_LN_010_A,555-0020
003T700000JxThgIAF,mdd_tmkqr3bg_10b@perftest.example.com,MDD_tmKqr3BG_FN_010_B,MDD_tmKqr3BG_LN_010_B,555-0021
003T700000JxjuDIAR,mdd_jojg7c0o_1a@perftest.example.com,MDD_joJG7C0o_FN_001_A,MDD_joJG7C0o_LN_001_A,555-0002
003T700000JxjuEIAR,mdd_jojg7c0o_1b@perftest.example.com,MDD_joJG7C0o_FN_001_B,MDD_joJG7C0o_LN_001_B,555-0003
003T700000JxjuFIAR,mdd_jojg7c0o_2a@perftest.example.com,MDD_joJG7C0o_FN_002_A,MDD_joJG7C0o_LN_002_A,555-0004
003T700000JxjuGIAR,mdd_jojg7c0o_2b@perftest.example.com,MDD_joJG7C0o_FN_002_B,MDD_joJG7C0o_LN_002_B,555-0005
003T700000JxjuHIAR,mdd_jojg7c0o_3a@perftest.example.com,MDD_joJG7C0o_FN_003_A,MDD_joJG7C0o_LN_003_A,555-0006
003T700000JxjuIIAR,mdd_jojg7c0o_3b@perftest.example.com,MDD_joJG7C0o_FN_003_B,MDD_joJG7C0o_LN_003_B,555-0007
003T700000JxjuJIAR,mdd_jojg7c0o_4a@perftest.example.com,MDD_joJG7C0o_FN_004_A,MDD_joJG7C0o_LN_004_A,555-0008
003T700000JxjuKIAR,mdd_jojg7c0o_4b@perftest.example.com,MDD_joJG7C0o_FN_004_B,MDD_joJG7C0o_LN_004_B,555-0009
003T700000JxjuLIAR,mdd_jojg7c0o_5a@perftest.example.com,MDD_joJG7C0o_FN_005_A,MDD_joJG7C0o_LN_005_A,555-0010
003T700000JxjuMIAR,mdd_jojg7c0o_5b@perftest.example.com,MDD_joJG7C0o_FN_005_B,MDD_joJG7C0o_LN_005_B,555-0011
003T700000JxjuNIAR,mdd_jojg7c0o_6a@perftest.example.com,MDD_joJG7C0o_FN_006_A,MDD_joJG7C0o_LN_006_A,555-0012
003T700000JxjuOIAR,mdd_jojg7c0o_6b@perftest.example.com,MDD_joJG7C0o_FN_006_B,MDD_joJG7C0o_LN_006_B,555-0013
003T700000JxjuPIAR,mdd_jojg7c0o_7a@perftest.example.com,MDD_joJG7C0o_FN_007_A,MDD_joJG7C0o_LN_007_A,555-0014
003T700000JxjuQIAR,mdd_jojg7c0o_7b@perftest.example.com,MDD_joJG7C0o_FN_007_B,MDD_joJG7C0o_LN_007_B,555-0015
003T700000JxjuRIAR,mdd_jojg7c0o_8a@perftest.example.com,MDD_joJG7C0o_FN_008_A,MDD_joJG7C0o_LN_008_A,555-0016
003T700000JxjuSIAR,mdd_jojg7c0o_8b@perftest.example.com,MDD_joJG7C0o_FN_008_B,MDD_joJG7C0o_LN_008_B,555-0017
003T700000JxjuTIAR,mdd_jojg7c0o_9a@perftest.example.com,MDD_joJG7C0o_FN_009_A,MDD_joJG7C0o_LN_009_A,555-0018
003T700000JxjuUIAR,mdd_jojg7c0o_9b@perftest.example.com,MDD_joJG7C0o_FN_009_B,MDD_joJG7C0o_LN_009_B,555-0019
003T700000JxjuVIAR,mdd_jojg7c0o_10a@perftest.example.com,MDD_joJG7C0o_FN_010_A,MDD_joJG7C0o_LN_010_A,555-0020
003T700000JxjuWIAR,mdd_jojg7c0o_10b@perftest.example.com,MDD_joJG7C0o_FN_010_B,MDD_joJG7C0o_LN_010_B,555-0021
003T700000JxumPIAR,mdd_86jjlbzz_1a@perftest.example.com,MDD_86JjLbZZ_FN_001_A,MDD_86JjLbZZ_LN_001_A,555-0002
003T700000JxumQIAR,mdd_86jjlbzz_1b@perftest.example.com,MDD_86JjLbZZ_FN_001_B,MDD_86JjLbZZ_LN_001_B,555-0003
003T700000JxumRIAR,mdd_86jjlbzz_2a@perftest.example.com,MDD_86JjLbZZ_FN_002_A,MDD_86JjLbZZ_LN_002_A,555-0004
003T700000JxumSIAR,mdd_86jjlbzz_2b@perftest.example.com,MDD_86JjLbZZ_FN_002_B,MDD_86JjLbZZ_LN_002_B,555-0005
003T700000JxumTIAR,mdd_86jjlbzz_3a@perftest.example.com,MDD_86JjLbZZ_FN_003_A,MDD_86JjLbZZ_LN_003_A,555-0006
003T700000JxumUIAR,mdd_86jjlbzz_3b@perftest.example.com,MDD_86JjLbZZ_FN_003_B,MDD_86JjLbZZ_LN_003_B,555-0007
003T700000JxumVIAR,mdd_86jjlbzz_4a@perftest.example.com,MDD_86JjLbZZ_FN_004_A,MDD_86JjLbZZ_LN_004_A,555-0008
003T700000JxumWIAR,mdd_86jjlbzz_4b@perftest.example.com,MDD_86JjLbZZ_FN_004_B,MDD_86JjLbZZ_LN_004_B,555-0009
003T700000JxumXIAR,mdd_86jjlbzz_5a@perftest.example.com,MDD_86JjLbZZ_FN_005_A,MDD_86JjLbZZ_LN_005_A,555-0010
003T700000JxumYIAR,mdd_86jjlbzz_5b@perftest.example.com,MDD_86JjLbZZ_FN_005_B,MDD_86JjLbZZ_LN_005_B,555-0011
003T700000JxumZIAR,mdd_86jjlbzz_6a@perftest.example.com,MDD_86JjLbZZ_FN_006_A,MDD_86JjLbZZ_LN_006_A,555-0012
003T700000JxumaIAB,mdd_86jjlbzz_6b@perftest.example.com,MDD_86JjLbZZ_FN_006_B,MDD_86JjLbZZ_LN_006_B,555-0013
003T700000JxumbIAB,mdd_86jjlbzz_7a@perftest.example.com,MDD_86JjLbZZ_FN_007_A,MDD_86JjLbZZ_LN_007_A,555-0014
003T700000JxumcIAB,mdd_86jjlbzz_7b@perftest.example.com,MDD_86JjLbZZ_FN_007_B,MDD_86JjLbZZ_LN_007_B,555-0015
003T700000JxumdIAB,mdd_86jjlbzz_8a@perftest.example.com,MDD_86JjLbZZ_FN_008_A,MDD_86JjLbZZ_LN_008_A,555-0016
003T700000JxumeIAB,mdd_86jjlbzz_8b@perftest.example.com,MDD_86JjLbZZ_FN_008_B,MDD_86JjLbZZ_LN_008_B,555-0017
003T700000JxumfIAB,mdd_86jjlbzz_9a@perftest.example.com,MDD_86JjLbZZ_FN_009_A,MDD_86JjLbZZ_LN_009_A,555-0018
003T700000JxumgIAB,mdd_86jjlbzz_9b@perftest.example.com,MDD_86JjLbZZ_FN_009_B,MDD_86JjLbZZ_LN_009_B,555-0019
003T700000JxumhIAB,mdd_86jjlbzz_10a@perftest.example.com,MDD_86JjLbZZ_FN_010_A,MDD_86JjLbZZ_LN_010_A,555-0020
003T700000JxumiIAB,mdd_86jjlbzz_10b@perftest.example.com,MDD_86JjLbZZ_FN_010_B,MDD_86JjLbZZ_LN_010_B,555-0021
003T700000Jy0S1IAJ,mdd_ny493uaw_1a@perftest.example.com,MDD_NY493UAw_FN_001_A,MDD_NY493UAw_LN_001_A,555-0002
003T700000Jy0S2IAJ,mdd_ny493uaw_1b@perftest.example.com,MDD_NY493UAw_FN_001_B,MDD_NY493UAw_LN_001_B,555-0003
003T700000Jy0S3IAJ,mdd_ny493uaw_2a@perftest.example.com,MDD_NY493UAw_FN_002_A,MDD_NY493UAw_LN_002_A,555-0004
003T700000Jy0S4IAJ,mdd_ny493uaw_2b@perftest.example.com,MDD_NY493UAw_FN_002_B,MDD_NY493UAw_LN_002_B,555-0005
003T700000Jy0S5IAJ,mdd_ny493uaw_3a@perftest.example.com,MDD_NY493UAw_FN_003_A,MDD_NY493UAw_LN_003_A,555-0006
003T700000Jy0S6IAJ,mdd_ny493uaw_3b@perftest.example.com,MDD_NY493UAw_FN_003_B,MDD_NY493UAw_LN_003_B,555-0007
003T700000Jy0S7IAJ,mdd_ny493uaw_4a@perftest.example.com,MDD_NY493UAw_FN_004_A,MDD_NY493UAw_LN_004_A,555-0008
003T700000Jy0S8IAJ,mdd_ny493uaw_4b@perftest.example.com,MDD_NY493UAw_FN_004_B,MDD_NY493UAw_LN_004_B,555-0009
003T700000Jy0S9IAJ,mdd_ny493uaw_5a@perftest.example.com,MDD_NY493UAw_FN_005_A,MDD_NY493UAw_LN_005_A,555-0010
003T700000Jy0SAIAZ,mdd_ny493uaw_5b@perftest.example.com,MDD_NY493UAw_FN_005_B,MDD_NY493UAw_LN_005_B,555-0011
003T700000Jy0SBIAZ,mdd_ny493uaw_6a@perftest.example.com,MDD_NY493UAw_FN_006_A,MDD_NY493UAw_LN_006_A,555-0012
003T700000Jy0SCIAZ,mdd_ny493uaw_6b@perftest.example.com,MDD_NY493UAw_FN_006_B,MDD_NY493UAw_LN_006_B,555-0013
003T700000Jy0SDIAZ,mdd_ny493uaw_7a@perftest.example.com,MDD_NY493UAw_FN_007_A,MDD_NY493UAw_LN_007_A,555-0014
003T700000Jy0SEIAZ,mdd_ny493uaw_7b@perftest.example.com,MDD_NY493UAw_FN_007_B,MDD_NY493UAw_LN_007_B,555-0015
003T700000Jy0SFIAZ,mdd_ny493uaw_8a@perftest.example.com,MDD_NY493UAw_FN_008_A,MDD_NY493UAw_LN_008_A,555-0016
003T700000Jy0SGIAZ,mdd_ny493uaw_8b@perftest.example.com,MDD_NY493UAw_FN_008_B,MDD_NY493UAw_LN_008_B,555-0017
003T700000Jy0SHIAZ,mdd_ny493uaw_9a@perftest.example.com,MDD_NY493UAw_FN_009_A,MDD_NY493UAw_LN_009_A,555-0018
003T700000Jy0SIIAZ,mdd_ny493uaw_9b@perftest.example.com,MDD_NY493UAw_FN_009_B,MDD_NY493UAw_LN_009_B,555-0019
003T700000Jy0SJIAZ,mdd_ny493uaw_10a@perftest.example.com,MDD_NY493UAw_FN_010_A,MDD_NY493UAw_LN_010_A,555-0020
003T700000Jy0SKIAZ,mdd_ny493uaw_10b@perftest.example.com,MDD_NY493UAw_FN_010_B,MDD_NY493UAw_LN_010_B,555-0021
003T700000Jy5PRIAZ,mdd_gqq839jn_1a@perftest.example.com,MDD_GQQ839jn_FN_001_A,MDD_GQQ839jn_LN_001_A,555-0002
003T700000Jy5PSIAZ,mdd_gqq839jn_1b@perftest.example.com,MDD_GQQ839jn_FN_001_B,MDD_GQQ839jn_LN_001_B,555-0003
003T700000Jy5PTIAZ,mdd_gqq839jn_2a@perftest.example.com,MDD_GQQ839jn_FN_002_A,MDD_GQQ839jn_LN_002_A,555-0004
003T700000Jy5PUIAZ,mdd_gqq839jn_2b@perftest.example.com,MDD_GQQ839jn_FN_002_B,MDD_GQQ839jn_LN_002_B,555-0005
003T700000Jy5PVIAZ,mdd_gqq839jn_3a@perftest.example.com,MDD_GQQ839jn_FN_003_A,MDD_GQQ839jn_LN_003_A,555-0006
003T700000Jy5PWIAZ,mdd_gqq839jn_3b@perftest.example.com,MDD_GQQ839jn_FN_003_B,MDD_GQQ839jn_LN_003_B,555-0007
003T700000Jy5PXIAZ,mdd_gqq839jn_4a@perftest.example.com,MDD_GQQ839jn_FN_004_A,MDD_GQQ839jn_LN_004_A,555-0008
003T700000Jy5PYIAZ,mdd_gqq839jn_4b@perftest.example.com,MDD_GQQ839jn_FN_004_B,MDD_GQQ839jn_LN_004_B,555-0009
003T700000Jy5PZIAZ,mdd_gqq839jn_5a@perftest.example.com,MDD_GQQ839jn_FN_005_A,MDD_GQQ839jn_LN_005_A,555-0010
003T700000Jy5PaIAJ,mdd_gqq839jn_5b@perftest.example.com,MDD_GQQ839jn_FN_005_B,MDD_GQQ839jn_LN_005_B,555-0011
003T700000Jy5PbIAJ,mdd_gqq839jn_6a@perftest.example.com,MDD_GQQ839jn_FN_006_A,MDD_GQQ839jn_LN_006_A,555-0012
003T700000Jy5PcIAJ,mdd_gqq839jn_6b@perftest.example.com,MDD_GQQ839jn_FN_006_B,MDD_GQQ839jn_LN_006_B,555-0013
003T700000Jy5PdIAJ,mdd_gqq839jn_7a@perftest.example.com,MDD_GQQ839jn_FN_007_A,MDD_GQQ839jn_LN_007_A,555-0014
003T700000Jy5PeIAJ,mdd_gqq839jn_7b@perftest.example.com,MDD_GQQ839jn_FN_007_B,MDD_GQQ839jn_LN_007_B,555-0015
003T700000Jy5PfIAJ,mdd_gqq839jn_8a@perftest.example.com,MDD_GQQ839jn_FN_008_A,MDD_GQQ839jn_LN_008_A,555-0016
003T700000Jy5PgIAJ,mdd_gqq839jn_8b@perftest.example.com,MDD_GQQ839jn_FN_008_B,MDD_GQQ839jn_LN_008_B,555-0017
003T700000Jy5PhIAJ,mdd_gqq839jn_9a@perftest.example.com,MDD_GQQ839jn_FN_009_A,MDD_GQQ839jn_LN_009_A,555-0018
003T700000Jy5PiIAJ,mdd_gqq839jn_9b@perftest.example.com,MDD_GQQ839jn_FN_009_B,MDD_GQQ839jn_LN_009_B,555-0019
003T700000Jy5PjIAJ,mdd_gqq839jn_10a@perftest.example.com,MDD_GQQ839jn_FN_010_A,MDD_GQQ839jn_LN_010_A,555-0020
003T700000Jy5PkIAJ,mdd_gqq839jn_10b@perftest.example.com,MDD_GQQ839jn_FN_010_B,MDD_GQQ839jn_LN_010_B,555-0021
003T700000Jy8GXIAZ,mdd_7x9ubvfo_1a@perftest.example.com,MDD_7x9UbVFO_FN_001_A,MDD_7x9UbVFO_LN_001_A,555-0002
003T700000Jy8GYIAZ,mdd_7x9ubvfo_1b@perftest.example.com,MDD_7x9UbVFO_FN_001_B,MDD_7x9UbVFO_LN_001_B,555-0003
003T700000Jy8GZIAZ,mdd_7x9ubvfo_2a@perftest.example.com,MDD_7x9UbVFO_FN_002_A,MDD_7x9UbVFO_LN_002_A,555-0004
003T700000Jy8GaIAJ,mdd_7x9ubvfo_2b@perftest.example.com,MDD_7x9UbVFO_FN_002_B,MDD_7x9UbVFO_LN_002_B,555-0005
003T700000Jy8GbIAJ,mdd_7x9ubvfo_3a@perftest.example.com,MDD_7x9UbVFO_FN_003_A,MDD_7x9UbVFO_LN_003_A,555-0006
003T700000Jy8GcIAJ,mdd_7x9ubvfo_3b@perftest.example.com,MDD_7x9UbVFO_FN_003_B,MDD_7x9UbVFO_LN_003_B,555-0007
003T700000Jy8GdIAJ,mdd_7x9ubvfo_4a@perftest.example.com,MDD_7x9UbVFO_FN_004_A,MDD_7x9UbVFO_LN_004_A,555-0008
003T700000Jy8GeIAJ,mdd_7x9ubvfo_4b@perftest.example.com,MDD_7x9UbVFO_FN_004_B,MDD_7x9UbVFO_LN_004_B,555-0009
003T700000Jy8GfIAJ,mdd_7x9ubvfo_5a@perftest.example.com,MDD_7x9UbVFO_FN_005_A,MDD_7x9UbVFO_LN_005_A,555-0010
003T700000Jy8GgIAJ,mdd_7x9ubvfo_5b@perftest.example.com,MDD_7x9UbVFO_FN_005_B,MDD_7x9UbVFO_LN_005_B,555-0011
003T700000Jy8GhIAJ,mdd_7x9ubvfo_6a@perftest.example.com,MDD_7x9UbVFO_FN_006_A,MDD_7x9UbVFO_LN_006_A,555-0012
003T700000Jy8GiIAJ,mdd_7x9ubvfo_6b@perftest.example.com,MDD_7x9UbVFO_FN_006_B,MDD_7x9UbVFO_LN_006_B,555-0013
003T700000Jy8GjIAJ,mdd_7x9ubvfo_7a@perftest.example.com,MDD_7x9UbVFO_FN_007_A,MDD_7x9UbVFO_LN_007_A,555-0014
003T700000Jy8GkIAJ,mdd_7x9ubvfo_7b@perftest.example.com,MDD_7x9UbVFO_FN_007_B,MDD_7x9UbVFO_LN_007_B,555-0015
003T700000Jy8GlIAJ,mdd_7x9ubvfo_8a@perftest.example.com,MDD_7x9UbVFO_FN_008_A,MDD_7x9UbVFO_LN_008_A,555-0016
003T700000Jy8GmIAJ,mdd_7x9ubvfo_8b@perftest.example.com,MDD_7x9UbVFO_FN_008_B,MDD_7x9UbVFO_LN_008_B,555-0017
003T700000Jy8GnIAJ,mdd_7x9ubvfo_9a@perftest.example.com,MDD_7x9UbVFO_FN_009_A,MDD_7x9UbVFO_LN_009_A,555-0018
003T700000Jy8GoIAJ,mdd_7x9ubvfo_9b@perftest.example.com,MDD_7x9UbVFO_FN_009_B,MDD_7x9UbVFO_LN_009_B,555-0019
003T700000Jy8GpIAJ,mdd_7x9ubvfo_10a@perftest.example.com,MDD_7x9UbVFO_FN_010_A,MDD_7x9UbVFO_LN_010_A,555-0020
003T700000Jy8GqIAJ,mdd_7x9ubvfo_10b@perftest.example.com,MDD_7x9UbVFO_FN_010_B,MDD_7x9UbVFO_LN_010_B,555-0021
003T700000JyB9FIAV,mdd_yvxufebz_1a@perftest.example.com,MDD_YvxufebZ_FN_001_A,MDD_YvxufebZ_LN_001_A,555-0002
003T700000JyB9GIAV,mdd_yvxufebz_1b@perftest.example.com,MDD_YvxufebZ_FN_001_B,MDD_YvxufebZ_LN_001_B,555-0003
003T700000JyB9HIAV,mdd_yvxufebz_2a@perftest.example.com,MDD_YvxufebZ_FN_002_A,MDD_YvxufebZ_LN_002_A,555-0004
003T700000JyB9IIAV,mdd_yvxufebz_2b@perftest.example.com,MDD_YvxufebZ_FN_002_B,MDD_YvxufebZ_LN_002_B,555-0005
003T700000JyB9JIAV,mdd_yvxufebz_3a@perftest.example.com,MDD_YvxufebZ_FN_003_A,MDD_YvxufebZ_LN_003_A,555-0006
003T700000JyB9KIAV,mdd_yvxufebz_3b@perftest.example.com,MDD_YvxufebZ_FN_003_B,MDD_YvxufebZ_LN_003_B,555-0007
003T700000JyB9LIAV,mdd_yvxufebz_4a@perftest.example.com,MDD_YvxufebZ_FN_004_A,MDD_YvxufebZ_LN_004_A,555-0008
003T700000JyB9MIAV,mdd_yvxufebz_4b@perftest.example.com,MDD_YvxufebZ_FN_004_B,MDD_YvxufebZ_LN_004_B,555-0009
003T700000JyB9NIAV,mdd_yvxufebz_5a@perftest.example.com,MDD_YvxufebZ_FN_005_A,MDD_YvxufebZ_LN_005_A,555-0010
003T700000JyB9OIAV,mdd_yvxufebz_5b@perftest.example.com,MDD_YvxufebZ_FN_005_B,MDD_YvxufebZ_LN_005_B,555-0011
003T700000JyB9PIAV,mdd_yvxufebz_6a@perftest.example.com,MDD_YvxufebZ_FN_006_A,MDD_YvxufebZ_LN_006_A,555-0012
003T700000JyB9QIAV,mdd_yvxufebz_6b@perftest.example.com,MDD_YvxufebZ_FN_006_B,MDD_YvxufebZ_LN_006_B,555-0013
003T700000JyB9RIAV,mdd_yvxufebz_7a@perftest.example.com,MDD_YvxufebZ_FN_007_A,MDD_YvxufebZ_LN_007_A,555-0014
003T700000JyB9SIAV,mdd_yvxufebz_7b@perftest.example.com,MDD_YvxufebZ_FN_007_B,MDD_YvxufebZ_LN_007_B,555-0015
003T700000JyB9TIAV,mdd_yvxufebz_8a@perftest.example.com,MDD_YvxufebZ_FN_008_A,MDD_YvxufebZ_LN_008_A,555-0016
003T700000JyB9UIAV,mdd_yvxufebz_8b@perftest.example.com,MDD_YvxufebZ_FN_008_B,MDD_YvxufebZ_LN_008_B,555-0017
003T700000JyB9VIAV,mdd_yvxufebz_9a@perftest.example.com,MDD_YvxufebZ_FN_009_A,MDD_YvxufebZ_LN_009_A,555-0018
003T700000JyB9WIAV,mdd_yvxufebz_9b@perftest.example.com,MDD_YvxufebZ_FN_009_B,MDD_YvxufebZ_LN_009_B,555-0019
003T700000JyB9XIAV,mdd_yvxufebz_10a@perftest.example.com,MDD_YvxufebZ_FN_010_A,MDD_YvxufebZ_LN_010_A,555-0020
003T700000JyB9YIAV,mdd_yvxufebz_10b@perftest.example.com,MDD_YvxufebZ_FN_010_B,MDD_YvxufebZ_LN_010_B,555-0021
003T700000JyScnIAF,mdd_erxnsm9b_1a@perftest.example.com,MDD_erXnSM9b_FN_001_A,MDD_erXnSM9b_LN_001_A,555-0002
003T700000JyScoIAF,mdd_erxnsm9b_1b@perftest.example.com,MDD_erXnSM9b_FN_001_B,MDD_erXnSM9b_LN_001_B,555-0003
003T700000JyScpIAF,mdd_erxnsm9b_2a@perftest.example.com,MDD_erXnSM9b_FN_002_A,MDD_erXnSM9b_LN_002_A,555-0004
003T700000JyScqIAF,mdd_erxnsm9b_2b@perftest.example.com,MDD_erXnSM9b_FN_002_B,MDD_erXnSM9b_LN_002_B,555-0005
003T700000JyScrIAF,mdd_erxnsm9b_3a@perftest.example.com,MDD_erXnSM9b_FN_003_A,MDD_erXnSM9b_LN_003_A,555-0006
003T700000JyScsIAF,mdd_erxnsm9b_3b@perftest.example.com,MDD_erXnSM9b_FN_003_B,MDD_erXnSM9b_LN_003_B,555-0007
003T700000JySctIAF,mdd_erxnsm9b_4a@perftest.example.com,MDD_erXnSM9b_FN_004_A,MDD_erXnSM9b_LN_004_A,555-0008
003T700000JyScuIAF,mdd_erxnsm9b_4b@perftest.example.com,MDD_erXnSM9b_FN_004_B,MDD_erXnSM9b_LN_004_B,555-0009
003T700000JyScvIAF,mdd_erxnsm9b_5a@perftest.example.com,MDD_erXnSM9b_FN_005_A,MDD_erXnSM9b_LN_005_A,555-0010
003T700000JyScwIAF,mdd_erxnsm9b_5b@perftest.example.com,MDD_erXnSM9b_FN_005_B,MDD_erXnSM9b_LN_005_B,555-0011
003T700000JyScxIAF,mdd_erxnsm9b_6a@perftest.example.com,MDD_erXnSM9b_FN_006_A,MDD_erXnSM9b_LN_006_A,555-0012
003T700000JyScyIAF,mdd_erxnsm9b_6b@perftest.example.com,MDD_erXnSM9b_FN_006_B,MDD_erXnSM9b_LN_006_B,555-0013
003T700000JySczIAF,mdd_erxnsm9b_7a@perftest.example.com,MDD_erXnSM9b_FN_007_A,MDD_erXnSM9b_LN_007_A,555-0014
003T700000JySd0IAF,mdd_erxnsm9b_7b@perftest.example.com,MDD_erXnSM9b_FN_007_B,MDD_erXnSM9b_LN_007_B,555-0015
003T700000JySd1IAF,mdd_erxnsm9b_8a@perftest.example.com,MDD_erXnSM9b_FN_008_A,MDD_erXnSM9b_LN_008_A,555-0016
003T700000JySd2IAF,mdd_erxnsm9b_8b@perftest.example.com,MDD_erXnSM9b_FN_008_B,MDD_erXnSM9b_LN_008_B,555-0017
003T700000JySd3IAF,mdd_erxnsm9b_9a@perftest.example.com,MDD_erXnSM9b_FN_009_A,MDD_erXnSM9b_LN_009_A,555-0018
003T700000JySd4IAF,mdd_erxnsm9b_9b@perftest.example.com,MDD_erXnSM9b_FN_009_B,MDD_erXnSM9b_LN_009_B,555-0019
003T700000JySd5IAF,mdd_erxnsm9b_10a@perftest.example.com,MDD_erXnSM9b_FN_010_A,MDD_erXnSM9b_LN_010_A,555-0020
003T700000JySd6IAF,mdd_erxnsm9b_10b@perftest.example.com,MDD_erXnSM9b_FN_010_B,MDD_erXnSM9b_LN_010_B,555-0021
003T700000JyagnIAB,mdd_dxmzwmjo_1a@perftest.example.com,MDD_dXMZwMJo_FN_001_A,MDD_dXMZwMJo_LN_001_A,555-0002
003T700000JyagoIAB,mdd_dxmzwmjo_1b@perftest.example.com,MDD_dXMZwMJo_FN_001_B,MDD_dXMZwMJo_LN_001_B,555-0003
003T700000JyagpIAB,mdd_dxmzwmjo_2a@perftest.example.com,MDD_dXMZwMJo_FN_002_A,MDD_dXMZwMJo_LN_002_A,555-0004
003T700000JyagqIAB,mdd_dxmzwmjo_2b@perftest.example.com,MDD_dXMZwMJo_FN_002_B,MDD_dXMZwMJo_LN_002_B,555-0005
003T700000JyagrIAB,mdd_dxmzwmjo_3a@perftest.example.com,MDD_dXMZwMJo_FN_003_A,MDD_dXMZwMJo_LN_003_A,555-0006
003T700000JyagsIAB,mdd_dxmzwmjo_3b@perftest.example.com,MDD_dXMZwMJo_FN_003_B,MDD_dXMZwMJo_LN_003_B,555-0007
003T700000JyagtIAB,mdd_dxmzwmjo_4a@perftest.example.com,MDD_dXMZwMJo_FN_004_A,MDD_dXMZwMJo_LN_004_A,555-0008
003T700000JyaguIAB,mdd_dxmzwmjo_4b@perftest.example.com,MDD_dXMZwMJo_FN_004_B,MDD_dXMZwMJo_LN_004_B,555-0009
003T700000JyagvIAB,mdd_dxmzwmjo_5a@perftest.example.com,MDD_dXMZwMJo_FN_005_A,MDD_dXMZwMJo_LN_005_A,555-0010
003T700000JyagwIAB,mdd_dxmzwmjo_5b@perftest.example.com,MDD_dXMZwMJo_FN_005_B,MDD_dXMZwMJo_LN_005_B,555-0011
003T700000JyagxIAB,mdd_dxmzwmjo_6a@perftest.example.com,MDD_dXMZwMJo_FN_006_A,MDD_dXMZwMJo_LN_006_A,555-0012
003T700000JyagyIAB,mdd_dxmzwmjo_6b@perftest.example.com,MDD_dXMZwMJo_FN_006_B,MDD_dXMZwMJo_LN_006_B,555-0013
003T700000JyagzIAB,mdd_dxmzwmjo_7a@perftest.example.com,MDD_dXMZwMJo_FN_007_A,MDD_dXMZwMJo_LN_007_A,555-0014
003T700000Jyah0IAB,mdd_dxmzwmjo_7b@perftest.example.com,MDD_dXMZwMJo_FN_007_B,MDD_dXMZwMJo_LN_007_B,555-0015
003T700000Jyah1IAB,mdd_dxmzwmjo_8a@perftest.example.com,MDD_dXMZwMJo_FN_008_A,MDD_dXMZwMJo_LN_008_A,555-0016
003T700000Jyah2IAB,mdd_dxmzwmjo_8b@perftest.example.com,MDD_dXMZwMJo_FN_008_B,MDD_dXMZwMJo_LN_008_B,555-0017
003T700000Jyah3IAB,mdd_dxmzwmjo_9a@perftest.example.com,MDD_dXMZwMJo_FN_009_A,MDD_dXMZwMJo_LN_009_A,555-0018
003T700000Jyah4IAB,mdd_dxmzwmjo_9b@perftest.example.com,MDD_dXMZwMJo_FN_009_B,MDD_dXMZwMJo_LN_009_B,555-0019
003T700000Jyah5IAB,mdd_dxmzwmjo_10a@perftest.example.com,MDD_dXMZwMJo_FN_010_A,MDD_dXMZwMJo_LN_010_A,555-0020
003T700000Jyah6IAB,mdd_dxmzwmjo_10b@perftest.example.com,MDD_dXMZwMJo_FN_010_B,MDD_dXMZwMJo_LN_010_B,555-0021
003T700000JytqXIAR,mdd_e7gghhiv_1a@perftest.example.com,MDD_E7gGHhiv_FN_001_A,MDD_E7gGHhiv_LN_001_A,555-0002
003T700000JytqYIAR,mdd_e7gghhiv_1b@perftest.example.com,MDD_E7gGHhiv_FN_001_B,MDD_E7gGHhiv_LN_001_B,555-0003
003T700000JytqZIAR,mdd_e7gghhiv_2a@perftest.example.com,MDD_E7gGHhiv_FN_002_A,MDD_E7gGHhiv_LN_002_A,555-0004
003T700000JytqaIAB,mdd_e7gghhiv_2b@perftest.example.com,MDD_E7gGHhiv_FN_002_B,MDD_E7gGHhiv_LN_002_B,555-0005
003T700000JytqbIAB,mdd_e7gghhiv_3a@perftest.example.com,MDD_E7gGHhiv_FN_003_A,MDD_E7gGHhiv_LN_003_A,555-0006
003T700000JytqcIAB,mdd_e7gghhiv_3b@perftest.example.com,MDD_E7gGHhiv_FN_003_B,MDD_E7gGHhiv_LN_003_B,555-0007
003T700000JytqdIAB,mdd_e7gghhiv_4a@perftest.example.com,MDD_E7gGHhiv_FN_004_A,MDD_E7gGHhiv_LN_004_A,555-0008
003T700000JytqeIAB,mdd_e7gghhiv_4b@perftest.example.com,MDD_E7gGHhiv_FN_004_B,MDD_E7gGHhiv_LN_004_B,555-0009
003T700000JytqfIAB,mdd_e7gghhiv_5a@perftest.example.com,MDD_E7gGHhiv_FN_005_A,MDD_E7gGHhiv_LN_005_A,555-0010
003T700000JytqgIAB,mdd_e7gghhiv_5b@perftest.example.com,MDD_E7gGHhiv_FN_005_B,MDD_E7gGHhiv_LN_005_B,555-0011
003T700000JytqhIAB,mdd_e7gghhiv_6a@perftest.example.com,MDD_E7gGHhiv_FN_006_A,MDD_E7gGHhiv_LN_006_A,555-0012
003T700000JytqiIAB,mdd_e7gghhiv_6b@perftest.example.com,MDD_E7gGHhiv_FN_006_B,MDD_E7gGHhiv_LN_006_B,555-0013
003T700000JytqjIAB,mdd_e7gghhiv_7a@perftest.example.com,MDD_E7gGHhiv_FN_007_A,MDD_E7gGHhiv_LN_007_A,555-0014
003T700000JytqkIAB,mdd_e7gghhiv_7b@perftest.example.com,MDD_E7gGHhiv_FN_007_B,MDD_E7gGHhiv_LN_007_B,555-0015
003T700000JytqlIAB,mdd_e7gghhiv_8a@perftest.example.com,MDD_E7gGHhiv_FN_008_A,MDD_E7gGHhiv_LN_008_A,555-0016
003T700000JytqmIAB,mdd_e7gghhiv_8b@perftest.example.com,MDD_E7gGHhiv_FN_008_B,MDD_E7gGHhiv_LN_008_B,555-0017
003T700000JytqnIAB,mdd_e7gghhiv_9a@perftest.example.com,MDD_E7gGHhiv_FN_009_A,MDD_E7gGHhiv_LN_009_A,555-0018
003T700000JytqoIAB,mdd_e7gghhiv_9b@perftest.example.com,MDD_E7gGHhiv_FN_009_B,MDD_E7gGHhiv_LN_009_B,555-0019
003T700000JytqpIAB,mdd_e7gghhiv_10a@perftest.example.com,MDD_E7gGHhiv_FN_010_A,MDD_E7gGHhiv_LN_010_A,555-0020
003T700000JytqqIAB,mdd_e7gghhiv_10b@perftest.example.com,MDD_E7gGHhiv_FN_010_B,MDD_E7gGHhiv_LN_010_B,555-0021
003T700000JzYUrIAN,awil_4vcyl1xi_1a@perftest.example.com,AWIL_4vcYL1xI_FN_001_A,AWIL_4vcYL1xI_LN_001_A,555-0002
003T700000JzYUsIAN,awil_4vcyl1xi_1b@perftest.example.com,AWIL_4vcYL1xI_FN_001_B,AWIL_4vcYL1xI_LN_001_B,555-0003
003T700000JzYUtIAN,awil_4vcyl1xi_2a@perftest.example.com,AWIL_4vcYL1xI_FN_002_A,AWIL_4vcYL1xI_LN_002_A,555-0004
003T700000JzYUuIAN,awil_4vcyl1xi_2b@perftest.example.com,AWIL_4vcYL1xI_FN_002_B,AWIL_4vcYL1xI_LN_002_B,555-0005
003T700000JzYUvIAN,awil_4vcyl1xi_3a@perftest.example.com,AWIL_4vcYL1xI_FN_003_A,AWIL_4vcYL1xI_LN_003_A,555-0006
003T700000JzYUwIAN,awil_4vcyl1xi_3b@perftest.example.com,AWIL_4vcYL1xI_FN_003_B,AWIL_4vcYL1xI_LN_003_B,555-0007
003T700000JzYUxIAN,awil_4vcyl1xi_4a@perftest.example.com,AWIL_4vcYL1xI_FN_004_A,AWIL_4vcYL1xI_LN_004_A,555-0008
003T700000JzYUyIAN,awil_4vcyl1xi_4b@perftest.example.com,AWIL_4vcYL1xI_FN_004_B,AWIL_4vcYL1xI_LN_004_B,555-0009
003T700000JzYUzIAN,awil_4vcyl1xi_5a@perftest.example.com,AWIL_4vcYL1xI_FN_005_A,AWIL_4vcYL1xI_LN_005_A,555-0010
003T700000JzYV0IAN,awil_4vcyl1xi_5b@perftest.example.com,AWIL_4vcYL1xI_FN_005_B,AWIL_4vcYL1xI_LN_005_B,555-0011
003T700000JzYV1IAN,awil_4vcyl1xi_6a@perftest.example.com,AWIL_4vcYL1xI_FN_006_A,AWIL_4vcYL1xI_LN_006_A,555-0012
003T700000JzYV2IAN,awil_4vcyl1xi_6b@perftest.example.com,AWIL_4vcYL1xI_FN_006_B,AWIL_4vcYL1xI_LN_006_B,555-0013
003T700000JzYV3IAN,awil_4vcyl1xi_7a@perftest.example.com,AWIL_4vcYL1xI_FN_007_A,AWIL_4vcYL1xI_LN_007_A,555-0014
003T700000JzYV4IAN,awil_4vcyl1xi_7b@perftest.example.com,AWIL_4vcYL1xI_FN_007_B,AWIL_4vcYL1xI_LN_007_B,555-0015
003T700000JzYV5IAN,awil_4vcyl1xi_8a@perftest.example.com,AWIL_4vcYL1xI_FN_008_A,AWIL_4vcYL1xI_LN_008_A,555-0016
003T700000JzYV6IAN,awil_4vcyl1xi_8b@perftest.example.com,AWIL_4vcYL1xI_FN_008_B,AWIL_4vcYL1xI_LN_008_B,555-0017
003T700000JzYV7IAN,awil_4vcyl1xi_9a@perftest.example.com,AWIL_4vcYL1xI_FN_009_A,AWIL_4vcYL1xI_LN_009_A,555-0018
003T700000JzYV8IAN,awil_4vcyl1xi_9b@perftest.example.com,AWIL_4vcYL1xI_FN_009_B,AWIL_4vcYL1xI_LN_009_B,555-0019
003T700000JzYV9IAN,awil_4vcyl1xi_10a@perftest.example.com,AWIL_4vcYL1xI_FN_010_A,AWIL_4vcYL1xI_LN_010_A,555-0020
003T700000JzYVAIA3,awil_4vcyl1xi_10b@perftest.example.com,AWIL_4vcYL1xI_FN_010_B,AWIL_4vcYL1xI_LN_010_B,555-0021
003T700000JzYVBIA3,awil_4vcyl1xi_11a@perftest.example.com,AWIL_4vcYL1xI_FN_011_A,AWIL_4vcYL1xI_LN_011_A,555-0022
003T700000JzYVCIA3,awil_4vcyl1xi_11b@perftest.example.com,AWIL_4vcYL1xI_FN_011_B,AWIL_4vcYL1xI_LN_011_B,555-0023
003T700000JzYVDIA3,awil_4vcyl1xi_12a@perftest.example.com,AWIL_4vcYL1xI_FN_012_A,AWIL_4vcYL1xI_LN_012_A,555-0024
003T700000JzYVEIA3,awil_4vcyl1xi_12b@perftest.example.com,AWIL_4vcYL1xI_FN_012_B,AWIL_4vcYL1xI_LN_012_B,555-0025
003T700000JzYVFIA3,awil_4vcyl1xi_13a@perftest.example.com,AWIL_4vcYL1xI_FN_013_A,AWIL_4vcYL1xI_LN_013_A,555-0026
003T700000JzYVGIA3,awil_4vcyl1xi_13b@perftest.example.com,AWIL_4vcYL1xI_FN_013_B,AWIL_4vcYL1xI_LN_013_B,555-0027
003T700000JzYVHIA3,awil_4vcyl1xi_14a@perftest.example.com,AWIL_4vcYL1xI_FN_014_A,AWIL_4vcYL1xI_LN_014_A,555-0028
003T700000JzYVIIA3,awil_4vcyl1xi_14b@perftest.example.com,AWIL_4vcYL1xI_FN_014_B,AWIL_4vcYL1xI_LN_014_B,555-0029
003T700000JzYVJIA3,awil_4vcyl1xi_15a@perftest.example.com,AWIL_4vcYL1xI_FN_015_A,AWIL_4vcYL1xI_LN_015_A,555-0030
003T700000JzYVKIA3,awil_4vcyl1xi_15b@perftest.example.com,AWIL_4vcYL1xI_FN_015_B,AWIL_4vcYL1xI_LN_015_B,555-0031
003T700000JzYVLIA3,awil_4vcyl1xi_16a@perftest.example.com,AWIL_4vcYL1xI_FN_016_A,AWIL_4vcYL1xI_LN_016_A,555-0032
003T700000JzYVMIA3,awil_4vcyl1xi_16b@perftest.example.com,AWIL_4vcYL1xI_FN_016_B,AWIL_4vcYL1xI_LN_016_B,555-0033
003T700000JzYVNIA3,awil_4vcyl1xi_17a@perftest.example.com,AWIL_4vcYL1xI_FN_017_A,AWIL_4vcYL1xI_LN_017_A,555-0034
003T700000JzYVOIA3,awil_4vcyl1xi_17b@perftest.example.com,AWIL_4vcYL1xI_FN_017_B,AWIL_4vcYL1xI_LN_017_B,555-0035
003T700000JzYVPIA3,awil_4vcyl1xi_18a@perftest.example.com,AWIL_4vcYL1xI_FN_018_A,AWIL_4vcYL1xI_LN_018_A,555-0036
003T700000JzYVQIA3,awil_4vcyl1xi_18b@perftest.example.com,AWIL_4vcYL1xI_FN_018_B,AWIL_4vcYL1xI_LN_018_B,555-0037
003T700000JzYVRIA3,awil_4vcyl1xi_19a@perftest.example.com,AWIL_4vcYL1xI_FN_019_A,AWIL_4vcYL1xI_LN_019_A,555-0038
003T700000JzYVSIA3,awil_4vcyl1xi_19b@perftest.example.com,AWIL_4vcYL1xI_FN_019_B,AWIL_4vcYL1xI_LN_019_B,555-0039
003T700000JzYVTIA3,awil_4vcyl1xi_20a@perftest.example.com,AWIL_4vcYL1xI_FN_020_A,AWIL_4vcYL1xI_LN_020_A,555-0040
003T700000JzYVUIA3,awil_4vcyl1xi_20b@perftest.example.com,AWIL_4vcYL1xI_FN_020_B,AWIL_4vcYL1xI_LN_020_B,555-0041
003T700000JzYVVIA3,awil_4vcyl1xi_21a@perftest.example.com,AWIL_4vcYL1xI_FN_021_A,AWIL_4vcYL1xI_LN_021_A,555-0042
003T700000JzYVWIA3,awil_4vcyl1xi_21b@perftest.example.com,AWIL_4vcYL1xI_FN_021_B,AWIL_4vcYL1xI_LN_021_B,555-0043
003T700000JzYVXIA3,awil_4vcyl1xi_22a@perftest.example.com,AWIL_4vcYL1xI_FN_022_A,AWIL_4vcYL1xI_LN_022_A,555-0044
003T700000JzYVYIA3,awil_4vcyl1xi_22b@perftest.example.com,AWIL_4vcYL1xI_FN_022_B,AWIL_4vcYL1xI_LN_022_B,555-0045
003T700000JzYVZIA3,awil_4vcyl1xi_23a@perftest.example.com,AWIL_4vcYL1xI_FN_023_A,AWIL_4vcYL1xI_LN_023_A,555-0046
003T700000JzYVaIAN,awil_4vcyl1xi_23b@perftest.example.com,AWIL_4vcYL1xI_FN_023_B,AWIL_4vcYL1xI_LN_023_B,555-0047
003T700000JzYVbIAN,awil_4vcyl1xi_24a@perftest.example.com,AWIL_4vcYL1xI_FN_024_A,AWIL_4vcYL1xI_LN_024_A,555-0048
003T700000JzYVcIAN,awil_4vcyl1xi_24b@perftest.example.com,AWIL_4vcYL1xI_FN_024_B,AWIL_4vcYL1xI_LN_024_B,555-0049
003T700000JzYVdIAN,awil_4vcyl1xi_25a@perftest.example.com,AWIL_4vcYL1xI_FN_025_A,AWIL_4vcYL1xI_LN_025_A,555-0050
003T700000JzYVeIAN,awil_4vcyl1xi_25b@perftest.example.com,AWIL_4vcYL1xI_FN_025_B,AWIL_4vcYL1xI_LN_025_B,555-0051
003T700000JzYVfIAN,awil_4vcyl1xi_26a@perftest.example.com,AWIL_4vcYL1xI_FN_026_A,AWIL_4vcYL1xI_LN_026_A,555-0052
003T700000JzYVgIAN,awil_4vcyl1xi_26b@perftest.example.com,AWIL_4vcYL1xI_FN_026_B,AWIL_4vcYL1xI_LN_026_B,555-0053
003T700000JzYVhIAN,awil_4vcyl1xi_27a@perftest.example.com,AWIL_4vcYL1xI_FN_027_A,AWIL_4vcYL1xI_LN_027_A,555-0054
003T700000JzYViIAN,awil_4vcyl1xi_27b@perftest.example.com,AWIL_4vcYL1xI_FN_027_B,AWIL_4vcYL1xI_LN_027_B,555-0055
003T700000JzYVjIAN,awil_4vcyl1xi_28a@perftest.example.com,AWIL_4vcYL1xI_FN_028_A,AWIL_4vcYL1xI_LN_028_A,555-0056
003T700000JzYVkIAN,awil_4vcyl1xi_28b@perftest.example.com,AWIL_4vcYL1xI_FN_028_B,AWIL_4vcYL1xI_LN_028_B,555-0057
003T700000JzYVlIAN,awil_4vcyl1xi_29a@perftest.example.com,AWIL_4vcYL1xI_FN_029_A,AWIL_4vcYL1xI_LN_029_A,555-0058
003T700000JzYVmIAN,awil_4vcyl1xi_29b@perftest.example.com,AWIL_4vcYL1xI_FN_029_B,AWIL_4vcYL1xI_LN_029_B,555-0059
003T700000JzYVnIAN,awil_4vcyl1xi_30a@perftest.example.com,AWIL_4vcYL1xI_FN_030_A,AWIL_4vcYL1xI_LN_030_A,555-0060
003T700000JzYVoIAN,awil_4vcyl1xi_30b@perftest.example.com,AWIL_4vcYL1xI_FN_030_B,AWIL_4vcYL1xI_LN_030_B,555-0061
003T700000JzYVpIAN,awil_4vcyl1xi_31a@perftest.example.com,AWIL_4vcYL1xI_FN_031_A,AWIL_4vcYL1xI_LN_031_A,555-0062
003T700000JzYVqIAN,awil_4vcyl1xi_31b@perftest.example.com,AWIL_4vcYL1xI_FN_031_B,AWIL_4vcYL1xI_LN_031_B,555-0063
003T700000JzYVrIAN,awil_4vcyl1xi_32a@perftest.example.com,AWIL_4vcYL1xI_FN_032_A,AWIL_4vcYL1xI_LN_032_A,555-0064
003T700000JzYVsIAN,awil_4vcyl1xi_32b@perftest.example.com,AWIL_4vcYL1xI_FN_032_B,AWIL_4vcYL1xI_LN_032_B,555-0065
003T700000JzYVtIAN,awil_4vcyl1xi_33a@perftest.example.com,AWIL_4vcYL1xI_FN_033_A,AWIL_4vcYL1xI_LN_033_A,555-0066
003T700000JzYVuIAN,awil_4vcyl1xi_33b@perftest.example.com,AWIL_4vcYL1xI_FN_033_B,AWIL_4vcYL1xI_LN_033_B,555-0067
003T700000JzYVvIAN,awil_4vcyl1xi_34a@perftest.example.com,AWIL_4vcYL1xI_FN_034_A,AWIL_4vcYL1xI_LN_034_A,555-0068
003T700000JzYVwIAN,awil_4vcyl1xi_34b@perftest.example.com,AWIL_4vcYL1xI_FN_034_B,AWIL_4vcYL1xI_LN_034_B,555-0069
003T700000JzYVxIAN,awil_4vcyl1xi_35a@perftest.example.com,AWIL_4vcYL1xI_FN_035_A,AWIL_4vcYL1xI_LN_035_A,555-0070
003T700000JzYVyIAN,awil_4vcyl1xi_35b@perftest.example.com,AWIL_4vcYL1xI_FN_035_B,AWIL_4vcYL1xI_LN_035_B,555-0071
003T700000JzYVzIAN,awil_4vcyl1xi_36a@perftest.example.com,AWIL_4vcYL1xI_FN_036_A,AWIL_4vcYL1xI_LN_036_A,555-0072
003T700000JzYW0IAN,awil_4vcyl1xi_36b@perftest.example.com,AWIL_4vcYL1xI_FN_036_B,AWIL_4vcYL1xI_LN_036_B,555-0073
003T700000JzYW1IAN,awil_4vcyl1xi_37a@perftest.example.com,AWIL_4vcYL1xI_FN_037_A,AWIL_4vcYL1xI_LN_037_A,555-0074
003T700000JzYW2IAN,awil_4vcyl1xi_37b@perftest.example.com,AWIL_4vcYL1xI_FN_037_B,AWIL_4vcYL1xI_LN_037_B,555-0075
003T700000JzYW3IAN,awil_4vcyl1xi_38a@perftest.example.com,AWIL_4vcYL1xI_FN_038_A,AWIL_4vcYL1xI_LN_038_A,555-0076
003T700000JzYW4IAN,awil_4vcyl1xi_38b@perftest.example.com,AWIL_4vcYL1xI_FN_038_B,AWIL_4vcYL1xI_LN_038_B,555-0077
003T700000JzYW5IAN,awil_4vcyl1xi_39a@perftest.example.com,AWIL_4vcYL1xI_FN_039_A,AWIL_4vcYL1xI_LN_039_A,555-0078
003T700000JzYW6IAN,awil_4vcyl1xi_39b@perftest.example.com,AWIL_4vcYL1xI_FN_039_B,AWIL_4vcYL1xI_LN_039_B,555-0079
003T700000JzYW7IAN,awil_4vcyl1xi_40a@perftest.example.com,AWIL_4vcYL1xI_FN_040_A,AWIL_4vcYL1xI_LN_040_A,555-0080
003T700000JzYW8IAN,awil_4vcyl1xi_40b@perftest.example.com,AWIL_4vcYL1xI_FN_040_B,AWIL_4vcYL1xI_LN_040_B,555-0081
003T700000JzYW9IAN,awil_4vcyl1xi_41a@perftest.example.com,AWIL_4vcYL1xI_FN_041_A,AWIL_4vcYL1xI_LN_041_A,555-0082
003T700000JzYWAIA3,awil_4vcyl1xi_41b@perftest.example.com,AWIL_4vcYL1xI_FN_041_B,AWIL_4vcYL1xI_LN_041_B,555-0083
003T700000JzYWBIA3,awil_4vcyl1xi_42a@perftest.example.com,AWIL_4vcYL1xI_FN_042_A,AWIL_4vcYL1xI_LN_042_A,555-0084
003T700000JzYWCIA3,awil_4vcyl1xi_42b@perftest.example.com,AWIL_4vcYL1xI_FN_042_B,AWIL_4vcYL1xI_LN_042_B,555-0085
003T700000JzYWDIA3,awil_4vcyl1xi_43a@perftest.example.com,AWIL_4vcYL1xI_FN_043_A,AWIL_4vcYL1xI_LN_043_A,555-0086
003T700000JzYWEIA3,awil_4vcyl1xi_43b@perftest.example.com,AWIL_4vcYL1xI_FN_043_B,AWIL_4vcYL1xI_LN_043_B,555-0087
003T700000JzYWFIA3,awil_4vcyl1xi_44a@perftest.example.com,AWIL_4vcYL1xI_FN_044_A,AWIL_4vcYL1xI_LN_044_A,555-0088
003T700000JzYWGIA3,awil_4vcyl1xi_44b@perftest.example.com,AWIL_4vcYL1xI_FN_044_B,AWIL_4vcYL1xI_LN_044_B,555-0089
003T700000JzYWHIA3,awil_4vcyl1xi_45a@perftest.example.com,AWIL_4vcYL1xI_FN_045_A,AWIL_4vcYL1xI_LN_045_A,555-0090
003T700000JzYWIIA3,awil_4vcyl1xi_45b@perftest.example.com,AWIL_4vcYL1xI_FN_045_B,AWIL_4vcYL1xI_LN_045_B,555-0091
003T700000JzYWJIA3,awil_4vcyl1xi_46a@perftest.example.com,AWIL_4vcYL1xI_FN_046_A,AWIL_4vcYL1xI_LN_046_A,555-0092
003T700000JzYWKIA3,awil_4vcyl1xi_46b@perftest.example.com,AWIL_4vcYL1xI_FN_046_B,AWIL_4vcYL1xI_LN_046_B,555-0093
003T700000JzYWLIA3,awil_4vcyl1xi_47a@perftest.example.com,AWIL_4vcYL1xI_FN_047_A,AWIL_4vcYL1xI_LN_047_A,555-0094
003T700000JzYWMIA3,awil_4vcyl1xi_47b@perftest.example.com,AWIL_4vcYL1xI_FN_047_B,AWIL_4vcYL1xI_LN_047_B,555-0095
003T700000JzYWNIA3,awil_4vcyl1xi_48a@perftest.example.com,AWIL_4vcYL1xI_FN_048_A,AWIL_4vcYL1xI_LN_048_A,555-0096
003T700000JzYWOIA3,awil_4vcyl1xi_48b@perftest.example.com,AWIL_4vcYL1xI_FN_048_B,AWIL_4vcYL1xI_LN_048_B,555-0097
003T700000JzYWPIA3,awil_4vcyl1xi_49a@perftest.example.com,AWIL_4vcYL1xI_FN_049_A,AWIL_4vcYL1xI_LN_049_A,555-0098
003T700000JzYWQIA3,awil_4vcyl1xi_49b@perftest.example.com,AWIL_4vcYL1xI_FN_049_B,AWIL_4vcYL1xI_LN_049_B,555-0099
003T700000JzYWRIA3,awil_4vcyl1xi_50a@perftest.example.com,AWIL_4vcYL1xI_FN_050_A,AWIL_4vcYL1xI_LN_050_A,555-0100
003T700000JzYWSIA3,awil_4vcyl1xi_50b@perftest.example.com,AWIL_4vcYL1xI_FN_050_B,AWIL_4vcYL1xI_LN_050_B,555-0101
003T700000JzYWTIA3,awil_4vcyl1xi_51a@perftest.example.com,AWIL_4vcYL1xI_FN_051_A,AWIL_4vcYL1xI_LN_051_A,555-0102
003T700000JzYWUIA3,awil_4vcyl1xi_51b@perftest.example.com,AWIL_4vcYL1xI_FN_051_B,AWIL_4vcYL1xI_LN_051_B,555-0103
003T700000JzYWVIA3,awil_4vcyl1xi_52a@perftest.example.com,AWIL_4vcYL1xI_FN_052_A,AWIL_4vcYL1xI_LN_052_A,555-0104
003T700000JzYWWIA3,awil_4vcyl1xi_52b@perftest.example.com,AWIL_4vcYL1xI_FN_052_B,AWIL_4vcYL1xI_LN_052_B,555-0105
003T700000JzYWXIA3,awil_4vcyl1xi_53a@perftest.example.com,AWIL_4vcYL1xI_FN_053_A,AWIL_4vcYL1xI_LN_053_A,555-0106
003T700000JzYWYIA3,awil_4vcyl1xi_53b@perftest.example.com,AWIL_4vcYL1xI_FN_053_B,AWIL_4vcYL1xI_LN_053_B,555-0107
003T700000JzYWZIA3,awil_4vcyl1xi_54a@perftest.example.com,AWIL_4vcYL1xI_FN_054_A,AWIL_4vcYL1xI_LN_054_A,555-0108
003T700000JzYWaIAN,awil_4vcyl1xi_54b@perftest.example.com,AWIL_4vcYL1xI_FN_054_B,AWIL_4vcYL1xI_LN_054_B,555-0109
003T700000JzYWbIAN,awil_4vcyl1xi_55a@perftest.example.com,AWIL_4vcYL1xI_FN_055_A,AWIL_4vcYL1xI_LN_055_A,555-0110
003T700000JzYWcIAN,awil_4vcyl1xi_55b@perftest.example.com,AWIL_4vcYL1xI_FN_055_B,AWIL_4vcYL1xI_LN_055_B,555-0111
003T700000JzYWdIAN,awil_4vcyl1xi_56a@perftest.example.com,AWIL_4vcYL1xI_FN_056_A,AWIL_4vcYL1xI_LN_056_A,555-0112
003T700000JzYWeIAN,awil_4vcyl1xi_56b@perftest.example.com,AWIL_4vcYL1xI_FN_056_B,AWIL_4vcYL1xI_LN_056_B,555-0113
003T700000JzYWfIAN,awil_4vcyl1xi_57a@perftest.example.com,AWIL_4vcYL1xI_FN_057_A,AWIL_4vcYL1xI_LN_057_A,555-0114
003T700000JzYWgIAN,awil_4vcyl1xi_57b@perftest.example.com,AWIL_4vcYL1xI_FN_057_B,AWIL_4vcYL1xI_LN_057_B,555-0115
003T700000JzYWhIAN,awil_4vcyl1xi_58a@perftest.example.com,AWIL_4vcYL1xI_FN_058_A,AWIL_4vcYL1xI_LN_058_A,555-0116
003T700000JzYWiIAN,awil_4vcyl1xi_58b@perftest.example.com,AWIL_4vcYL1xI_FN_058_B,AWIL_4vcYL1xI_LN_058_B,555-0117
003T700000JzYWjIAN,awil_4vcyl1xi_59a@perftest.example.com,AWIL_4vcYL1xI_FN_059_A,AWIL_4vcYL1xI_LN_059_A,555-0118
003T700000JzYWkIAN,awil_4vcyl1xi_59b@perftest.example.com,AWIL_4vcYL1xI_FN_059_B,AWIL_4vcYL1xI_LN_059_B,555-0119
003T700000JzYWlIAN,awil_4vcyl1xi_60a@perftest.example.com,AWIL_4vcYL1xI_FN_060_A,AWIL_4vcYL1xI_LN_060_A,555-0120
003T700000JzYWmIAN,awil_4vcyl1xi_60b@perftest.example.com,AWIL_4vcYL1xI_FN_060_B,AWIL_4vcYL1xI_LN_060_B,555-0121
003T700000JzYWnIAN,awil_4vcyl1xi_61a@perftest.example.com,AWIL_4vcYL1xI_FN_061_A,AWIL_4vcYL1xI_LN_061_A,555-0122
003T700000JzYWoIAN,awil_4vcyl1xi_61b@perftest.example.com,AWIL_4vcYL1xI_FN_061_B,AWIL_4vcYL1xI_LN_061_B,555-0123
003T700000JzYWpIAN,awil_4vcyl1xi_62a@perftest.example.com,AWIL_4vcYL1xI_FN_062_A,AWIL_4vcYL1xI_LN_062_A,555-0124
003T700000JzYWqIAN,awil_4vcyl1xi_62b@perftest.example.com,AWIL_4vcYL1xI_FN_062_B,AWIL_4vcYL1xI_LN_062_B,555-0125
003T700000JzYWrIAN,awil_4vcyl1xi_63a@perftest.example.com,AWIL_4vcYL1xI_FN_063_A,AWIL_4vcYL1xI_LN_063_A,555-0126
003T700000JzYWsIAN,awil_4vcyl1xi_63b@perftest.example.com,AWIL_4vcYL1xI_FN_063_B,AWIL_4vcYL1xI_LN_063_B,555-0127
003T700000JzYWtIAN,awil_4vcyl1xi_64a@perftest.example.com,AWIL_4vcYL1xI_FN_064_A,AWIL_4vcYL1xI_LN_064_A,555-0128
003T700000JzYWuIAN,awil_4vcyl1xi_64b@perftest.example.com,AWIL_4vcYL1xI_FN_064_B,AWIL_4vcYL1xI_LN_064_B,555-0129
003T700000JzYWvIAN,awil_4vcyl1xi_65a@perftest.example.com,AWIL_4vcYL1xI_FN_065_A,AWIL_4vcYL1xI_LN_065_A,555-0130
003T700000JzYWwIAN,awil_4vcyl1xi_65b@perftest.example.com,AWIL_4vcYL1xI_FN_065_B,AWIL_4vcYL1xI_LN_065_B,555-0131
003T700000JzYWxIAN,awil_4vcyl1xi_66a@perftest.example.com,AWIL_4vcYL1xI_FN_066_A,AWIL_4vcYL1xI_LN_066_A,555-0132
003T700000JzYWyIAN,awil_4vcyl1xi_66b@perftest.example.com,AWIL_4vcYL1xI_FN_066_B,AWIL_4vcYL1xI_LN_066_B,555-0133
003T700000JzYWzIAN,awil_4vcyl1xi_67a@perftest.example.com,AWIL_4vcYL1xI_FN_067_A,AWIL_4vcYL1xI_LN_067_A,555-0134
003T700000JzYX0IAN,awil_4vcyl1xi_67b@perftest.example.com,AWIL_4vcYL1xI_FN_067_B,AWIL_4vcYL1xI_LN_067_B,555-0135
003T700000JzYX1IAN,awil_4vcyl1xi_68a@perftest.example.com,AWIL_4vcYL1xI_FN_068_A,AWIL_4vcYL1xI_LN_068_A,555-0136
003T700000JzYX2IAN,awil_4vcyl1xi_68b@perftest.example.com,AWIL_4vcYL1xI_FN_068_B,AWIL_4vcYL1xI_LN_068_B,555-0137
003T700000JzYX3IAN,awil_4vcyl1xi_69a@perftest.example.com,AWIL_4vcYL1xI_FN_069_A,AWIL_4vcYL1xI_LN_069_A,555-0138
003T700000JzYX4IAN,awil_4vcyl1xi_69b@perftest.example.com,AWIL_4vcYL1xI_FN_069_B,AWIL_4vcYL1xI_LN_069_B,555-0139
003T700000JzYX5IAN,awil_4vcyl1xi_70a@perftest.example.com,AWIL_4vcYL1xI_FN_070_A,AWIL_4vcYL1xI_LN_070_A,555-0140
003T700000JzYX6IAN,awil_4vcyl1xi_70b@perftest.example.com,AWIL_4vcYL1xI_FN_070_B,AWIL_4vcYL1xI_LN_070_B,555-0141
003T700000JzYX7IAN,awil_4vcyl1xi_71a@perftest.example.com,AWIL_4vcYL1xI_FN_071_A,AWIL_4vcYL1xI_LN_071_A,555-0142
003T700000JzYX8IAN,awil_4vcyl1xi_71b@perftest.example.com,AWIL_4vcYL1xI_FN_071_B,AWIL_4vcYL1xI_LN_071_B,555-0143
003T700000JzYX9IAN,awil_4vcyl1xi_72a@perftest.example.com,AWIL_4vcYL1xI_FN_072_A,AWIL_4vcYL1xI_LN_072_A,555-0144
003T700000JzYXAIA3,awil_4vcyl1xi_72b@perftest.example.com,AWIL_4vcYL1xI_FN_072_B,AWIL_4vcYL1xI_LN_072_B,555-0145
003T700000JzYXBIA3,awil_4vcyl1xi_73a@perftest.example.com,AWIL_4vcYL1xI_FN_073_A,AWIL_4vcYL1xI_LN_073_A,555-0146
003T700000JzYXCIA3,awil_4vcyl1xi_73b@perftest.example.com,AWIL_4vcYL1xI_FN_073_B,AWIL_4vcYL1xI_LN_073_B,555-0147
003T700000JzYXDIA3,awil_4vcyl1xi_74a@perftest.example.com,AWIL_4vcYL1xI_FN_074_A,AWIL_4vcYL1xI_LN_074_A,555-0148
003T700000JzYXEIA3,awil_4vcyl1xi_74b@perftest.example.com,AWIL_4vcYL1xI_FN_074_B,AWIL_4vcYL1xI_LN_074_B,555-0149
003T700000JzYXFIA3,awil_4vcyl1xi_75a@perftest.example.com,AWIL_4vcYL1xI_FN_075_A,AWIL_4vcYL1xI_LN_075_A,555-0150
003T700000JzYXGIA3,awil_4vcyl1xi_75b@perftest.example.com,AWIL_4vcYL1xI_FN_075_B,AWIL_4vcYL1xI_LN_075_B,555-0151
003T700000JzYXHIA3,awil_4vcyl1xi_76a@perftest.example.com,AWIL_4vcYL1xI_FN_076_A,AWIL_4vcYL1xI_LN_076_A,555-0152
003T700000JzYXIIA3,awil_4vcyl1xi_76b@perftest.example.com,AWIL_4vcYL1xI_FN_076_B,AWIL_4vcYL1xI_LN_076_B,555-0153
003T700000JzYXJIA3,awil_4vcyl1xi_77a@perftest.example.com,AWIL_4vcYL1xI_FN_077_A,AWIL_4vcYL1xI_LN_077_A,555-0154
003T700000JzYXKIA3,awil_4vcyl1xi_77b@perftest.example.com,AWIL_4vcYL1xI_FN_077_B,AWIL_4vcYL1xI_LN_077_B,555-0155
003T700000JzYXLIA3,awil_4vcyl1xi_78a@perftest.example.com,AWIL_4vcYL1xI_FN_078_A,AWIL_4vcYL1xI_LN_078_A,555-0156
003T700000JzYXMIA3,awil_4vcyl1xi_78b@perftest.example.com,AWIL_4vcYL1xI_FN_078_B,AWIL_4vcYL1xI_LN_078_B,555-0157
003T700000JzYXNIA3,awil_4vcyl1xi_79a@perftest.example.com,AWIL_4vcYL1xI_FN_079_A,AWIL_4vcYL1xI_LN_079_A,555-0158
003T700000JzYXOIA3,awil_4vcyl1xi_79b@perftest.example.com,AWIL_4vcYL1xI_FN_079_B,AWIL_4vcYL1xI_LN_079_B,555-0159
003T700000JzYXPIA3,awil_4vcyl1xi_80a@perftest.example.com,AWIL_4vcYL1xI_FN_080_A,AWIL_4vcYL1xI_LN_080_A,555-0160
003T700000JzYXQIA3,awil_4vcyl1xi_80b@perftest.example.com,AWIL_4vcYL1xI_FN_080_B,AWIL_4vcYL1xI_LN_080_B,555-0161
003T700000Jzzq1IAB,qwil_64z53gqk_1a@perftest.example.com,QWIL_64z53Gqk_FN_001_A,QWIL_64z53Gqk_LN_001_A,555-0002
003T700000Jzzq2IAB,qwil_64z53gqk_1b@perftest.example.com,QWIL_64z53Gqk_FN_001_B,QWIL_64z53Gqk_LN_001_B,555-0003
003T700000Jzzq3IAB,qwil_64z53gqk_2a@perftest.example.com,QWIL_64z53Gqk_FN_002_A,QWIL_64z53Gqk_LN_002_A,555-0004
003T700000Jzzq4IAB,qwil_64z53gqk_2b@perftest.example.com,QWIL_64z53Gqk_FN_002_B,QWIL_64z53Gqk_LN_002_B,555-0005
003T700000Jzzq5IAB,qwil_64z53gqk_3a@perftest.example.com,QWIL_64z53Gqk_FN_003_A,QWIL_64z53Gqk_LN_003_A,555-0006
003T700000Jzzq6IAB,qwil_64z53gqk_3b@perftest.example.com,QWIL_64z53Gqk_FN_003_B,QWIL_64z53Gqk_LN_003_B,555-0007
003T700000Jzzq7IAB,qwil_64z53gqk_4a@perftest.example.com,QWIL_64z53Gqk_FN_004_A,QWIL_64z53Gqk_LN_004_A,555-0008
003T700000Jzzq8IAB,qwil_64z53gqk_4b@perftest.example.com,QWIL_64z53Gqk_FN_004_B,QWIL_64z53Gqk_LN_004_B,555-0009
003T700000Jzzq9IAB,qwil_64z53gqk_5a@perftest.example.com,QWIL_64z53Gqk_FN_005_A,QWIL_64z53Gqk_LN_005_A,555-0010
003T700000JzzqAIAR,qwil_64z53gqk_5b@perftest.example.com,QWIL_64z53Gqk_FN_005_B,QWIL_64z53Gqk_LN_005_B,555-0011
003T700000JzzqBIAR,qwil_64z53gqk_6a@perftest.example.com,QWIL_64z53Gqk_FN_006_A,QWIL_64z53Gqk_LN_006_A,555-0012
003T700000JzzqCIAR,qwil_64z53gqk_6b@perftest.example.com,QWIL_64z53Gqk_FN_006_B,QWIL_64z53Gqk_LN_006_B,555-0013
003T700000JzzqDIAR,qwil_64z53gqk_7a@perftest.example.com,QWIL_64z53Gqk_FN_007_A,QWIL_64z53Gqk_LN_007_A,555-0014
003T700000JzzqEIAR,qwil_64z53gqk_7b@perftest.example.com,QWIL_64z53Gqk_FN_007_B,QWIL_64z53Gqk_LN_007_B,555-0015
003T700000JzzqFIAR,qwil_64z53gqk_8a@perftest.example.com,QWIL_64z53Gqk_FN_008_A,QWIL_64z53Gqk_LN_008_A,555-0016
003T700000JzzqGIAR,qwil_64z53gqk_8b@perftest.example.com,QWIL_64z53Gqk_FN_008_B,QWIL_64z53Gqk_LN_008_B,555-0017
003T700000JzzqHIAR,qwil_64z53gqk_9a@perftest.example.com,QWIL_64z53Gqk_FN_009_A,QWIL_64z53Gqk_LN_009_A,555-0018
003T700000JzzqIIAR,qwil_64z53gqk_9b@perftest.example.com,QWIL_64z53Gqk_FN_009_B,QWIL_64z53Gqk_LN_009_B,555-0019
003T700000JzzqJIAR,qwil_64z53gqk_10a@perftest.example.com,QWIL_64z53Gqk_FN_010_A,QWIL_64z53Gqk_LN_010_A,555-0020
003T700000JzzqKIAR,qwil_64z53gqk_10b@perftest.example.com,QWIL_64z53Gqk_FN_010_B,QWIL_64z53Gqk_LN_010_B,555-0021
003T700000JzzqLIAR,qwil_64z53gqk_11a@perftest.example.com,QWIL_64z53Gqk_FN_011_A,QWIL_64z53Gqk_LN_011_A,555-0022
003T700000JzzqMIAR,qwil_64z53gqk_11b@perftest.example.com,QWIL_64z53Gqk_FN_011_B,QWIL_64z53Gqk_LN_011_B,555-0023
003T700000JzzqNIAR,qwil_64z53gqk_12a@perftest.example.com,QWIL_64z53Gqk_FN_012_A,QWIL_64z53Gqk_LN_012_A,555-0024
003T700000JzzqOIAR,qwil_64z53gqk_12b@perftest.example.com,QWIL_64z53Gqk_FN_012_B,QWIL_64z53Gqk_LN_012_B,555-0025
003T700000JzzqPIAR,qwil_64z53gqk_13a@perftest.example.com,QWIL_64z53Gqk_FN_013_A,QWIL_64z53Gqk_LN_013_A,555-0026
003T700000JzzqQIAR,qwil_64z53gqk_13b@perftest.example.com,QWIL_64z53Gqk_FN_013_B,QWIL_64z53Gqk_LN_013_B,555-0027
003T700000JzzqRIAR,qwil_64z53gqk_14a@perftest.example.com,QWIL_64z53Gqk_FN_014_A,QWIL_64z53Gqk_LN_014_A,555-0028
003T700000JzzqSIAR,qwil_64z53gqk_14b@perftest.example.com,QWIL_64z53Gqk_FN_014_B,QWIL_64z53Gqk_LN_014_B,555-0029
003T700000JzzqTIAR,qwil_64z53gqk_15a@perftest.example.com,QWIL_64z53Gqk_FN_015_A,QWIL_64z53Gqk_LN_015_A,555-0030
003T700000JzzqUIAR,qwil_64z53gqk_15b@perftest.example.com,QWIL_64z53Gqk_FN_015_B,QWIL_64z53Gqk_LN_015_B,555-0031
003T700000JzzqVIAR,qwil_64z53gqk_16a@perftest.example.com,QWIL_64z53Gqk_FN_016_A,QWIL_64z53Gqk_LN_016_A,555-0032
003T700000JzzqWIAR,qwil_64z53gqk_16b@perftest.example.com,QWIL_64z53Gqk_FN_016_B,QWIL_64z53Gqk_LN_016_B,555-0033
003T700000JzzqXIAR,qwil_64z53gqk_17a@perftest.example.com,QWIL_64z53Gqk_FN_017_A,QWIL_64z53Gqk_LN_017_A,555-0034
003T700000JzzqYIAR,qwil_64z53gqk_17b@perftest.example.com,QWIL_64z53Gqk_FN_017_B,QWIL_64z53Gqk_LN_017_B,555-0035
003T700000JzzqZIAR,qwil_64z53gqk_18a@perftest.example.com,QWIL_64z53Gqk_FN_018_A,QWIL_64z53Gqk_LN_018_A,555-0036
003T700000JzzqaIAB,qwil_64z53gqk_18b@perftest.example.com,QWIL_64z53Gqk_FN_018_B,QWIL_64z53Gqk_LN_018_B,555-0037
003T700000JzzqbIAB,qwil_64z53gqk_19a@perftest.example.com,QWIL_64z53Gqk_FN_019_A,QWIL_64z53Gqk_LN_019_A,555-0038
003T700000JzzqcIAB,qwil_64z53gqk_19b@perftest.example.com,QWIL_64z53Gqk_FN_019_B,QWIL_64z53Gqk_LN_019_B,555-0039
003T700000JzzqdIAB,qwil_64z53gqk_20a@perftest.example.com,QWIL_64z53Gqk_FN_020_A,QWIL_64z53Gqk_LN_020_A,555-0040
003T700000JzzqeIAB,qwil_64z53gqk_20b@perftest.example.com,QWIL_64z53Gqk_FN_020_B,QWIL_64z53Gqk_LN_020_B,555-0041
003T700000JzzqfIAB,qwil_64z53gqk_21a@perftest.example.com,QWIL_64z53Gqk_FN_021_A,QWIL_64z53Gqk_LN_021_A,555-0042
003T700000JzzqgIAB,qwil_64z53gqk_21b@perftest.example.com,QWIL_64z53Gqk_FN_021_B,QWIL_64z53Gqk_LN_021_B,555-0043
003T700000JzzqhIAB,qwil_64z53gqk_22a@perftest.example.com,QWIL_64z53Gqk_FN_022_A,QWIL_64z53Gqk_LN_022_A,555-0044
003T700000JzzqiIAB,qwil_64z53gqk_22b@perftest.example.com,QWIL_64z53Gqk_FN_022_B,QWIL_64z53Gqk_LN_022_B,555-0045
003T700000JzzqjIAB,qwil_64z53gqk_23a@perftest.example.com,QWIL_64z53Gqk_FN_023_A,QWIL_64z53Gqk_LN_023_A,555-0046
003T700000JzzqkIAB,qwil_64z53gqk_23b@perftest.example.com,QWIL_64z53Gqk_FN_023_B,QWIL_64z53Gqk_LN_023_B,555-0047
003T700000JzzqlIAB,qwil_64z53gqk_24a@perftest.example.com,QWIL_64z53Gqk_FN_024_A,QWIL_64z53Gqk_LN_024_A,555-0048
003T700000JzzqmIAB,qwil_64z53gqk_24b@perftest.example.com,QWIL_64z53Gqk_FN_024_B,QWIL_64z53Gqk_LN_024_B,555-0049
003T700000JzzqnIAB,qwil_64z53gqk_25a@perftest.example.com,QWIL_64z53Gqk_FN_025_A,QWIL_64z53Gqk_LN_025_A,555-0050
003T700000JzzqoIAB,qwil_64z53gqk_25b@perftest.example.com,QWIL_64z53Gqk_FN_025_B,QWIL_64z53Gqk_LN_025_B,555-0051
003T700000JzzqpIAB,qwil_64z53gqk_26a@perftest.example.com,QWIL_64z53Gqk_FN_026_A,QWIL_64z53Gqk_LN_026_A,555-0052
003T700000JzzqqIAB,qwil_64z53gqk_26b@perftest.example.com,QWIL_64z53Gqk_FN_026_B,QWIL_64z53Gqk_LN_026_B,555-0053
003T700000JzzqrIAB,qwil_64z53gqk_27a@perftest.example.com,QWIL_64z53Gqk_FN_027_A,QWIL_64z53Gqk_LN_027_A,555-0054
003T700000JzzqsIAB,qwil_64z53gqk_27b@perftest.example.com,QWIL_64z53Gqk_FN_027_B,QWIL_64z53Gqk_LN_027_B,555-0055
003T700000JzzqtIAB,qwil_64z53gqk_28a@perftest.example.com,QWIL_64z53Gqk_FN_028_A,QWIL_64z53Gqk_LN_028_A,555-0056
003T700000JzzquIAB,qwil_64z53gqk_28b@perftest.example.com,QWIL_64z53Gqk_FN_028_B,QWIL_64z53Gqk_LN_028_B,555-0057
003T700000JzzqvIAB,qwil_64z53gqk_29a@perftest.example.com,QWIL_64z53Gqk_FN_029_A,QWIL_64z53Gqk_LN_029_A,555-0058
003T700000JzzqwIAB,qwil_64z53gqk_29b@perftest.example.com,QWIL_64z53Gqk_FN_029_B,QWIL_64z53Gqk_LN_029_B,555-0059
003T700000JzzqxIAB,qwil_64z53gqk_30a@perftest.example.com,QWIL_64z53Gqk_FN_030_A,QWIL_64z53Gqk_LN_030_A,555-0060
003T700000JzzqyIAB,qwil_64z53gqk_30b@perftest.example.com,QWIL_64z53Gqk_FN_030_B,QWIL_64z53Gqk_LN_030_B,555-0061
003T700000JzzqzIAB,qwil_64z53gqk_31a@perftest.example.com,QWIL_64z53Gqk_FN_031_A,QWIL_64z53Gqk_LN_031_A,555-0062
003T700000Jzzr0IAB,qwil_64z53gqk_31b@perftest.example.com,QWIL_64z53Gqk_FN_031_B,QWIL_64z53Gqk_LN_031_B,555-0063
003T700000Jzzr1IAB,qwil_64z53gqk_32a@perftest.example.com,QWIL_64z53Gqk_FN_032_A,QWIL_64z53Gqk_LN_032_A,555-0064
003T700000Jzzr2IAB,qwil_64z53gqk_32b@perftest.example.com,QWIL_64z53Gqk_FN_032_B,QWIL_64z53Gqk_LN_032_B,555-0065
003T700000Jzzr3IAB,qwil_64z53gqk_33a@perftest.example.com,QWIL_64z53Gqk_FN_033_A,QWIL_64z53Gqk_LN_033_A,555-0066
003T700000Jzzr4IAB,qwil_64z53gqk_33b@perftest.example.com,QWIL_64z53Gqk_FN_033_B,QWIL_64z53Gqk_LN_033_B,555-0067
003T700000Jzzr5IAB,qwil_64z53gqk_34a@perftest.example.com,QWIL_64z53Gqk_FN_034_A,QWIL_64z53Gqk_LN_034_A,555-0068
003T700000Jzzr6IAB,qwil_64z53gqk_34b@perftest.example.com,QWIL_64z53Gqk_FN_034_B,QWIL_64z53Gqk_LN_034_B,555-0069
003T700000Jzzr7IAB,qwil_64z53gqk_35a@perftest.example.com,QWIL_64z53Gqk_FN_035_A,QWIL_64z53Gqk_LN_035_A,555-0070
003T700000Jzzr8IAB,qwil_64z53gqk_35b@perftest.example.com,QWIL_64z53Gqk_FN_035_B,QWIL_64z53Gqk_LN_035_B,555-0071
003T700000Jzzr9IAB,qwil_64z53gqk_36a@perftest.example.com,QWIL_64z53Gqk_FN_036_A,QWIL_64z53Gqk_LN_036_A,555-0072
003T700000JzzrAIAR,qwil_64z53gqk_36b@perftest.example.com,QWIL_64z53Gqk_FN_036_B,QWIL_64z53Gqk_LN_036_B,555-0073
003T700000JzzrBIAR,qwil_64z53gqk_37a@perftest.example.com,QWIL_64z53Gqk_FN_037_A,QWIL_64z53Gqk_LN_037_A,555-0074
003T700000JzzrCIAR,qwil_64z53gqk_37b@perftest.example.com,QWIL_64z53Gqk_FN_037_B,QWIL_64z53Gqk_LN_037_B,555-0075
003T700000JzzrDIAR,qwil_64z53gqk_38a@perftest.example.com,QWIL_64z53Gqk_FN_038_A,QWIL_64z53Gqk_LN_038_A,555-0076
003T700000JzzrEIAR,qwil_64z53gqk_38b@perftest.example.com,QWIL_64z53Gqk_FN_038_B,QWIL_64z53Gqk_LN_038_B,555-0077
003T700000JzzrFIAR,qwil_64z53gqk_39a@perftest.example.com,QWIL_64z53Gqk_FN_039_A,QWIL_64z53Gqk_LN_039_A,555-0078
003T700000JzzrGIAR,qwil_64z53gqk_39b@perftest.example.com,QWIL_64z53Gqk_FN_039_B,QWIL_64z53Gqk_LN_039_B,555-0079
003T700000JzzrHIAR,qwil_64z53gqk_40a@perftest.example.com,QWIL_64z53Gqk_FN_040_A,QWIL_64z53Gqk_LN_040_A,555-0080
003T700000JzzrIIAR,qwil_64z53gqk_40b@perftest.example.com,QWIL_64z53Gqk_FN_040_B,QWIL_64z53Gqk_LN_040_B,555-0081
003T700000JzzrJIAR,qwil_64z53gqk_41a@perftest.example.com,QWIL_64z53Gqk_FN_041_A,QWIL_64z53Gqk_LN_041_A,555-0082
003T700000JzzrKIAR,qwil_64z53gqk_41b@perftest.example.com,QWIL_64z53Gqk_FN_041_B,QWIL_64z53Gqk_LN_041_B,555-0083
003T700000JzzrLIAR,qwil_64z53gqk_42a@perftest.example.com,QWIL_64z53Gqk_FN_042_A,QWIL_64z53Gqk_LN_042_A,555-0084
003T700000JzzrMIAR,qwil_64z53gqk_42b@perftest.example.com,QWIL_64z53Gqk_FN_042_B,QWIL_64z53Gqk_LN_042_B,555-0085
003T700000JzzrNIAR,qwil_64z53gqk_43a@perftest.example.com,QWIL_64z53Gqk_FN_043_A,QWIL_64z53Gqk_LN_043_A,555-0086
003T700000JzzrOIAR,qwil_64z53gqk_43b@perftest.example.com,QWIL_64z53Gqk_FN_043_B,QWIL_64z53Gqk_LN_043_B,555-0087
003T700000JzzrPIAR,qwil_64z53gqk_44a@perftest.example.com,QWIL_64z53Gqk_FN_044_A,QWIL_64z53Gqk_LN_044_A,555-0088
003T700000JzzrQIAR,qwil_64z53gqk_44b@perftest.example.com,QWIL_64z53Gqk_FN_044_B,QWIL_64z53Gqk_LN_044_B,555-0089
003T700000JzzrRIAR,qwil_64z53gqk_45a@perftest.example.com,QWIL_64z53Gqk_FN_045_A,QWIL_64z53Gqk_LN_045_A,555-0090
003T700000JzzrSIAR,qwil_64z53gqk_45b@perftest.example.com,QWIL_64z53Gqk_FN_045_B,QWIL_64z53Gqk_LN_045_B,555-0091
003T700000JzzrTIAR,qwil_64z53gqk_46a@perftest.example.com,QWIL_64z53Gqk_FN_046_A,QWIL_64z53Gqk_LN_046_A,555-0092
003T700000JzzrUIAR,qwil_64z53gqk_46b@perftest.example.com,QWIL_64z53Gqk_FN_046_B,QWIL_64z53Gqk_LN_046_B,555-0093
003T700000JzzrVIAR,qwil_64z53gqk_47a@perftest.example.com,QWIL_64z53Gqk_FN_047_A,QWIL_64z53Gqk_LN_047_A,555-0094
003T700000JzzrWIAR,qwil_64z53gqk_47b@perftest.example.com,QWIL_64z53Gqk_FN_047_B,QWIL_64z53Gqk_LN_047_B,555-0095
003T700000JzzrXIAR,qwil_64z53gqk_48a@perftest.example.com,QWIL_64z53Gqk_FN_048_A,QWIL_64z53Gqk_LN_048_A,555-0096
003T700000JzzrYIAR,qwil_64z53gqk_48b@perftest.example.com,QWIL_64z53Gqk_FN_048_B,QWIL_64z53Gqk_LN_048_B,555-0097
003T700000JzzrZIAR,qwil_64z53gqk_49a@perftest.example.com,QWIL_64z53Gqk_FN_049_A,QWIL_64z53Gqk_LN_049_A,555-0098
003T700000JzzraIAB,qwil_64z53gqk_49b@perftest.example.com,QWIL_64z53Gqk_FN_049_B,QWIL_64z53Gqk_LN_049_B,555-0099
003T700000JzzrbIAB,qwil_64z53gqk_50a@perftest.example.com,QWIL_64z53Gqk_FN_050_A,QWIL_64z53Gqk_LN_050_A,555-0100
003T700000JzzrcIAB,qwil_64z53gqk_50b@perftest.example.com,QWIL_64z53Gqk_FN_050_B,QWIL_64z53Gqk_LN_050_B,555-0101
003T700000JzzrdIAB,qwil_64z53gqk_51a@perftest.example.com,QWIL_64z53Gqk_FN_051_A,QWIL_64z53Gqk_LN_051_A,555-0102
003T700000JzzreIAB,qwil_64z53gqk_51b@perftest.example.com,QWIL_64z53Gqk_FN_051_B,QWIL_64z53Gqk_LN_051_B,555-0103
003T700000JzzrfIAB,qwil_64z53gqk_52a@perftest.example.com,QWIL_64z53Gqk_FN_052_A,QWIL_64z53Gqk_LN_052_A,555-0104
003T700000JzzrgIAB,qwil_64z53gqk_52b@perftest.example.com,QWIL_64z53Gqk_FN_052_B,QWIL_64z53Gqk_LN_052_B,555-0105
003T700000JzzrhIAB,qwil_64z53gqk_53a@perftest.example.com,QWIL_64z53Gqk_FN_053_A,QWIL_64z53Gqk_LN_053_A,555-0106
003T700000JzzriIAB,qwil_64z53gqk_53b@perftest.example.com,QWIL_64z53Gqk_FN_053_B,QWIL_64z53Gqk_LN_053_B,555-0107
003T700000JzzrjIAB,qwil_64z53gqk_54a@perftest.example.com,QWIL_64z53Gqk_FN_054_A,QWIL_64z53Gqk_LN_054_A,555-0108
003T700000JzzrkIAB,qwil_64z53gqk_54b@perftest.example.com,QWIL_64z53Gqk_FN_054_B,QWIL_64z53Gqk_LN_054_B,555-0109
003T700000JzzrlIAB,qwil_64z53gqk_55a@perftest.example.com,QWIL_64z53Gqk_FN_055_A,QWIL_64z53Gqk_LN_055_A,555-0110
003T700000JzzrmIAB,qwil_64z53gqk_55b@perftest.example.com,QWIL_64z53Gqk_FN_055_B,QWIL_64z53Gqk_LN_055_B,555-0111
003T700000JzzrnIAB,qwil_64z53gqk_56a@perftest.example.com,QWIL_64z53Gqk_FN_056_A,QWIL_64z53Gqk_LN_056_A,555-0112
003T700000JzzroIAB,qwil_64z53gqk_56b@perftest.example.com,QWIL_64z53Gqk_FN_056_B,QWIL_64z53Gqk_LN_056_B,555-0113
003T700000JzzrpIAB,qwil_64z53gqk_57a@perftest.example.com,QWIL_64z53Gqk_FN_057_A,QWIL_64z53Gqk_LN_057_A,555-0114
003T700000JzzrqIAB,qwil_64z53gqk_57b@perftest.example.com,QWIL_64z53Gqk_FN_057_B,QWIL_64z53Gqk_LN_057_B,555-0115
003T700000JzzrrIAB,qwil_64z53gqk_58a@perftest.example.com,QWIL_64z53Gqk_FN_058_A,QWIL_64z53Gqk_LN_058_A,555-0116
003T700000JzzrsIAB,qwil_64z53gqk_58b@perftest.example.com,QWIL_64z53Gqk_FN_058_B,QWIL_64z53Gqk_LN_058_B,555-0117
003T700000JzzrtIAB,qwil_64z53gqk_59a@perftest.example.com,QWIL_64z53Gqk_FN_059_A,QWIL_64z53Gqk_LN_059_A,555-0118
003T700000JzzruIAB,qwil_64z53gqk_59b@perftest.example.com,QWIL_64z53Gqk_FN_059_B,QWIL_64z53Gqk_LN_059_B,555-0119
003T700000JzzrvIAB,qwil_64z53gqk_60a@perftest.example.com,QWIL_64z53Gqk_FN_060_A,QWIL_64z53Gqk_LN_060_A,555-0120
003T700000JzzrwIAB,qwil_64z53gqk_60b@perftest.example.com,QWIL_64z53Gqk_FN_060_B,QWIL_64z53Gqk_LN_060_B,555-0121
003T700000JzzrxIAB,qwil_64z53gqk_61a@perftest.example.com,QWIL_64z53Gqk_FN_061_A,QWIL_64z53Gqk_LN_061_A,555-0122
003T700000JzzryIAB,qwil_64z53gqk_61b@perftest.example.com,QWIL_64z53Gqk_FN_061_B,QWIL_64z53Gqk_LN_061_B,555-0123
003T700000JzzrzIAB,qwil_64z53gqk_62a@perftest.example.com,QWIL_64z53Gqk_FN_062_A,QWIL_64z53Gqk_LN_062_A,555-0124
003T700000Jzzs0IAB,qwil_64z53gqk_62b@perftest.example.com,QWIL_64z53Gqk_FN_062_B,QWIL_64z53Gqk_LN_062_B,555-0125
003T700000Jzzs1IAB,qwil_64z53gqk_63a@perftest.example.com,QWIL_64z53Gqk_FN_063_A,QWIL_64z53Gqk_LN_063_A,555-0126
003T700000Jzzs2IAB,qwil_64z53gqk_63b@perftest.example.com,QWIL_64z53Gqk_FN_063_B,QWIL_64z53Gqk_LN_063_B,555-0127
003T700000Jzzs3IAB,qwil_64z53gqk_64a@perftest.example.com,QWIL_64z53Gqk_FN_064_A,QWIL_64z53Gqk_LN_064_A,555-0128
003T700000Jzzs4IAB,qwil_64z53gqk_64b@perftest.example.com,QWIL_64z53Gqk_FN_064_B,QWIL_64z53Gqk_LN_064_B,555-0129
003T700000Jzzs5IAB,qwil_64z53gqk_65a@perftest.example.com,QWIL_64z53Gqk_FN_065_A,QWIL_64z53Gqk_LN_065_A,555-0130
003T700000Jzzs6IAB,qwil_64z53gqk_65b@perftest.example.com,QWIL_64z53Gqk_FN_065_B,QWIL_64z53Gqk_LN_065_B,555-0131
003T700000Jzzs7IAB,qwil_64z53gqk_66a@perftest.example.com,QWIL_64z53Gqk_FN_066_A,QWIL_64z53Gqk_LN_066_A,555-0132
003T700000Jzzs8IAB,qwil_64z53gqk_66b@perftest.example.com,QWIL_64z53Gqk_FN_066_B,QWIL_64z53Gqk_LN_066_B,555-0133
003T700000Jzzs9IAB,qwil_64z53gqk_67a@perftest.example.com,QWIL_64z53Gqk_FN_067_A,QWIL_64z53Gqk_LN_067_A,555-0134
003T700000JzzsAIAR,qwil_64z53gqk_67b@perftest.example.com,QWIL_64z53Gqk_FN_067_B,QWIL_64z53Gqk_LN_067_B,555-0135
003T700000JzzsBIAR,qwil_64z53gqk_68a@perftest.example.com,QWIL_64z53Gqk_FN_068_A,QWIL_64z53Gqk_LN_068_A,555-0136
003T700000JzzsCIAR,qwil_64z53gqk_68b@perftest.example.com,QWIL_64z53Gqk_FN_068_B,QWIL_64z53Gqk_LN_068_B,555-0137
003T700000JzzsDIAR,qwil_64z53gqk_69a@perftest.example.com,QWIL_64z53Gqk_FN_069_A,QWIL_64z53Gqk_LN_069_A,555-0138
003T700000JzzsEIAR,qwil_64z53gqk_69b@perftest.example.com,QWIL_64z53Gqk_FN_069_B,QWIL_64z53Gqk_LN_069_B,555-0139
003T700000JzzsFIAR,qwil_64z53gqk_70a@perftest.example.com,QWIL_64z53Gqk_FN_070_A,QWIL_64z53Gqk_LN_070_A,555-0140
003T700000JzzsGIAR,qwil_64z53gqk_70b@perftest.example.com,QWIL_64z53Gqk_FN_070_B,QWIL_64z53Gqk_LN_070_B,555-0141
003T700000JzzsHIAR,qwil_64z53gqk_71a@perftest.example.com,QWIL_64z53Gqk_FN_071_A,QWIL_64z53Gqk_LN_071_A,555-0142
003T700000JzzsIIAR,qwil_64z53gqk_71b@perftest.example.com,QWIL_64z53Gqk_FN_071_B,QWIL_64z53Gqk_LN_071_B,555-0143
003T700000JzzsJIAR,qwil_64z53gqk_72a@perftest.example.com,QWIL_64z53Gqk_FN_072_A,QWIL_64z53Gqk_LN_072_A,555-0144
003T700000JzzsKIAR,qwil_64z53gqk_72b@perftest.example.com,QWIL_64z53Gqk_FN_072_B,QWIL_64z53Gqk_LN_072_B,555-0145
003T700000JzzsLIAR,qwil_64z53gqk_73a@perftest.example.com,QWIL_64z53Gqk_FN_073_A,QWIL_64z53Gqk_LN_073_A,555-0146
003T700000JzzsMIAR,qwil_64z53gqk_73b@perftest.example.com,QWIL_64z53Gqk_FN_073_B,QWIL_64z53Gqk_LN_073_B,555-0147
003T700000JzzsNIAR,qwil_64z53gqk_74a@perftest.example.com,QWIL_64z53Gqk_FN_074_A,QWIL_64z53Gqk_LN_074_A,555-0148
003T700000JzzsOIAR,qwil_64z53gqk_74b@perftest.example.com,QWIL_64z53Gqk_FN_074_B,QWIL_64z53Gqk_LN_074_B,555-0149
003T700000JzzsPIAR,qwil_64z53gqk_75a@perftest.example.com,QWIL_64z53Gqk_FN_075_A,QWIL_64z53Gqk_LN_075_A,555-0150
003T700000JzzsQIAR,qwil_64z53gqk_75b@perftest.example.com,QWIL_64z53Gqk_FN_075_B,QWIL_64z53Gqk_LN_075_B,555-0151
003T700000JzzsRIAR,qwil_64z53gqk_76a@perftest.example.com,QWIL_64z53Gqk_FN_076_A,QWIL_64z53Gqk_LN_076_A,555-0152
003T700000JzzsSIAR,qwil_64z53gqk_76b@perftest.example.com,QWIL_64z53Gqk_FN_076_B,QWIL_64z53Gqk_LN_076_B,555-0153
003T700000JzzsTIAR,qwil_64z53gqk_77a@perftest.example.com,QWIL_64z53Gqk_FN_077_A,QWIL_64z53Gqk_LN_077_A,555-0154
003T700000JzzsUIAR,qwil_64z53gqk_77b@perftest.example.com,QWIL_64z53Gqk_FN_077_B,QWIL_64z53Gqk_LN_077_B,555-0155
003T700000JzzsVIAR,qwil_64z53gqk_78a@perftest.example.com,QWIL_64z53Gqk_FN_078_A,QWIL_64z53Gqk_LN_078_A,555-0156
003T700000JzzsWIAR,qwil_64z53gqk_78b@perftest.example.com,QWIL_64z53Gqk_FN_078_B,QWIL_64z53Gqk_LN_078_B,555-0157
003T700000JzzsXIAR,qwil_64z53gqk_79a@perftest.example.com,QWIL_64z53Gqk_FN_079_A,QWIL_64z53Gqk_LN_079_A,555-0158
003T700000JzzsYIAR,qwil_64z53gqk_79b@perftest.example.com,QWIL_64z53Gqk_FN_079_B,QWIL_64z53Gqk_LN_079_B,555-0159
003T700000JzzsZIAR,qwil_64z53gqk_80a@perftest.example.com,QWIL_64z53Gqk_FN_080_A,QWIL_64z53Gqk_LN_080_A,555-0160
003T700000JzzsaIAB,qwil_64z53gqk_80b@perftest.example.com,QWIL_64z53Gqk_FN_080_B,QWIL_64z53Gqk_LN_080_B,555-0161
003T700000K00SjIAJ,qwil_egwkpxpr_1a@perftest.example.com,QWIL_eGWKPxpr_FN_001_A,QWIL_eGWKPxpr_LN_001_A,555-0002
003T700000K00SkIAJ,qwil_egwkpxpr_1b@perftest.example.com,QWIL_eGWKPxpr_FN_001_B,QWIL_eGWKPxpr_LN_001_B,555-0003
003T700000K00SlIAJ,qwil_egwkpxpr_2a@perftest.example.com,QWIL_eGWKPxpr_FN_002_A,QWIL_eGWKPxpr_LN_002_A,555-0004
003T700000K00SmIAJ,qwil_egwkpxpr_2b@perftest.example.com,QWIL_eGWKPxpr_FN_002_B,QWIL_eGWKPxpr_LN_002_B,555-0005
003T700000K00SnIAJ,qwil_egwkpxpr_3a@perftest.example.com,QWIL_eGWKPxpr_FN_003_A,QWIL_eGWKPxpr_LN_003_A,555-0006
003T700000K00SoIAJ,qwil_egwkpxpr_3b@perftest.example.com,QWIL_eGWKPxpr_FN_003_B,QWIL_eGWKPxpr_LN_003_B,555-0007
003T700000K00SpIAJ,qwil_egwkpxpr_4a@perftest.example.com,QWIL_eGWKPxpr_FN_004_A,QWIL_eGWKPxpr_LN_004_A,555-0008
003T700000K00SqIAJ,qwil_egwkpxpr_4b@perftest.example.com,QWIL_eGWKPxpr_FN_004_B,QWIL_eGWKPxpr_LN_004_B,555-0009
003T700000K00SrIAJ,qwil_egwkpxpr_5a@perftest.example.com,QWIL_eGWKPxpr_FN_005_A,QWIL_eGWKPxpr_LN_005_A,555-0010
003T700000K00SsIAJ,qwil_egwkpxpr_5b@perftest.example.com,QWIL_eGWKPxpr_FN_005_B,QWIL_eGWKPxpr_LN_005_B,555-0011
003T700000K00StIAJ,qwil_egwkpxpr_6a@perftest.example.com,QWIL_eGWKPxpr_FN_006_A,QWIL_eGWKPxpr_LN_006_A,555-0012
003T700000K00SuIAJ,qwil_egwkpxpr_6b@perftest.example.com,QWIL_eGWKPxpr_FN_006_B,QWIL_eGWKPxpr_LN_006_B,555-0013
003T700000K00SvIAJ,qwil_egwkpxpr_7a@perftest.example.com,QWIL_eGWKPxpr_FN_007_A,QWIL_eGWKPxpr_LN_007_A,555-0014
003T700000K00SwIAJ,qwil_egwkpxpr_7b@perftest.example.com,QWIL_eGWKPxpr_FN_007_B,QWIL_eGWKPxpr_LN_007_B,555-0015
003T700000K00SxIAJ,qwil_egwkpxpr_8a@perftest.example.com,QWIL_eGWKPxpr_FN_008_A,QWIL_eGWKPxpr_LN_008_A,555-0016
003T700000K00SyIAJ,qwil_egwkpxpr_8b@perftest.example.com,QWIL_eGWKPxpr_FN_008_B,QWIL_eGWKPxpr_LN_008_B,555-0017
003T700000K00SzIAJ,qwil_egwkpxpr_9a@perftest.example.com,QWIL_eGWKPxpr_FN_009_A,QWIL_eGWKPxpr_LN_009_A,555-0018
003T700000K00T0IAJ,qwil_egwkpxpr_9b@perftest.example.com,QWIL_eGWKPxpr_FN_009_B,QWIL_eGWKPxpr_LN_009_B,555-0019
003T700000K00T1IAJ,qwil_egwkpxpr_10a@perftest.example.com,QWIL_eGWKPxpr_FN_010_A,QWIL_eGWKPxpr_LN_010_A,555-0020
003T700000K00T2IAJ,qwil_egwkpxpr_10b@perftest.example.com,QWIL_eGWKPxpr_FN_010_B,QWIL_eGWKPxpr_LN_010_B,555-0021
003T700000K00T3IAJ,qwil_egwkpxpr_11a@perftest.example.com,QWIL_eGWKPxpr_FN_011_A,QWIL_eGWKPxpr_LN_011_A,555-0022
003T700000K00T4IAJ,qwil_egwkpxpr_11b@perftest.example.com,QWIL_eGWKPxpr_FN_011_B,QWIL_eGWKPxpr_LN_011_B,555-0023
003T700000K00T5IAJ,qwil_egwkpxpr_12a@perftest.example.com,QWIL_eGWKPxpr_FN_012_A,QWIL_eGWKPxpr_LN_012_A,555-0024
003T700000K00T6IAJ,qwil_egwkpxpr_12b@perftest.example.com,QWIL_eGWKPxpr_FN_012_B,QWIL_eGWKPxpr_LN_012_B,555-0025
003T700000K00T7IAJ,qwil_egwkpxpr_13a@perftest.example.com,QWIL_eGWKPxpr_FN_013_A,QWIL_eGWKPxpr_LN_013_A,555-0026
003T700000K00T8IAJ,qwil_egwkpxpr_13b@perftest.example.com,QWIL_eGWKPxpr_FN_013_B,QWIL_eGWKPxpr_LN_013_B,555-0027
003T700000K00T9IAJ,qwil_egwkpxpr_14a@perftest.example.com,QWIL_eGWKPxpr_FN_014_A,QWIL_eGWKPxpr_LN_014_A,555-0028
003T700000K00TAIAZ,qwil_egwkpxpr_14b@perftest.example.com,QWIL_eGWKPxpr_FN_014_B,QWIL_eGWKPxpr_LN_014_B,555-0029
003T700000K00TBIAZ,qwil_egwkpxpr_15a@perftest.example.com,QWIL_eGWKPxpr_FN_015_A,QWIL_eGWKPxpr_LN_015_A,555-0030
003T700000K00TCIAZ,qwil_egwkpxpr_15b@perftest.example.com,QWIL_eGWKPxpr_FN_015_B,QWIL_eGWKPxpr_LN_015_B,555-0031
003T700000K00TDIAZ,qwil_egwkpxpr_16a@perftest.example.com,QWIL_eGWKPxpr_FN_016_A,QWIL_eGWKPxpr_LN_016_A,555-0032
003T700000K00TEIAZ,qwil_egwkpxpr_16b@perftest.example.com,QWIL_eGWKPxpr_FN_016_B,QWIL_eGWKPxpr_LN_016_B,555-0033
003T700000K00TFIAZ,qwil_egwkpxpr_17a@perftest.example.com,QWIL_eGWKPxpr_FN_017_A,QWIL_eGWKPxpr_LN_017_A,555-0034
003T700000K00TGIAZ,qwil_egwkpxpr_17b@perftest.example.com,QWIL_eGWKPxpr_FN_017_B,QWIL_eGWKPxpr_LN_017_B,555-0035
003T700000K00THIAZ,qwil_egwkpxpr_18a@perftest.example.com,QWIL_eGWKPxpr_FN_018_A,QWIL_eGWKPxpr_LN_018_A,555-0036
003T700000K00TIIAZ,qwil_egwkpxpr_18b@perftest.example.com,QWIL_eGWKPxpr_FN_018_B,QWIL_eGWKPxpr_LN_018_B,555-0037
003T700000K00TJIAZ,qwil_egwkpxpr_19a@perftest.example.com,QWIL_eGWKPxpr_FN_019_A,QWIL_eGWKPxpr_LN_019_A,555-0038
003T700000K00TKIAZ,qwil_egwkpxpr_19b@perftest.example.com,QWIL_eGWKPxpr_FN_019_B,QWIL_eGWKPxpr_LN_019_B,555-0039
003T700000K00TLIAZ,qwil_egwkpxpr_20a@perftest.example.com,QWIL_eGWKPxpr_FN_020_A,QWIL_eGWKPxpr_LN_020_A,555-0040
003T700000K00TMIAZ,qwil_egwkpxpr_20b@perftest.example.com,QWIL_eGWKPxpr_FN_020_B,QWIL_eGWKPxpr_LN_020_B,555-0041
003T700000K00TNIAZ,qwil_egwkpxpr_21a@perftest.example.com,QWIL_eGWKPxpr_FN_021_A,QWIL_eGWKPxpr_LN_021_A,555-0042
003T700000K00TOIAZ,qwil_egwkpxpr_21b@perftest.example.com,QWIL_eGWKPxpr_FN_021_B,QWIL_eGWKPxpr_LN_021_B,555-0043
003T700000K00TPIAZ,qwil_egwkpxpr_22a@perftest.example.com,QWIL_eGWKPxpr_FN_022_A,QWIL_eGWKPxpr_LN_022_A,555-0044
003T700000K00TQIAZ,qwil_egwkpxpr_22b@perftest.example.com,QWIL_eGWKPxpr_FN_022_B,QWIL_eGWKPxpr_LN_022_B,555-0045
003T700000K00TRIAZ,qwil_egwkpxpr_23a@perftest.example.com,QWIL_eGWKPxpr_FN_023_A,QWIL_eGWKPxpr_LN_023_A,555-0046
003T700000K00TSIAZ,qwil_egwkpxpr_23b@perftest.example.com,QWIL_eGWKPxpr_FN_023_B,QWIL_eGWKPxpr_LN_023_B,555-0047
003T700000K00TTIAZ,qwil_egwkpxpr_24a@perftest.example.com,QWIL_eGWKPxpr_FN_024_A,QWIL_eGWKPxpr_LN_024_A,555-0048
003T700000K00TUIAZ,qwil_egwkpxpr_24b@perftest.example.com,QWIL_eGWKPxpr_FN_024_B,QWIL_eGWKPxpr_LN_024_B,555-0049
003T700000K00TVIAZ,qwil_egwkpxpr_25a@perftest.example.com,QWIL_eGWKPxpr_FN_025_A,QWIL_eGWKPxpr_LN_025_A,555-0050
003T700000K00TWIAZ,qwil_egwkpxpr_25b@perftest.example.com,QWIL_eGWKPxpr_FN_025_B,QWIL_eGWKPxpr_LN_025_B,555-0051
003T700000K00TXIAZ,qwil_egwkpxpr_26a@perftest.example.com,QWIL_eGWKPxpr_FN_026_A,QWIL_eGWKPxpr_LN_026_A,555-0052
003T700000K00TYIAZ,qwil_egwkpxpr_26b@perftest.example.com,QWIL_eGWKPxpr_FN_026_B,QWIL_eGWKPxpr_LN_026_B,555-0053
003T700000K00TZIAZ,qwil_egwkpxpr_27a@perftest.example.com,QWIL_eGWKPxpr_FN_027_A,QWIL_eGWKPxpr_LN_027_A,555-0054
003T700000K00TaIAJ,qwil_egwkpxpr_27b@perftest.example.com,QWIL_eGWKPxpr_FN_027_B,QWIL_eGWKPxpr_LN_027_B,555-0055
003T700000K00TbIAJ,qwil_egwkpxpr_28a@perftest.example.com,QWIL_eGWKPxpr_FN_028_A,QWIL_eGWKPxpr_LN_028_A,555-0056
003T700000K00TcIAJ,qwil_egwkpxpr_28b@perftest.example.com,QWIL_eGWKPxpr_FN_028_B,QWIL_eGWKPxpr_LN_028_B,555-0057
003T700000K00TdIAJ,qwil_egwkpxpr_29a@perftest.example.com,QWIL_eGWKPxpr_FN_029_A,QWIL_eGWKPxpr_LN_029_A,555-0058
003T700000K00TeIAJ,qwil_egwkpxpr_29b@perftest.example.com,QWIL_eGWKPxpr_FN_029_B,QWIL_eGWKPxpr_LN_029_B,555-0059
003T700000K00TfIAJ,qwil_egwkpxpr_30a@perftest.example.com,QWIL_eGWKPxpr_FN_030_A,QWIL_eGWKPxpr_LN_030_A,555-0060
003T700000K00TgIAJ,qwil_egwkpxpr_30b@perftest.example.com,QWIL_eGWKPxpr_FN_030_B,QWIL_eGWKPxpr_LN_030_B,555-0061
003T700000K00ThIAJ,qwil_egwkpxpr_31a@perftest.example.com,QWIL_eGWKPxpr_FN_031_A,QWIL_eGWKPxpr_LN_031_A,555-0062
003T700000K00TiIAJ,qwil_egwkpxpr_31b@perftest.example.com,QWIL_eGWKPxpr_FN_031_B,QWIL_eGWKPxpr_LN_031_B,555-0063
003T700000K00TjIAJ,qwil_egwkpxpr_32a@perftest.example.com,QWIL_eGWKPxpr_FN_032_A,QWIL_eGWKPxpr_LN_032_A,555-0064
003T700000K00TkIAJ,qwil_egwkpxpr_32b@perftest.example.com,QWIL_eGWKPxpr_FN_032_B,QWIL_eGWKPxpr_LN_032_B,555-0065
003T700000K00TlIAJ,qwil_egwkpxpr_33a@perftest.example.com,QWIL_eGWKPxpr_FN_033_A,QWIL_eGWKPxpr_LN_033_A,555-0066
003T700000K00TmIAJ,qwil_egwkpxpr_33b@perftest.example.com,QWIL_eGWKPxpr_FN_033_B,QWIL_eGWKPxpr_LN_033_B,555-0067
003T700000K00TnIAJ,qwil_egwkpxpr_34a@perftest.example.com,QWIL_eGWKPxpr_FN_034_A,QWIL_eGWKPxpr_LN_034_A,555-0068
003T700000K00ToIAJ,qwil_egwkpxpr_34b@perftest.example.com,QWIL_eGWKPxpr_FN_034_B,QWIL_eGWKPxpr_LN_034_B,555-0069
003T700000K00TpIAJ,qwil_egwkpxpr_35a@perftest.example.com,QWIL_eGWKPxpr_FN_035_A,QWIL_eGWKPxpr_LN_035_A,555-0070
003T700000K00TqIAJ,qwil_egwkpxpr_35b@perftest.example.com,QWIL_eGWKPxpr_FN_035_B,QWIL_eGWKPxpr_LN_035_B,555-0071
003T700000K00TrIAJ,qwil_egwkpxpr_36a@perftest.example.com,QWIL_eGWKPxpr_FN_036_A,QWIL_eGWKPxpr_LN_036_A,555-0072
003T700000K00TsIAJ,qwil_egwkpxpr_36b@perftest.example.com,QWIL_eGWKPxpr_FN_036_B,QWIL_eGWKPxpr_LN_036_B,555-0073
003T700000K00TtIAJ,qwil_egwkpxpr_37a@perftest.example.com,QWIL_eGWKPxpr_FN_037_A,QWIL_eGWKPxpr_LN_037_A,555-0074
003T700000K00TuIAJ,qwil_egwkpxpr_37b@perftest.example.com,QWIL_eGWKPxpr_FN_037_B,QWIL_eGWKPxpr_LN_037_B,555-0075
003T700000K00TvIAJ,qwil_egwkpxpr_38a@perftest.example.com,QWIL_eGWKPxpr_FN_038_A,QWIL_eGWKPxpr_LN_038_A,555-0076
003T700000K00TwIAJ,qwil_egwkpxpr_38b@perftest.example.com,QWIL_eGWKPxpr_FN_038_B,QWIL_eGWKPxpr_LN_038_B,555-0077
003T700000K00TxIAJ,qwil_egwkpxpr_39a@perftest.example.com,QWIL_eGWKPxpr_FN_039_A,QWIL_eGWKPxpr_LN_039_A,555-0078
003T700000K00TyIAJ,qwil_egwkpxpr_39b@perftest.example.com,QWIL_eGWKPxpr_FN_039_B,QWIL_eGWKPxpr_LN_039_B,555-0079
003T700000K00TzIAJ,qwil_egwkpxpr_40a@perftest.example.com,QWIL_eGWKPxpr_FN_040_A,QWIL_eGWKPxpr_LN_040_A,555-0080
003T700000K00U0IAJ,qwil_egwkpxpr_40b@perftest.example.com,QWIL_eGWKPxpr_FN_040_B,QWIL_eGWKPxpr_LN_040_B,555-0081
003T700000K00U1IAJ,qwil_egwkpxpr_41a@perftest.example.com,QWIL_eGWKPxpr_FN_041_A,QWIL_eGWKPxpr_LN_041_A,555-0082
003T700000K00U2IAJ,qwil_egwkpxpr_41b@perftest.example.com,QWIL_eGWKPxpr_FN_041_B,QWIL_eGWKPxpr_LN_041_B,555-0083
003T700000K00U3IAJ,qwil_egwkpxpr_42a@perftest.example.com,QWIL_eGWKPxpr_FN_042_A,QWIL_eGWKPxpr_LN_042_A,555-0084
003T700000K00U4IAJ,qwil_egwkpxpr_42b@perftest.example.com,QWIL_eGWKPxpr_FN_042_B,QWIL_eGWKPxpr_LN_042_B,555-0085
003T700000K00U5IAJ,qwil_egwkpxpr_43a@perftest.example.com,QWIL_eGWKPxpr_FN_043_A,QWIL_eGWKPxpr_LN_043_A,555-0086
003T700000K00U6IAJ,qwil_egwkpxpr_43b@perftest.example.com,QWIL_eGWKPxpr_FN_043_B,QWIL_eGWKPxpr_LN_043_B,555-0087
003T700000K00U7IAJ,qwil_egwkpxpr_44a@perftest.example.com,QWIL_eGWKPxpr_FN_044_A,QWIL_eGWKPxpr_LN_044_A,555-0088
003T700000K00U8IAJ,qwil_egwkpxpr_44b@perftest.example.com,QWIL_eGWKPxpr_FN_044_B,QWIL_eGWKPxpr_LN_044_B,555-0089
003T700000K00U9IAJ,qwil_egwkpxpr_45a@perftest.example.com,QWIL_eGWKPxpr_FN_045_A,QWIL_eGWKPxpr_LN_045_A,555-0090
003T700000K00UAIAZ,qwil_egwkpxpr_45b@perftest.example.com,QWIL_eGWKPxpr_FN_045_B,QWIL_eGWKPxpr_LN_045_B,555-0091
003T700000K00UBIAZ,qwil_egwkpxpr_46a@perftest.example.com,QWIL_eGWKPxpr_FN_046_A,QWIL_eGWKPxpr_LN_046_A,555-0092
003T700000K00UCIAZ,qwil_egwkpxpr_46b@perftest.example.com,QWIL_eGWKPxpr_FN_046_B,QWIL_eGWKPxpr_LN_046_B,555-0093
003T700000K00UDIAZ,qwil_egwkpxpr_47a@perftest.example.com,QWIL_eGWKPxpr_FN_047_A,QWIL_eGWKPxpr_LN_047_A,555-0094
003T700000K00UEIAZ,qwil_egwkpxpr_47b@perftest.example.com,QWIL_eGWKPxpr_FN_047_B,QWIL_eGWKPxpr_LN_047_B,555-0095
003T700000K00UFIAZ,qwil_egwkpxpr_48a@perftest.example.com,QWIL_eGWKPxpr_FN_048_A,QWIL_eGWKPxpr_LN_048_A,555-0096
003T700000K00UGIAZ,qwil_egwkpxpr_48b@perftest.example.com,QWIL_eGWKPxpr_FN_048_B,QWIL_eGWKPxpr_LN_048_B,555-0097
003T700000K00UHIAZ,qwil_egwkpxpr_49a@perftest.example.com,QWIL_eGWKPxpr_FN_049_A,QWIL_eGWKPxpr_LN_049_A,555-0098
003T700000K00UIIAZ,qwil_egwkpxpr_49b@perftest.example.com,QWIL_eGWKPxpr_FN_049_B,QWIL_eGWKPxpr_LN_049_B,555-0099
003T700000K00UJIAZ,qwil_egwkpxpr_50a@perftest.example.com,QWIL_eGWKPxpr_FN_050_A,QWIL_eGWKPxpr_LN_050_A,555-0100
003T700000K00UKIAZ,qwil_egwkpxpr_50b@perftest.example.com,QWIL_eGWKPxpr_FN_050_B,QWIL_eGWKPxpr_LN_050_B,555-0101
003T700000K00ULIAZ,qwil_egwkpxpr_51a@perftest.example.com,QWIL_eGWKPxpr_FN_051_A,QWIL_eGWKPxpr_LN_051_A,555-0102
003T700000K00UMIAZ,qwil_egwkpxpr_51b@perftest.example.com,QWIL_eGWKPxpr_FN_051_B,QWIL_eGWKPxpr_LN_051_B,555-0103
003T700000K00UNIAZ,qwil_egwkpxpr_52a@perftest.example.com,QWIL_eGWKPxpr_FN_052_A,QWIL_eGWKPxpr_LN_052_A,555-0104
003T700000K00UOIAZ,qwil_egwkpxpr_52b@perftest.example.com,QWIL_eGWKPxpr_FN_052_B,QWIL_eGWKPxpr_LN_052_B,555-0105
003T700000K00UPIAZ,qwil_egwkpxpr_53a@perftest.example.com,QWIL_eGWKPxpr_FN_053_A,QWIL_eGWKPxpr_LN_053_A,555-0106
003T700000K00UQIAZ,qwil_egwkpxpr_53b@perftest.example.com,QWIL_eGWKPxpr_FN_053_B,QWIL_eGWKPxpr_LN_053_B,555-0107
003T700000K00URIAZ,qwil_egwkpxpr_54a@perftest.example.com,QWIL_eGWKPxpr_FN_054_A,QWIL_eGWKPxpr_LN_054_A,555-0108
003T700000K00USIAZ,qwil_egwkpxpr_54b@perftest.example.com,QWIL_eGWKPxpr_FN_054_B,QWIL_eGWKPxpr_LN_054_B,555-0109
003T700000K00UTIAZ,qwil_egwkpxpr_55a@perftest.example.com,QWIL_eGWKPxpr_FN_055_A,QWIL_eGWKPxpr_LN_055_A,555-0110
003T700000K00UUIAZ,qwil_egwkpxpr_55b@perftest.example.com,QWIL_eGWKPxpr_FN_055_B,QWIL_eGWKPxpr_LN_055_B,555-0111
003T700000K00UVIAZ,qwil_egwkpxpr_56a@perftest.example.com,QWIL_eGWKPxpr_FN_056_A,QWIL_eGWKPxpr_LN_056_A,555-0112
003T700000K00UWIAZ,qwil_egwkpxpr_56b@perftest.example.com,QWIL_eGWKPxpr_FN_056_B,QWIL_eGWKPxpr_LN_056_B,555-0113
003T700000K00UXIAZ,qwil_egwkpxpr_57a@perftest.example.com,QWIL_eGWKPxpr_FN_057_A,QWIL_eGWKPxpr_LN_057_A,555-0114
003T700000K00UYIAZ,qwil_egwkpxpr_57b@perftest.example.com,QWIL_eGWKPxpr_FN_057_B,QWIL_eGWKPxpr_LN_057_B,555-0115
003T700000K00UZIAZ,qwil_egwkpxpr_58a@perftest.example.com,QWIL_eGWKPxpr_FN_058_A,QWIL_eGWKPxpr_LN_058_A,555-0116
003T700000K00UaIAJ,qwil_egwkpxpr_58b@perftest.example.com,QWIL_eGWKPxpr_FN_058_B,QWIL_eGWKPxpr_LN_058_B,555-0117
003T700000K00UbIAJ,qwil_egwkpxpr_59a@perftest.example.com,QWIL_eGWKPxpr_FN_059_A,QWIL_eGWKPxpr_LN_059_A,555-0118
003T700000K00UcIAJ,qwil_egwkpxpr_59b@perftest.example.com,QWIL_eGWKPxpr_FN_059_B,QWIL_eGWKPxpr_LN_059_B,555-0119
003T700000K00UdIAJ,qwil_egwkpxpr_60a@perftest.example.com,QWIL_eGWKPxpr_FN_060_A,QWIL_eGWKPxpr_LN_060_A,555-0120
003T700000K00UeIAJ,qwil_egwkpxpr_60b@perftest.example.com,QWIL_eGWKPxpr_FN_060_B,QWIL_eGWKPxpr_LN_060_B,555-0121
003T700000K00UfIAJ,qwil_egwkpxpr_61a@perftest.example.com,QWIL_eGWKPxpr_FN_061_A,QWIL_eGWKPxpr_LN_061_A,555-0122
003T700000K00UgIAJ,qwil_egwkpxpr_61b@perftest.example.com,QWIL_eGWKPxpr_FN_061_B,QWIL_eGWKPxpr_LN_061_B,555-0123
003T700000K00UhIAJ,qwil_egwkpxpr_62a@perftest.example.com,QWIL_eGWKPxpr_FN_062_A,QWIL_eGWKPxpr_LN_062_A,555-0124
003T700000K00UiIAJ,qwil_egwkpxpr_62b@perftest.example.com,QWIL_eGWKPxpr_FN_062_B,QWIL_eGWKPxpr_LN_062_B,555-0125
003T700000K00UjIAJ,qwil_egwkpxpr_63a@perftest.example.com,QWIL_eGWKPxpr_FN_063_A,QWIL_eGWKPxpr_LN_063_A,555-0126
003T700000K00UkIAJ,qwil_egwkpxpr_63b@perftest.example.com,QWIL_eGWKPxpr_FN_063_B,QWIL_eGWKPxpr_LN_063_B,555-0127
003T700000K00UlIAJ,qwil_egwkpxpr_64a@perftest.example.com,QWIL_eGWKPxpr_FN_064_A,QWIL_eGWKPxpr_LN_064_A,555-0128
003T700000K00UmIAJ,qwil_egwkpxpr_64b@perftest.example.com,QWIL_eGWKPxpr_FN_064_B,QWIL_eGWKPxpr_LN_064_B,555-0129
003T700000K00UnIAJ,qwil_egwkpxpr_65a@perftest.example.com,QWIL_eGWKPxpr_FN_065_A,QWIL_eGWKPxpr_LN_065_A,555-0130
003T700000K00UoIAJ,qwil_egwkpxpr_65b@perftest.example.com,QWIL_eGWKPxpr_FN_065_B,QWIL_eGWKPxpr_LN_065_B,555-0131
003T700000K00UpIAJ,qwil_egwkpxpr_66a@perftest.example.com,QWIL_eGWKPxpr_FN_066_A,QWIL_eGWKPxpr_LN_066_A,555-0132
003T700000K00UqIAJ,qwil_egwkpxpr_66b@perftest.example.com,QWIL_eGWKPxpr_FN_066_B,QWIL_eGWKPxpr_LN_066_B,555-0133
003T700000K00UrIAJ,qwil_egwkpxpr_67a@perftest.example.com,QWIL_eGWKPxpr_FN_067_A,QWIL_eGWKPxpr_LN_067_A,555-0134
003T700000K00UsIAJ,qwil_egwkpxpr_67b@perftest.example.com,QWIL_eGWKPxpr_FN_067_B,QWIL_eGWKPxpr_LN_067_B,555-0135
003T700000K00UtIAJ,qwil_egwkpxpr_68a@perftest.example.com,QWIL_eGWKPxpr_FN_068_A,QWIL_eGWKPxpr_LN_068_A,555-0136
003T700000K00UuIAJ,qwil_egwkpxpr_68b@perftest.example.com,QWIL_eGWKPxpr_FN_068_B,QWIL_eGWKPxpr_LN_068_B,555-0137
003T700000K00UvIAJ,qwil_egwkpxpr_69a@perftest.example.com,QWIL_eGWKPxpr_FN_069_A,QWIL_eGWKPxpr_LN_069_A,555-0138
003T700000K00UwIAJ,qwil_egwkpxpr_69b@perftest.example.com,QWIL_eGWKPxpr_FN_069_B,QWIL_eGWKPxpr_LN_069_B,555-0139
003T700000K00UxIAJ,qwil_egwkpxpr_70a@perftest.example.com,QWIL_eGWKPxpr_FN_070_A,QWIL_eGWKPxpr_LN_070_A,555-0140
003T700000K00UyIAJ,qwil_egwkpxpr_70b@perftest.example.com,QWIL_eGWKPxpr_FN_070_B,QWIL_eGWKPxpr_LN_070_B,555-0141
003T700000K00UzIAJ,qwil_egwkpxpr_71a@perftest.example.com,QWIL_eGWKPxpr_FN_071_A,QWIL_eGWKPxpr_LN_071_A,555-0142
003T700000K00V0IAJ,qwil_egwkpxpr_71b@perftest.example.com,QWIL_eGWKPxpr_FN_071_B,QWIL_eGWKPxpr_LN_071_B,555-0143
003T700000K00V1IAJ,qwil_egwkpxpr_72a@perftest.example.com,QWIL_eGWKPxpr_FN_072_A,QWIL_eGWKPxpr_LN_072_A,555-0144
003T700000K00V2IAJ,qwil_egwkpxpr_72b@perftest.example.com,QWIL_eGWKPxpr_FN_072_B,QWIL_eGWKPxpr_LN_072_B,555-0145
003T700000K00V3IAJ,qwil_egwkpxpr_73a@perftest.example.com,QWIL_eGWKPxpr_FN_073_A,QWIL_eGWKPxpr_LN_073_A,555-0146
003T700000K00V4IAJ,qwil_egwkpxpr_73b@perftest.example.com,QWIL_eGWKPxpr_FN_073_B,QWIL_eGWKPxpr_LN_073_B,555-0147
003T700000K00V5IAJ,qwil_egwkpxpr_74a@perftest.example.com,QWIL_eGWKPxpr_FN_074_A,QWIL_eGWKPxpr_LN_074_A,555-0148
003T700000K00V6IAJ,qwil_egwkpxpr_74b@perftest.example.com,QWIL_eGWKPxpr_FN_074_B,QWIL_eGWKPxpr_LN_074_B,555-0149
003T700000K00V7IAJ,qwil_egwkpxpr_75a@perftest.example.com,QWIL_eGWKPxpr_FN_075_A,QWIL_eGWKPxpr_LN_075_A,555-0150
003T700000K00V8IAJ,qwil_egwkpxpr_75b@perftest.example.com,QWIL_eGWKPxpr_FN_075_B,QWIL_eGWKPxpr_LN_075_B,555-0151
003T700000K00V9IAJ,qwil_egwkpxpr_76a@perftest.example.com,QWIL_eGWKPxpr_FN_076_A,QWIL_eGWKPxpr_LN_076_A,555-0152
003T700000K00VAIAZ,qwil_egwkpxpr_76b@perftest.example.com,QWIL_eGWKPxpr_FN_076_B,QWIL_eGWKPxpr_LN_076_B,555-0153
003T700000K00VBIAZ,qwil_egwkpxpr_77a@perftest.example.com,QWIL_eGWKPxpr_FN_077_A,QWIL_eGWKPxpr_LN_077_A,555-0154
003T700000K00VCIAZ,qwil_egwkpxpr_77b@perftest.example.com,QWIL_eGWKPxpr_FN_077_B,QWIL_eGWKPxpr_LN_077_B,555-0155
003T700000K00VDIAZ,qwil_egwkpxpr_78a@perftest.example.com,QWIL_eGWKPxpr_FN_078_A,QWIL_eGWKPxpr_LN_078_A,555-0156
003T700000K00VEIAZ,qwil_egwkpxpr_78b@perftest.example.com,QWIL_eGWKPxpr_FN_078_B,QWIL_eGWKPxpr_LN_078_B,555-0157
003T700000K00VFIAZ,qwil_egwkpxpr_79a@perftest.example.com,QWIL_eGWKPxpr_FN_079_A,QWIL_eGWKPxpr_LN_079_A,555-0158
003T700000K00VGIAZ,qwil_egwkpxpr_79b@perftest.example.com,QWIL_eGWKPxpr_FN_079_B,QWIL_eGWKPxpr_LN_079_B,555-0159
003T700000K00VHIAZ,qwil_egwkpxpr_80a@perftest.example.com,QWIL_eGWKPxpr_FN_080_A,QWIL_eGWKPxpr_LN_080_A,555-0160
003T700000K00VIIAZ,qwil_egwkpxpr_80b@perftest.example.com,QWIL_eGWKPxpr_FN_080_B,QWIL_eGWKPxpr_LN_080_B,555-0161
003T700000K015RIAR,qwil_dnwfcodi_1a@perftest.example.com,QWIL_dNWfCOdI_FN_001_A,QWIL_dNWfCOdI_LN_001_A,555-0002
003T700000K015SIAR,qwil_dnwfcodi_1b@perftest.example.com,QWIL_dNWfCOdI_FN_001_B,QWIL_dNWfCOdI_LN_001_B,555-0003
003T700000K015TIAR,qwil_dnwfcodi_2a@perftest.example.com,QWIL_dNWfCOdI_FN_002_A,QWIL_dNWfCOdI_LN_002_A,555-0004
003T700000K015UIAR,qwil_dnwfcodi_2b@perftest.example.com,QWIL_dNWfCOdI_FN_002_B,QWIL_dNWfCOdI_LN_002_B,555-0005
003T700000K015VIAR,qwil_dnwfcodi_3a@perftest.example.com,QWIL_dNWfCOdI_FN_003_A,QWIL_dNWfCOdI_LN_003_A,555-0006
003T700000K015WIAR,qwil_dnwfcodi_3b@perftest.example.com,QWIL_dNWfCOdI_FN_003_B,QWIL_dNWfCOdI_LN_003_B,555-0007
003T700000K015XIAR,qwil_dnwfcodi_4a@perftest.example.com,QWIL_dNWfCOdI_FN_004_A,QWIL_dNWfCOdI_LN_004_A,555-0008
003T700000K015YIAR,qwil_dnwfcodi_4b@perftest.example.com,QWIL_dNWfCOdI_FN_004_B,QWIL_dNWfCOdI_LN_004_B,555-0009
003T700000K015ZIAR,qwil_dnwfcodi_5a@perftest.example.com,QWIL_dNWfCOdI_FN_005_A,QWIL_dNWfCOdI_LN_005_A,555-0010
003T700000K015aIAB,qwil_dnwfcodi_5b@perftest.example.com,QWIL_dNWfCOdI_FN_005_B,QWIL_dNWfCOdI_LN_005_B,555-0011
003T700000K015bIAB,qwil_dnwfcodi_6a@perftest.example.com,QWIL_dNWfCOdI_FN_006_A,QWIL_dNWfCOdI_LN_006_A,555-0012
003T700000K015cIAB,qwil_dnwfcodi_6b@perftest.example.com,QWIL_dNWfCOdI_FN_006_B,QWIL_dNWfCOdI_LN_006_B,555-0013
003T700000K015dIAB,qwil_dnwfcodi_7a@perftest.example.com,QWIL_dNWfCOdI_FN_007_A,QWIL_dNWfCOdI_LN_007_A,555-0014
003T700000K015eIAB,qwil_dnwfcodi_7b@perftest.example.com,QWIL_dNWfCOdI_FN_007_B,QWIL_dNWfCOdI_LN_007_B,555-0015
003T700000K015fIAB,qwil_dnwfcodi_8a@perftest.example.com,QWIL_dNWfCOdI_FN_008_A,QWIL_dNWfCOdI_LN_008_A,555-0016
003T700000K015gIAB,qwil_dnwfcodi_8b@perftest.example.com,QWIL_dNWfCOdI_FN_008_B,QWIL_dNWfCOdI_LN_008_B,555-0017
003T700000K015hIAB,qwil_dnwfcodi_9a@perftest.example.com,QWIL_dNWfCOdI_FN_009_A,QWIL_dNWfCOdI_LN_009_A,555-0018
003T700000K015iIAB,qwil_dnwfcodi_9b@perftest.example.com,QWIL_dNWfCOdI_FN_009_B,QWIL_dNWfCOdI_LN_009_B,555-0019
003T700000K015jIAB,qwil_dnwfcodi_10a@perftest.example.com,QWIL_dNWfCOdI_FN_010_A,QWIL_dNWfCOdI_LN_010_A,555-0020
003T700000K015kIAB,qwil_dnwfcodi_10b@perftest.example.com,QWIL_dNWfCOdI_FN_010_B,QWIL_dNWfCOdI_LN_010_B,555-0021
003T700000K015lIAB,qwil_dnwfcodi_11a@perftest.example.com,QWIL_dNWfCOdI_FN_011_A,QWIL_dNWfCOdI_LN_011_A,555-0022
003T700000K015mIAB,qwil_dnwfcodi_11b@perftest.example.com,QWIL_dNWfCOdI_FN_011_B,QWIL_dNWfCOdI_LN_011_B,555-0023
003T700000K015nIAB,qwil_dnwfcodi_12a@perftest.example.com,QWIL_dNWfCOdI_FN_012_A,QWIL_dNWfCOdI_LN_012_A,555-0024
003T700000K015oIAB,qwil_dnwfcodi_12b@perftest.example.com,QWIL_dNWfCOdI_FN_012_B,QWIL_dNWfCOdI_LN_012_B,555-0025
003T700000K015pIAB,qwil_dnwfcodi_13a@perftest.example.com,QWIL_dNWfCOdI_FN_013_A,QWIL_dNWfCOdI_LN_013_A,555-0026
003T700000K015qIAB,qwil_dnwfcodi_13b@perftest.example.com,QWIL_dNWfCOdI_FN_013_B,QWIL_dNWfCOdI_LN_013_B,555-0027
003T700000K015rIAB,qwil_dnwfcodi_14a@perftest.example.com,QWIL_dNWfCOdI_FN_014_A,QWIL_dNWfCOdI_LN_014_A,555-0028
003T700000K015sIAB,qwil_dnwfcodi_14b@perftest.example.com,QWIL_dNWfCOdI_FN_014_B,QWIL_dNWfCOdI_LN_014_B,555-0029
003T700000K015tIAB,qwil_dnwfcodi_15a@perftest.example.com,QWIL_dNWfCOdI_FN_015_A,QWIL_dNWfCOdI_LN_015_A,555-0030
003T700000K015uIAB,qwil_dnwfcodi_15b@perftest.example.com,QWIL_dNWfCOdI_FN_015_B,QWIL_dNWfCOdI_LN_015_B,555-0031
003T700000K015vIAB,qwil_dnwfcodi_16a@perftest.example.com,QWIL_dNWfCOdI_FN_016_A,QWIL_dNWfCOdI_LN_016_A,555-0032
003T700000K015wIAB,qwil_dnwfcodi_16b@perftest.example.com,QWIL_dNWfCOdI_FN_016_B,QWIL_dNWfCOdI_LN_016_B,555-0033
003T700000K015xIAB,qwil_dnwfcodi_17a@perftest.example.com,QWIL_dNWfCOdI_FN_017_A,QWIL_dNWfCOdI_LN_017_A,555-0034
003T700000K015yIAB,qwil_dnwfcodi_17b@perftest.example.com,QWIL_dNWfCOdI_FN_017_B,QWIL_dNWfCOdI_LN_017_B,555-0035
003T700000K015zIAB,qwil_dnwfcodi_18a@perftest.example.com,QWIL_dNWfCOdI_FN_018_A,QWIL_dNWfCOdI_LN_018_A,555-0036
003T700000K0160IAB,qwil_dnwfcodi_18b@perftest.example.com,QWIL_dNWfCOdI_FN_018_B,QWIL_dNWfCOdI_LN_018_B,555-0037
003T700000K0161IAB,qwil_dnwfcodi_19a@perftest.example.com,QWIL_dNWfCOdI_FN_019_A,QWIL_dNWfCOdI_LN_019_A,555-0038
003T700000K0162IAB,qwil_dnwfcodi_19b@perftest.example.com,QWIL_dNWfCOdI_FN_019_B,QWIL_dNWfCOdI_LN_019_B,555-0039
003T700000K0163IAB,qwil_dnwfcodi_20a@perftest.example.com,QWIL_dNWfCOdI_FN_020_A,QWIL_dNWfCOdI_LN_020_A,555-0040
003T700000K0164IAB,qwil_dnwfcodi_20b@perftest.example.com,QWIL_dNWfCOdI_FN_020_B,QWIL_dNWfCOdI_LN_020_B,555-0041
003T700000K0165IAB,qwil_dnwfcodi_21a@perftest.example.com,QWIL_dNWfCOdI_FN_021_A,QWIL_dNWfCOdI_LN_021_A,555-0042
003T700000K0166IAB,qwil_dnwfcodi_21b@perftest.example.com,QWIL_dNWfCOdI_FN_021_B,QWIL_dNWfCOdI_LN_021_B,555-0043
003T700000K0167IAB,qwil_dnwfcodi_22a@perftest.example.com,QWIL_dNWfCOdI_FN_022_A,QWIL_dNWfCOdI_LN_022_A,555-0044
003T700000K0168IAB,qwil_dnwfcodi_22b@perftest.example.com,QWIL_dNWfCOdI_FN_022_B,QWIL_dNWfCOdI_LN_022_B,555-0045
003T700000K0169IAB,qwil_dnwfcodi_23a@perftest.example.com,QWIL_dNWfCOdI_FN_023_A,QWIL_dNWfCOdI_LN_023_A,555-0046
003T700000K016AIAR,qwil_dnwfcodi_23b@perftest.example.com,QWIL_dNWfCOdI_FN_023_B,QWIL_dNWfCOdI_LN_023_B,555-0047
003T700000K016BIAR,qwil_dnwfcodi_24a@perftest.example.com,QWIL_dNWfCOdI_FN_024_A,QWIL_dNWfCOdI_LN_024_A,555-0048
003T700000K016CIAR,qwil_dnwfcodi_24b@perftest.example.com,QWIL_dNWfCOdI_FN_024_B,QWIL_dNWfCOdI_LN_024_B,555-0049
003T700000K016DIAR,qwil_dnwfcodi_25a@perftest.example.com,QWIL_dNWfCOdI_FN_025_A,QWIL_dNWfCOdI_LN_025_A,555-0050
003T700000K016EIAR,qwil_dnwfcodi_25b@perftest.example.com,QWIL_dNWfCOdI_FN_025_B,QWIL_dNWfCOdI_LN_025_B,555-0051
003T700000K016FIAR,qwil_dnwfcodi_26a@perftest.example.com,QWIL_dNWfCOdI_FN_026_A,QWIL_dNWfCOdI_LN_026_A,555-0052
003T700000K016GIAR,qwil_dnwfcodi_26b@perftest.example.com,QWIL_dNWfCOdI_FN_026_B,QWIL_dNWfCOdI_LN_026_B,555-0053
003T700000K016HIAR,qwil_dnwfcodi_27a@perftest.example.com,QWIL_dNWfCOdI_FN_027_A,QWIL_dNWfCOdI_LN_027_A,555-0054
003T700000K016IIAR,qwil_dnwfcodi_27b@perftest.example.com,QWIL_dNWfCOdI_FN_027_B,QWIL_dNWfCOdI_LN_027_B,555-0055
003T700000K016JIAR,qwil_dnwfcodi_28a@perftest.example.com,QWIL_dNWfCOdI_FN_028_A,QWIL_dNWfCOdI_LN_028_A,555-0056
003T700000K016KIAR,qwil_dnwfcodi_28b@perftest.example.com,QWIL_dNWfCOdI_FN_028_B,QWIL_dNWfCOdI_LN_028_B,555-0057
003T700000K016LIAR,qwil_dnwfcodi_29a@perftest.example.com,QWIL_dNWfCOdI_FN_029_A,QWIL_dNWfCOdI_LN_029_A,555-0058
003T700000K016MIAR,qwil_dnwfcodi_29b@perftest.example.com,QWIL_dNWfCOdI_FN_029_B,QWIL_dNWfCOdI_LN_029_B,555-0059
003T700000K016NIAR,qwil_dnwfcodi_30a@perftest.example.com,QWIL_dNWfCOdI_FN_030_A,QWIL_dNWfCOdI_LN_030_A,555-0060
003T700000K016OIAR,qwil_dnwfcodi_30b@perftest.example.com,QWIL_dNWfCOdI_FN_030_B,QWIL_dNWfCOdI_LN_030_B,555-0061
003T700000K016PIAR,qwil_dnwfcodi_31a@perftest.example.com,QWIL_dNWfCOdI_FN_031_A,QWIL_dNWfCOdI_LN_031_A,555-0062
003T700000K016QIAR,qwil_dnwfcodi_31b@perftest.example.com,QWIL_dNWfCOdI_FN_031_B,QWIL_dNWfCOdI_LN_031_B,555-0063
003T700000K016RIAR,qwil_dnwfcodi_32a@perftest.example.com,QWIL_dNWfCOdI_FN_032_A,QWIL_dNWfCOdI_LN_032_A,555-0064
003T700000K016SIAR,qwil_dnwfcodi_32b@perftest.example.com,QWIL_dNWfCOdI_FN_032_B,QWIL_dNWfCOdI_LN_032_B,555-0065
003T700000K016TIAR,qwil_dnwfcodi_33a@perftest.example.com,QWIL_dNWfCOdI_FN_033_A,QWIL_dNWfCOdI_LN_033_A,555-0066
003T700000K016UIAR,qwil_dnwfcodi_33b@perftest.example.com,QWIL_dNWfCOdI_FN_033_B,QWIL_dNWfCOdI_LN_033_B,555-0067
003T700000K016VIAR,qwil_dnwfcodi_34a@perftest.example.com,QWIL_dNWfCOdI_FN_034_A,QWIL_dNWfCOdI_LN_034_A,555-0068
003T700000K016WIAR,qwil_dnwfcodi_34b@perftest.example.com,QWIL_dNWfCOdI_FN_034_B,QWIL_dNWfCOdI_LN_034_B,555-0069
003T700000K016XIAR,qwil_dnwfcodi_35a@perftest.example.com,QWIL_dNWfCOdI_FN_035_A,QWIL_dNWfCOdI_LN_035_A,555-0070
003T700000K016YIAR,qwil_dnwfcodi_35b@perftest.example.com,QWIL_dNWfCOdI_FN_035_B,QWIL_dNWfCOdI_LN_035_B,555-0071
003T700000K016ZIAR,qwil_dnwfcodi_36a@perftest.example.com,QWIL_dNWfCOdI_FN_036_A,QWIL_dNWfCOdI_LN_036_A,555-0072
003T700000K016aIAB,qwil_dnwfcodi_36b@perftest.example.com,QWIL_dNWfCOdI_FN_036_B,QWIL_dNWfCOdI_LN_036_B,555-0073
003T700000K016bIAB,qwil_dnwfcodi_37a@perftest.example.com,QWIL_dNWfCOdI_FN_037_A,QWIL_dNWfCOdI_LN_037_A,555-0074
003T700000K016cIAB,qwil_dnwfcodi_37b@perftest.example.com,QWIL_dNWfCOdI_FN_037_B,QWIL_dNWfCOdI_LN_037_B,555-0075
003T700000K016dIAB,qwil_dnwfcodi_38a@perftest.example.com,QWIL_dNWfCOdI_FN_038_A,QWIL_dNWfCOdI_LN_038_A,555-0076
003T700000K016eIAB,qwil_dnwfcodi_38b@perftest.example.com,QWIL_dNWfCOdI_FN_038_B,QWIL_dNWfCOdI_LN_038_B,555-0077
003T700000K016fIAB,qwil_dnwfcodi_39a@perftest.example.com,QWIL_dNWfCOdI_FN_039_A,QWIL_dNWfCOdI_LN_039_A,555-0078
003T700000K016gIAB,qwil_dnwfcodi_39b@perftest.example.com,QWIL_dNWfCOdI_FN_039_B,QWIL_dNWfCOdI_LN_039_B,555-0079
003T700000K016hIAB,qwil_dnwfcodi_40a@perftest.example.com,QWIL_dNWfCOdI_FN_040_A,QWIL_dNWfCOdI_LN_040_A,555-0080
003T700000K016iIAB,qwil_dnwfcodi_40b@perftest.example.com,QWIL_dNWfCOdI_FN_040_B,QWIL_dNWfCOdI_LN_040_B,555-0081
003T700000K016jIAB,qwil_dnwfcodi_41a@perftest.example.com,QWIL_dNWfCOdI_FN_041_A,QWIL_dNWfCOdI_LN_041_A,555-0082
003T700000K016kIAB,qwil_dnwfcodi_41b@perftest.example.com,QWIL_dNWfCOdI_FN_041_B,QWIL_dNWfCOdI_LN_041_B,555-0083
003T700000K016lIAB,qwil_dnwfcodi_42a@perftest.example.com,QWIL_dNWfCOdI_FN_042_A,QWIL_dNWfCOdI_LN_042_A,555-0084
003T700000K016mIAB,qwil_dnwfcodi_42b@perftest.example.com,QWIL_dNWfCOdI_FN_042_B,QWIL_dNWfCOdI_LN_042_B,555-0085
003T700000K016nIAB,qwil_dnwfcodi_43a@perftest.example.com,QWIL_dNWfCOdI_FN_043_A,QWIL_dNWfCOdI_LN_043_A,555-0086
003T700000K016oIAB,qwil_dnwfcodi_43b@perftest.example.com,QWIL_dNWfCOdI_FN_043_B,QWIL_dNWfCOdI_LN_043_B,555-0087
003T700000K016pIAB,qwil_dnwfcodi_44a@perftest.example.com,QWIL_dNWfCOdI_FN_044_A,QWIL_dNWfCOdI_LN_044_A,555-0088
003T700000K016qIAB,qwil_dnwfcodi_44b@perftest.example.com,QWIL_dNWfCOdI_FN_044_B,QWIL_dNWfCOdI_LN_044_B,555-0089
003T700000K016rIAB,qwil_dnwfcodi_45a@perftest.example.com,QWIL_dNWfCOdI_FN_045_A,QWIL_dNWfCOdI_LN_045_A,555-0090
003T700000K016sIAB,qwil_dnwfcodi_45b@perftest.example.com,QWIL_dNWfCOdI_FN_045_B,QWIL_dNWfCOdI_LN_045_B,555-0091
003T700000K016tIAB,qwil_dnwfcodi_46a@perftest.example.com,QWIL_dNWfCOdI_FN_046_A,QWIL_dNWfCOdI_LN_046_A,555-0092
003T700000K016uIAB,qwil_dnwfcodi_46b@perftest.example.com,QWIL_dNWfCOdI_FN_046_B,QWIL_dNWfCOdI_LN_046_B,555-0093
003T700000K016vIAB,qwil_dnwfcodi_47a@perftest.example.com,QWIL_dNWfCOdI_FN_047_A,QWIL_dNWfCOdI_LN_047_A,555-0094
003T700000K016wIAB,qwil_dnwfcodi_47b@perftest.example.com,QWIL_dNWfCOdI_FN_047_B,QWIL_dNWfCOdI_LN_047_B,555-0095
003T700000K016xIAB,qwil_dnwfcodi_48a@perftest.example.com,QWIL_dNWfCOdI_FN_048_A,QWIL_dNWfCOdI_LN_048_A,555-0096
003T700000K016yIAB,qwil_dnwfcodi_48b@perftest.example.com,QWIL_dNWfCOdI_FN_048_B,QWIL_dNWfCOdI_LN_048_B,555-0097
003T700000K016zIAB,qwil_dnwfcodi_49a@perftest.example.com,QWIL_dNWfCOdI_FN_049_A,QWIL_dNWfCOdI_LN_049_A,555-0098
003T700000K0170IAB,qwil_dnwfcodi_49b@perftest.example.com,QWIL_dNWfCOdI_FN_049_B,QWIL_dNWfCOdI_LN_049_B,555-0099
003T700000K0171IAB,qwil_dnwfcodi_50a@perftest.example.com,QWIL_dNWfCOdI_FN_050_A,QWIL_dNWfCOdI_LN_050_A,555-0100
003T700000K0172IAB,qwil_dnwfcodi_50b@perftest.example.com,QWIL_dNWfCOdI_FN_050_B,QWIL_dNWfCOdI_LN_050_B,555-0101
003T700000K0173IAB,qwil_dnwfcodi_51a@perftest.example.com,QWIL_dNWfCOdI_FN_051_A,QWIL_dNWfCOdI_LN_051_A,555-0102
003T700000K0174IAB,qwil_dnwfcodi_51b@perftest.example.com,QWIL_dNWfCOdI_FN_051_B,QWIL_dNWfCOdI_LN_051_B,555-0103
003T700000K0175IAB,qwil_dnwfcodi_52a@perftest.example.com,QWIL_dNWfCOdI_FN_052_A,QWIL_dNWfCOdI_LN_052_A,555-0104
003T700000K0176IAB,qwil_dnwfcodi_52b@perftest.example.com,QWIL_dNWfCOdI_FN_052_B,QWIL_dNWfCOdI_LN_052_B,555-0105
003T700000K0177IAB,qwil_dnwfcodi_53a@perftest.example.com,QWIL_dNWfCOdI_FN_053_A,QWIL_dNWfCOdI_LN_053_A,555-0106
003T700000K0178IAB,qwil_dnwfcodi_53b@perftest.example.com,QWIL_dNWfCOdI_FN_053_B,QWIL_dNWfCOdI_LN_053_B,555-0107
003T700000K0179IAB,qwil_dnwfcodi_54a@perftest.example.com,QWIL_dNWfCOdI_FN_054_A,QWIL_dNWfCOdI_LN_054_A,555-0108
003T700000K017AIAR,qwil_dnwfcodi_54b@perftest.example.com,QWIL_dNWfCOdI_FN_054_B,QWIL_dNWfCOdI_LN_054_B,555-0109
003T700000K017BIAR,qwil_dnwfcodi_55a@perftest.example.com,QWIL_dNWfCOdI_FN_055_A,QWIL_dNWfCOdI_LN_055_A,555-0110
003T700000K017CIAR,qwil_dnwfcodi_55b@perftest.example.com,QWIL_dNWfCOdI_FN_055_B,QWIL_dNWfCOdI_LN_055_B,555-0111
003T700000K017DIAR,qwil_dnwfcodi_56a@perftest.example.com,QWIL_dNWfCOdI_FN_056_A,QWIL_dNWfCOdI_LN_056_A,555-0112
003T700000K017EIAR,qwil_dnwfcodi_56b@perftest.example.com,QWIL_dNWfCOdI_FN_056_B,QWIL_dNWfCOdI_LN_056_B,555-0113
003T700000K017FIAR,qwil_dnwfcodi_57a@perftest.example.com,QWIL_dNWfCOdI_FN_057_A,QWIL_dNWfCOdI_LN_057_A,555-0114
003T700000K017GIAR,qwil_dnwfcodi_57b@perftest.example.com,QWIL_dNWfCOdI_FN_057_B,QWIL_dNWfCOdI_LN_057_B,555-0115
003T700000K017HIAR,qwil_dnwfcodi_58a@perftest.example.com,QWIL_dNWfCOdI_FN_058_A,QWIL_dNWfCOdI_LN_058_A,555-0116
003T700000K017IIAR,qwil_dnwfcodi_58b@perftest.example.com,QWIL_dNWfCOdI_FN_058_B,QWIL_dNWfCOdI_LN_058_B,555-0117
003T700000K017JIAR,qwil_dnwfcodi_59a@perftest.example.com,QWIL_dNWfCOdI_FN_059_A,QWIL_dNWfCOdI_LN_059_A,555-0118
003T700000K017KIAR,qwil_dnwfcodi_59b@perftest.example.com,QWIL_dNWfCOdI_FN_059_B,QWIL_dNWfCOdI_LN_059_B,555-0119
003T700000K017LIAR,qwil_dnwfcodi_60a@perftest.example.com,QWIL_dNWfCOdI_FN_060_A,QWIL_dNWfCOdI_LN_060_A,555-0120
003T700000K017MIAR,qwil_dnwfcodi_60b@perftest.example.com,QWIL_dNWfCOdI_FN_060_B,QWIL_dNWfCOdI_LN_060_B,555-0121
003T700000K017NIAR,qwil_dnwfcodi_61a@perftest.example.com,QWIL_dNWfCOdI_FN_061_A,QWIL_dNWfCOdI_LN_061_A,555-0122
003T700000K017OIAR,qwil_dnwfcodi_61b@perftest.example.com,QWIL_dNWfCOdI_FN_061_B,QWIL_dNWfCOdI_LN_061_B,555-0123
003T700000K017PIAR,qwil_dnwfcodi_62a@perftest.example.com,QWIL_dNWfCOdI_FN_062_A,QWIL_dNWfCOdI_LN_062_A,555-0124
003T700000K017QIAR,qwil_dnwfcodi_62b@perftest.example.com,QWIL_dNWfCOdI_FN_062_B,QWIL_dNWfCOdI_LN_062_B,555-0125
003T700000K017RIAR,qwil_dnwfcodi_63a@perftest.example.com,QWIL_dNWfCOdI_FN_063_A,QWIL_dNWfCOdI_LN_063_A,555-0126
003T700000K017SIAR,qwil_dnwfcodi_63b@perftest.example.com,QWIL_dNWfCOdI_FN_063_B,QWIL_dNWfCOdI_LN_063_B,555-0127
003T700000K017TIAR,qwil_dnwfcodi_64a@perftest.example.com,QWIL_dNWfCOdI_FN_064_A,QWIL_dNWfCOdI_LN_064_A,555-0128
003T700000K017UIAR,qwil_dnwfcodi_64b@perftest.example.com,QWIL_dNWfCOdI_FN_064_B,QWIL_dNWfCOdI_LN_064_B,555-0129
003T700000K017VIAR,qwil_dnwfcodi_65a@perftest.example.com,QWIL_dNWfCOdI_FN_065_A,QWIL_dNWfCOdI_LN_065_A,555-0130
003T700000K017WIAR,qwil_dnwfcodi_65b@perftest.example.com,QWIL_dNWfCOdI_FN_065_B,QWIL_dNWfCOdI_LN_065_B,555-0131
003T700000K017XIAR,qwil_dnwfcodi_66a@perftest.example.com,QWIL_dNWfCOdI_FN_066_A,QWIL_dNWfCOdI_LN_066_A,555-0132
003T700000K017YIAR,qwil_dnwfcodi_66b@perftest.example.com,QWIL_dNWfCOdI_FN_066_B,QWIL_dNWfCOdI_LN_066_B,555-0133
003T700000K017ZIAR,qwil_dnwfcodi_67a@perftest.example.com,QWIL_dNWfCOdI_FN_067_A,QWIL_dNWfCOdI_LN_067_A,555-0134
003T700000K017aIAB,qwil_dnwfcodi_67b@perftest.example.com,QWIL_dNWfCOdI_FN_067_B,QWIL_dNWfCOdI_LN_067_B,555-0135
003T700000K017bIAB,qwil_dnwfcodi_68a@perftest.example.com,QWIL_dNWfCOdI_FN_068_A,QWIL_dNWfCOdI_LN_068_A,555-0136
003T700000K017cIAB,qwil_dnwfcodi_68b@perftest.example.com,QWIL_dNWfCOdI_FN_068_B,QWIL_dNWfCOdI_LN_068_B,555-0137
003T700000K017dIAB,qwil_dnwfcodi_69a@perftest.example.com,QWIL_dNWfCOdI_FN_069_A,QWIL_dNWfCOdI_LN_069_A,555-0138
003T700000K017eIAB,qwil_dnwfcodi_69b@perftest.example.com,QWIL_dNWfCOdI_FN_069_B,QWIL_dNWfCOdI_LN_069_B,555-0139
003T700000K017fIAB,qwil_dnwfcodi_70a@perftest.example.com,QWIL_dNWfCOdI_FN_070_A,QWIL_dNWfCOdI_LN_070_A,555-0140
003T700000K017gIAB,qwil_dnwfcodi_70b@perftest.example.com,QWIL_dNWfCOdI_FN_070_B,QWIL_dNWfCOdI_LN_070_B,555-0141
003T700000K017hIAB,qwil_dnwfcodi_71a@perftest.example.com,QWIL_dNWfCOdI_FN_071_A,QWIL_dNWfCOdI_LN_071_A,555-0142
003T700000K017iIAB,qwil_dnwfcodi_71b@perftest.example.com,QWIL_dNWfCOdI_FN_071_B,QWIL_dNWfCOdI_LN_071_B,555-0143
003T700000K017jIAB,qwil_dnwfcodi_72a@perftest.example.com,QWIL_dNWfCOdI_FN_072_A,QWIL_dNWfCOdI_LN_072_A,555-0144
003T700000K017kIAB,qwil_dnwfcodi_72b@perftest.example.com,QWIL_dNWfCOdI_FN_072_B,QWIL_dNWfCOdI_LN_072_B,555-0145
003T700000K017lIAB,qwil_dnwfcodi_73a@perftest.example.com,QWIL_dNWfCOdI_FN_073_A,QWIL_dNWfCOdI_LN_073_A,555-0146
003T700000K017mIAB,qwil_dnwfcodi_73b@perftest.example.com,QWIL_dNWfCOdI_FN_073_B,QWIL_dNWfCOdI_LN_073_B,555-0147
003T700000K017nIAB,qwil_dnwfcodi_74a@perftest.example.com,QWIL_dNWfCOdI_FN_074_A,QWIL_dNWfCOdI_LN_074_A,555-0148
003T700000K017oIAB,qwil_dnwfcodi_74b@perftest.example.com,QWIL_dNWfCOdI_FN_074_B,QWIL_dNWfCOdI_LN_074_B,555-0149
003T700000K017pIAB,qwil_dnwfcodi_75a@perftest.example.com,QWIL_dNWfCOdI_FN_075_A,QWIL_dNWfCOdI_LN_075_A,555-0150
003T700000K017qIAB,qwil_dnwfcodi_75b@perftest.example.com,QWIL_dNWfCOdI_FN_075_B,QWIL_dNWfCOdI_LN_075_B,555-0151
003T700000K017rIAB,qwil_dnwfcodi_76a@perftest.example.com,QWIL_dNWfCOdI_FN_076_A,QWIL_dNWfCOdI_LN_076_A,555-0152
003T700000K017sIAB,qwil_dnwfcodi_76b@perftest.example.com,QWIL_dNWfCOdI_FN_076_B,QWIL_dNWfCOdI_LN_076_B,555-0153
003T700000K017tIAB,qwil_dnwfcodi_77a@perftest.example.com,QWIL_dNWfCOdI_FN_077_A,QWIL_dNWfCOdI_LN_077_A,555-0154
003T700000K017uIAB,qwil_dnwfcodi_77b@perftest.example.com,QWIL_dNWfCOdI_FN_077_B,QWIL_dNWfCOdI_LN_077_B,555-0155
003T700000K017vIAB,qwil_dnwfcodi_78a@perftest.example.com,QWIL_dNWfCOdI_FN_078_A,QWIL_dNWfCOdI_LN_078_A,555-0156
003T700000K017wIAB,qwil_dnwfcodi_78b@perftest.example.com,QWIL_dNWfCOdI_FN_078_B,QWIL_dNWfCOdI_LN_078_B,555-0157
003T700000K017xIAB,qwil_dnwfcodi_79a@perftest.example.com,QWIL_dNWfCOdI_FN_079_A,QWIL_dNWfCOdI_LN_079_A,555-0158
003T700000K017yIAB,qwil_dnwfcodi_79b@perftest.example.com,QWIL_dNWfCOdI_FN_079_B,QWIL_dNWfCOdI_LN_079_B,555-0159
003T700000K017zIAB,qwil_dnwfcodi_80a@perftest.example.com,QWIL_dNWfCOdI_FN_080_A,QWIL_dNWfCOdI_LN_080_A,555-0160
003T700000K0180IAB,qwil_dnwfcodi_80b@perftest.example.com,QWIL_dNWfCOdI_FN_080_B,QWIL_dNWfCOdI_LN_080_B,555-0161
003T700000K01i9IAB,qwil_2xjotrvq_1a@perftest.example.com,QWIL_2XjoTrvq_FN_001_A,QWIL_2XjoTrvq_LN_001_A,555-0002
003T700000K01iAIAR,qwil_2xjotrvq_1b@perftest.example.com,QWIL_2XjoTrvq_FN_001_B,QWIL_2XjoTrvq_LN_001_B,555-0003
003T700000K01iBIAR,qwil_2xjotrvq_2a@perftest.example.com,QWIL_2XjoTrvq_FN_002_A,QWIL_2XjoTrvq_LN_002_A,555-0004
003T700000K01iCIAR,qwil_2xjotrvq_2b@perftest.example.com,QWIL_2XjoTrvq_FN_002_B,QWIL_2XjoTrvq_LN_002_B,555-0005
003T700000K01iDIAR,qwil_2xjotrvq_3a@perftest.example.com,QWIL_2XjoTrvq_FN_003_A,QWIL_2XjoTrvq_LN_003_A,555-0006
003T700000K01iEIAR,qwil_2xjotrvq_3b@perftest.example.com,QWIL_2XjoTrvq_FN_003_B,QWIL_2XjoTrvq_LN_003_B,555-0007
003T700000K01iFIAR,qwil_2xjotrvq_4a@perftest.example.com,QWIL_2XjoTrvq_FN_004_A,QWIL_2XjoTrvq_LN_004_A,555-0008
003T700000K01iGIAR,qwil_2xjotrvq_4b@perftest.example.com,QWIL_2XjoTrvq_FN_004_B,QWIL_2XjoTrvq_LN_004_B,555-0009
003T700000K01iHIAR,qwil_2xjotrvq_5a@perftest.example.com,QWIL_2XjoTrvq_FN_005_A,QWIL_2XjoTrvq_LN_005_A,555-0010
003T700000K01iIIAR,qwil_2xjotrvq_5b@perftest.example.com,QWIL_2XjoTrvq_FN_005_B,QWIL_2XjoTrvq_LN_005_B,555-0011
003T700000K01iJIAR,qwil_2xjotrvq_6a@perftest.example.com,QWIL_2XjoTrvq_FN_006_A,QWIL_2XjoTrvq_LN_006_A,555-0012
003T700000K01iKIAR,qwil_2xjotrvq_6b@perftest.example.com,QWIL_2XjoTrvq_FN_006_B,QWIL_2XjoTrvq_LN_006_B,555-0013
003T700000K01iLIAR,qwil_2xjotrvq_7a@perftest.example.com,QWIL_2XjoTrvq_FN_007_A,QWIL_2XjoTrvq_LN_007_A,555-0014
003T700000K01iMIAR,qwil_2xjotrvq_7b@perftest.example.com,QWIL_2XjoTrvq_FN_007_B,QWIL_2XjoTrvq_LN_007_B,555-0015
003T700000K01iNIAR,qwil_2xjotrvq_8a@perftest.example.com,QWIL_2XjoTrvq_FN_008_A,QWIL_2XjoTrvq_LN_008_A,555-0016
003T700000K01iOIAR,qwil_2xjotrvq_8b@perftest.example.com,QWIL_2XjoTrvq_FN_008_B,QWIL_2XjoTrvq_LN_008_B,555-0017
003T700000K01iPIAR,qwil_2xjotrvq_9a@perftest.example.com,QWIL_2XjoTrvq_FN_009_A,QWIL_2XjoTrvq_LN_009_A,555-0018
003T700000K01iQIAR,qwil_2xjotrvq_9b@perftest.example.com,QWIL_2XjoTrvq_FN_009_B,QWIL_2XjoTrvq_LN_009_B,555-0019
003T700000K01iRIAR,qwil_2xjotrvq_10a@perftest.example.com,QWIL_2XjoTrvq_FN_010_A,QWIL_2XjoTrvq_LN_010_A,555-0020
003T700000K01iSIAR,qwil_2xjotrvq_10b@perftest.example.com,QWIL_2XjoTrvq_FN_010_B,QWIL_2XjoTrvq_LN_010_B,555-0021
003T700000K01iTIAR,qwil_2xjotrvq_11a@perftest.example.com,QWIL_2XjoTrvq_FN_011_A,QWIL_2XjoTrvq_LN_011_A,555-0022
003T700000K01iUIAR,qwil_2xjotrvq_11b@perftest.example.com,QWIL_2XjoTrvq_FN_011_B,QWIL_2XjoTrvq_LN_011_B,555-0023
003T700000K01iVIAR,qwil_2xjotrvq_12a@perftest.example.com,QWIL_2XjoTrvq_FN_012_A,QWIL_2XjoTrvq_LN_012_A,555-0024
003T700000K01iWIAR,qwil_2xjotrvq_12b@perftest.example.com,QWIL_2XjoTrvq_FN_012_B,QWIL_2XjoTrvq_LN_012_B,555-0025
003T700000K01iXIAR,qwil_2xjotrvq_13a@perftest.example.com,QWIL_2XjoTrvq_FN_013_A,QWIL_2XjoTrvq_LN_013_A,555-0026
003T700000K01iYIAR,qwil_2xjotrvq_13b@perftest.example.com,QWIL_2XjoTrvq_FN_013_B,QWIL_2XjoTrvq_LN_013_B,555-0027
003T700000K01iZIAR,qwil_2xjotrvq_14a@perftest.example.com,QWIL_2XjoTrvq_FN_014_A,QWIL_2XjoTrvq_LN_014_A,555-0028
003T700000K01iaIAB,qwil_2xjotrvq_14b@perftest.example.com,QWIL_2XjoTrvq_FN_014_B,QWIL_2XjoTrvq_LN_014_B,555-0029
003T700000K01ibIAB,qwil_2xjotrvq_15a@perftest.example.com,QWIL_2XjoTrvq_FN_015_A,QWIL_2XjoTrvq_LN_015_A,555-0030
003T700000K01icIAB,qwil_2xjotrvq_15b@perftest.example.com,QWIL_2XjoTrvq_FN_015_B,QWIL_2XjoTrvq_LN_015_B,555-0031
003T700000K01idIAB,qwil_2xjotrvq_16a@perftest.example.com,QWIL_2XjoTrvq_FN_016_A,QWIL_2XjoTrvq_LN_016_A,555-0032
003T700000K01ieIAB,qwil_2xjotrvq_16b@perftest.example.com,QWIL_2XjoTrvq_FN_016_B,QWIL_2XjoTrvq_LN_016_B,555-0033
003T700000K01ifIAB,qwil_2xjotrvq_17a@perftest.example.com,QWIL_2XjoTrvq_FN_017_A,QWIL_2XjoTrvq_LN_017_A,555-0034
003T700000K01igIAB,qwil_2xjotrvq_17b@perftest.example.com,QWIL_2XjoTrvq_FN_017_B,QWIL_2XjoTrvq_LN_017_B,555-0035
003T700000K01ihIAB,qwil_2xjotrvq_18a@perftest.example.com,QWIL_2XjoTrvq_FN_018_A,QWIL_2XjoTrvq_LN_018_A,555-0036
003T700000K01iiIAB,qwil_2xjotrvq_18b@perftest.example.com,QWIL_2XjoTrvq_FN_018_B,QWIL_2XjoTrvq_LN_018_B,555-0037
003T700000K01ijIAB,qwil_2xjotrvq_19a@perftest.example.com,QWIL_2XjoTrvq_FN_019_A,QWIL_2XjoTrvq_LN_019_A,555-0038
003T700000K01ikIAB,qwil_2xjotrvq_19b@perftest.example.com,QWIL_2XjoTrvq_FN_019_B,QWIL_2XjoTrvq_LN_019_B,555-0039
003T700000K01ilIAB,qwil_2xjotrvq_20a@perftest.example.com,QWIL_2XjoTrvq_FN_020_A,QWIL_2XjoTrvq_LN_020_A,555-0040
003T700000K01imIAB,qwil_2xjotrvq_20b@perftest.example.com,QWIL_2XjoTrvq_FN_020_B,QWIL_2XjoTrvq_LN_020_B,555-0041
003T700000K01inIAB,qwil_2xjotrvq_21a@perftest.example.com,QWIL_2XjoTrvq_FN_021_A,QWIL_2XjoTrvq_LN_021_A,555-0042
003T700000K01ioIAB,qwil_2xjotrvq_21b@perftest.example.com,QWIL_2XjoTrvq_FN_021_B,QWIL_2XjoTrvq_LN_021_B,555-0043
003T700000K01ipIAB,qwil_2xjotrvq_22a@perftest.example.com,QWIL_2XjoTrvq_FN_022_A,QWIL_2XjoTrvq_LN_022_A,555-0044
003T700000K01iqIAB,qwil_2xjotrvq_22b@perftest.example.com,QWIL_2XjoTrvq_FN_022_B,QWIL_2XjoTrvq_LN_022_B,555-0045
003T700000K01irIAB,qwil_2xjotrvq_23a@perftest.example.com,QWIL_2XjoTrvq_FN_023_A,QWIL_2XjoTrvq_LN_023_A,555-0046
003T700000K01isIAB,qwil_2xjotrvq_23b@perftest.example.com,QWIL_2XjoTrvq_FN_023_B,QWIL_2XjoTrvq_LN_023_B,555-0047
003T700000K01itIAB,qwil_2xjotrvq_24a@perftest.example.com,QWIL_2XjoTrvq_FN_024_A,QWIL_2XjoTrvq_LN_024_A,555-0048
003T700000K01iuIAB,qwil_2xjotrvq_24b@perftest.example.com,QWIL_2XjoTrvq_FN_024_B,QWIL_2XjoTrvq_LN_024_B,555-0049
003T700000K01ivIAB,qwil_2xjotrvq_25a@perftest.example.com,QWIL_2XjoTrvq_FN_025_A,QWIL_2XjoTrvq_LN_025_A,555-0050
003T700000K01iwIAB,qwil_2xjotrvq_25b@perftest.example.com,QWIL_2XjoTrvq_FN_025_B,QWIL_2XjoTrvq_LN_025_B,555-0051
003T700000K01ixIAB,qwil_2xjotrvq_26a@perftest.example.com,QWIL_2XjoTrvq_FN_026_A,QWIL_2XjoTrvq_LN_026_A,555-0052
003T700000K01iyIAB,qwil_2xjotrvq_26b@perftest.example.com,QWIL_2XjoTrvq_FN_026_B,QWIL_2XjoTrvq_LN_026_B,555-0053
003T700000K01izIAB,qwil_2xjotrvq_27a@perftest.example.com,QWIL_2XjoTrvq_FN_027_A,QWIL_2XjoTrvq_LN_027_A,555-0054
003T700000K01j0IAB,qwil_2xjotrvq_27b@perftest.example.com,QWIL_2XjoTrvq_FN_027_B,QWIL_2XjoTrvq_LN_027_B,555-0055
003T700000K01j1IAB,qwil_2xjotrvq_28a@perftest.example.com,QWIL_2XjoTrvq_FN_028_A,QWIL_2XjoTrvq_LN_028_A,555-0056
003T700000K01j2IAB,qwil_2xjotrvq_28b@perftest.example.com,QWIL_2XjoTrvq_FN_028_B,QWIL_2XjoTrvq_LN_028_B,555-0057
003T700000K01j3IAB,qwil_2xjotrvq_29a@perftest.example.com,QWIL_2XjoTrvq_FN_029_A,QWIL_2XjoTrvq_LN_029_A,555-0058
003T700000K01j4IAB,qwil_2xjotrvq_29b@perftest.example.com,QWIL_2XjoTrvq_FN_029_B,QWIL_2XjoTrvq_LN_029_B,555-0059
003T700000K01j5IAB,qwil_2xjotrvq_30a@perftest.example.com,QWIL_2XjoTrvq_FN_030_A,QWIL_2XjoTrvq_LN_030_A,555-0060
003T700000K01j6IAB,qwil_2xjotrvq_30b@perftest.example.com,QWIL_2XjoTrvq_FN_030_B,QWIL_2XjoTrvq_LN_030_B,555-0061
003T700000K01j7IAB,qwil_2xjotrvq_31a@perftest.example.com,QWIL_2XjoTrvq_FN_031_A,QWIL_2XjoTrvq_LN_031_A,555-0062
003T700000K01j8IAB,qwil_2xjotrvq_31b@perftest.example.com,QWIL_2XjoTrvq_FN_031_B,QWIL_2XjoTrvq_LN_031_B,555-0063
003T700000K01j9IAB,qwil_2xjotrvq_32a@perftest.example.com,QWIL_2XjoTrvq_FN_032_A,QWIL_2XjoTrvq_LN_032_A,555-0064
003T700000K01jAIAR,qwil_2xjotrvq_32b@perftest.example.com,QWIL_2XjoTrvq_FN_032_B,QWIL_2XjoTrvq_LN_032_B,555-0065
003T700000K01jBIAR,qwil_2xjotrvq_33a@perftest.example.com,QWIL_2XjoTrvq_FN_033_A,QWIL_2XjoTrvq_LN_033_A,555-0066
003T700000K01jCIAR,qwil_2xjotrvq_33b@perftest.example.com,QWIL_2XjoTrvq_FN_033_B,QWIL_2XjoTrvq_LN_033_B,555-0067
003T700000K01jDIAR,qwil_2xjotrvq_34a@perftest.example.com,QWIL_2XjoTrvq_FN_034_A,QWIL_2XjoTrvq_LN_034_A,555-0068
003T700000K01jEIAR,qwil_2xjotrvq_34b@perftest.example.com,QWIL_2XjoTrvq_FN_034_B,QWIL_2XjoTrvq_LN_034_B,555-0069
003T700000K01jFIAR,qwil_2xjotrvq_35a@perftest.example.com,QWIL_2XjoTrvq_FN_035_A,QWIL_2XjoTrvq_LN_035_A,555-0070
003T700000K01jGIAR,qwil_2xjotrvq_35b@perftest.example.com,QWIL_2XjoTrvq_FN_035_B,QWIL_2XjoTrvq_LN_035_B,555-0071
003T700000K01jHIAR,qwil_2xjotrvq_36a@perftest.example.com,QWIL_2XjoTrvq_FN_036_A,QWIL_2XjoTrvq_LN_036_A,555-0072
003T700000K01jIIAR,qwil_2xjotrvq_36b@perftest.example.com,QWIL_2XjoTrvq_FN_036_B,QWIL_2XjoTrvq_LN_036_B,555-0073
003T700000K01jJIAR,qwil_2xjotrvq_37a@perftest.example.com,QWIL_2XjoTrvq_FN_037_A,QWIL_2XjoTrvq_LN_037_A,555-0074
003T700000K01jKIAR,qwil_2xjotrvq_37b@perftest.example.com,QWIL_2XjoTrvq_FN_037_B,QWIL_2XjoTrvq_LN_037_B,555-0075
003T700000K01jLIAR,qwil_2xjotrvq_38a@perftest.example.com,QWIL_2XjoTrvq_FN_038_A,QWIL_2XjoTrvq_LN_038_A,555-0076
003T700000K01jMIAR,qwil_2xjotrvq_38b@perftest.example.com,QWIL_2XjoTrvq_FN_038_B,QWIL_2XjoTrvq_LN_038_B,555-0077
003T700000K01jNIAR,qwil_2xjotrvq_39a@perftest.example.com,QWIL_2XjoTrvq_FN_039_A,QWIL_2XjoTrvq_LN_039_A,555-0078
003T700000K01jOIAR,qwil_2xjotrvq_39b@perftest.example.com,QWIL_2XjoTrvq_FN_039_B,QWIL_2XjoTrvq_LN_039_B,555-0079
003T700000K01jPIAR,qwil_2xjotrvq_40a@perftest.example.com,QWIL_2XjoTrvq_FN_040_A,QWIL_2XjoTrvq_LN_040_A,555-0080
003T700000K01jQIAR,qwil_2xjotrvq_40b@perftest.example.com,QWIL_2XjoTrvq_FN_040_B,QWIL_2XjoTrvq_LN_040_B,555-0081
003T700000K01jRIAR,qwil_2xjotrvq_41a@perftest.example.com,QWIL_2XjoTrvq_FN_041_A,QWIL_2XjoTrvq_LN_041_A,555-0082
003T700000K01jSIAR,qwil_2xjotrvq_41b@perftest.example.com,QWIL_2XjoTrvq_FN_041_B,QWIL_2XjoTrvq_LN_041_B,555-0083
003T700000K01jTIAR,qwil_2xjotrvq_42a@perftest.example.com,QWIL_2XjoTrvq_FN_042_A,QWIL_2XjoTrvq_LN_042_A,555-0084
003T700000K01jUIAR,qwil_2xjotrvq_42b@perftest.example.com,QWIL_2XjoTrvq_FN_042_B,QWIL_2XjoTrvq_LN_042_B,555-0085
003T700000K01jVIAR,qwil_2xjotrvq_43a@perftest.example.com,QWIL_2XjoTrvq_FN_043_A,QWIL_2XjoTrvq_LN_043_A,555-0086
003T700000K01jWIAR,qwil_2xjotrvq_43b@perftest.example.com,QWIL_2XjoTrvq_FN_043_B,QWIL_2XjoTrvq_LN_043_B,555-0087
003T700000K01jXIAR,qwil_2xjotrvq_44a@perftest.example.com,QWIL_2XjoTrvq_FN_044_A,QWIL_2XjoTrvq_LN_044_A,555-0088
003T700000K01jYIAR,qwil_2xjotrvq_44b@perftest.example.com,QWIL_2XjoTrvq_FN_044_B,QWIL_2XjoTrvq_LN_044_B,555-0089
003T700000K01jZIAR,qwil_2xjotrvq_45a@perftest.example.com,QWIL_2XjoTrvq_FN_045_A,QWIL_2XjoTrvq_LN_045_A,555-0090
003T700000K01jaIAB,qwil_2xjotrvq_45b@perftest.example.com,QWIL_2XjoTrvq_FN_045_B,QWIL_2XjoTrvq_LN_045_B,555-0091
003T700000K01jbIAB,qwil_2xjotrvq_46a@perftest.example.com,QWIL_2XjoTrvq_FN_046_A,QWIL_2XjoTrvq_LN_046_A,555-0092
003T700000K01jcIAB,qwil_2xjotrvq_46b@perftest.example.com,QWIL_2XjoTrvq_FN_046_B,QWIL_2XjoTrvq_LN_046_B,555-0093
003T700000K01jdIAB,qwil_2xjotrvq_47a@perftest.example.com,QWIL_2XjoTrvq_FN_047_A,QWIL_2XjoTrvq_LN_047_A,555-0094
003T700000K01jeIAB,qwil_2xjotrvq_47b@perftest.example.com,QWIL_2XjoTrvq_FN_047_B,QWIL_2XjoTrvq_LN_047_B,555-0095
003T700000K01jfIAB,qwil_2xjotrvq_48a@perftest.example.com,QWIL_2XjoTrvq_FN_048_A,QWIL_2XjoTrvq_LN_048_A,555-0096
003T700000K01jgIAB,qwil_2xjotrvq_48b@perftest.example.com,QWIL_2XjoTrvq_FN_048_B,QWIL_2XjoTrvq_LN_048_B,555-0097
003T700000K01jhIAB,qwil_2xjotrvq_49a@perftest.example.com,QWIL_2XjoTrvq_FN_049_A,QWIL_2XjoTrvq_LN_049_A,555-0098
003T700000K01jiIAB,qwil_2xjotrvq_49b@perftest.example.com,QWIL_2XjoTrvq_FN_049_B,QWIL_2XjoTrvq_LN_049_B,555-0099
003T700000K01jjIAB,qwil_2xjotrvq_50a@perftest.example.com,QWIL_2XjoTrvq_FN_050_A,QWIL_2XjoTrvq_LN_050_A,555-0100
003T700000K01jkIAB,qwil_2xjotrvq_50b@perftest.example.com,QWIL_2XjoTrvq_FN_050_B,QWIL_2XjoTrvq_LN_050_B,555-0101
003T700000K01jlIAB,qwil_2xjotrvq_51a@perftest.example.com,QWIL_2XjoTrvq_FN_051_A,QWIL_2XjoTrvq_LN_051_A,555-0102
003T700000K01jmIAB,qwil_2xjotrvq_51b@perftest.example.com,QWIL_2XjoTrvq_FN_051_B,QWIL_2XjoTrvq_LN_051_B,555-0103
003T700000K01jnIAB,qwil_2xjotrvq_52a@perftest.example.com,QWIL_2XjoTrvq_FN_052_A,QWIL_2XjoTrvq_LN_052_A,555-0104
003T700000K01joIAB,qwil_2xjotrvq_52b@perftest.example.com,QWIL_2XjoTrvq_FN_052_B,QWIL_2XjoTrvq_LN_052_B,555-0105
003T700000K01jpIAB,qwil_2xjotrvq_53a@perftest.example.com,QWIL_2XjoTrvq_FN_053_A,QWIL_2XjoTrvq_LN_053_A,555-0106
003T700000K01jqIAB,qwil_2xjotrvq_53b@perftest.example.com,QWIL_2XjoTrvq_FN_053_B,QWIL_2XjoTrvq_LN_053_B,555-0107
003T700000K01jrIAB,qwil_2xjotrvq_54a@perftest.example.com,QWIL_2XjoTrvq_FN_054_A,QWIL_2XjoTrvq_LN_054_A,555-0108
003T700000K01jsIAB,qwil_2xjotrvq_54b@perftest.example.com,QWIL_2XjoTrvq_FN_054_B,QWIL_2XjoTrvq_LN_054_B,555-0109
003T700000K01jtIAB,qwil_2xjotrvq_55a@perftest.example.com,QWIL_2XjoTrvq_FN_055_A,QWIL_2XjoTrvq_LN_055_A,555-0110
003T700000K01juIAB,qwil_2xjotrvq_55b@perftest.example.com,QWIL_2XjoTrvq_FN_055_B,QWIL_2XjoTrvq_LN_055_B,555-0111
003T700000K01jvIAB,qwil_2xjotrvq_56a@perftest.example.com,QWIL_2XjoTrvq_FN_056_A,QWIL_2XjoTrvq_LN_056_A,555-0112
003T700000K01jwIAB,qwil_2xjotrvq_56b@perftest.example.com,QWIL_2XjoTrvq_FN_056_B,QWIL_2XjoTrvq_LN_056_B,555-0113
003T700000K01jxIAB,qwil_2xjotrvq_57a@perftest.example.com,QWIL_2XjoTrvq_FN_057_A,QWIL_2XjoTrvq_LN_057_A,555-0114
003T700000K01jyIAB,qwil_2xjotrvq_57b@perftest.example.com,QWIL_2XjoTrvq_FN_057_B,QWIL_2XjoTrvq_LN_057_B,555-0115
003T700000K01jzIAB,qwil_2xjotrvq_58a@perftest.example.com,QWIL_2XjoTrvq_FN_058_A,QWIL_2XjoTrvq_LN_058_A,555-0116
003T700000K01k0IAB,qwil_2xjotrvq_58b@perftest.example.com,QWIL_2XjoTrvq_FN_058_B,QWIL_2XjoTrvq_LN_058_B,555-0117
003T700000K01k1IAB,qwil_2xjotrvq_59a@perftest.example.com,QWIL_2XjoTrvq_FN_059_A,QWIL_2XjoTrvq_LN_059_A,555-0118
003T700000K01k2IAB,qwil_2xjotrvq_59b@perftest.example.com,QWIL_2XjoTrvq_FN_059_B,QWIL_2XjoTrvq_LN_059_B,555-0119
003T700000K01k3IAB,qwil_2xjotrvq_60a@perftest.example.com,QWIL_2XjoTrvq_FN_060_A,QWIL_2XjoTrvq_LN_060_A,555-0120
003T700000K01k4IAB,qwil_2xjotrvq_60b@perftest.example.com,QWIL_2XjoTrvq_FN_060_B,QWIL_2XjoTrvq_LN_060_B,555-0121
003T700000K01k5IAB,qwil_2xjotrvq_61a@perftest.example.com,QWIL_2XjoTrvq_FN_061_A,QWIL_2XjoTrvq_LN_061_A,555-0122
003T700000K01k6IAB,qwil_2xjotrvq_61b@perftest.example.com,QWIL_2XjoTrvq_FN_061_B,QWIL_2XjoTrvq_LN_061_B,555-0123
003T700000K01k7IAB,qwil_2xjotrvq_62a@perftest.example.com,QWIL_2XjoTrvq_FN_062_A,QWIL_2XjoTrvq_LN_062_A,555-0124
003T700000K01k8IAB,qwil_2xjotrvq_62b@perftest.example.com,QWIL_2XjoTrvq_FN_062_B,QWIL_2XjoTrvq_LN_062_B,555-0125
003T700000K01k9IAB,qwil_2xjotrvq_63a@perftest.example.com,QWIL_2XjoTrvq_FN_063_A,QWIL_2XjoTrvq_LN_063_A,555-0126
003T700000K01kAIAR,qwil_2xjotrvq_63b@perftest.example.com,QWIL_2XjoTrvq_FN_063_B,QWIL_2XjoTrvq_LN_063_B,555-0127
003T700000K01kBIAR,qwil_2xjotrvq_64a@perftest.example.com,QWIL_2XjoTrvq_FN_064_A,QWIL_2XjoTrvq_LN_064_A,555-0128
003T700000K01kCIAR,qwil_2xjotrvq_64b@perftest.example.com,QWIL_2XjoTrvq_FN_064_B,QWIL_2XjoTrvq_LN_064_B,555-0129
003T700000K01kDIAR,qwil_2xjotrvq_65a@perftest.example.com,QWIL_2XjoTrvq_FN_065_A,QWIL_2XjoTrvq_LN_065_A,555-0130
003T700000K01kEIAR,qwil_2xjotrvq_65b@perftest.example.com,QWIL_2XjoTrvq_FN_065_B,QWIL_2XjoTrvq_LN_065_B,555-0131
003T700000K01kFIAR,qwil_2xjotrvq_66a@perftest.example.com,QWIL_2XjoTrvq_FN_066_A,QWIL_2XjoTrvq_LN_066_A,555-0132
003T700000K01kGIAR,qwil_2xjotrvq_66b@perftest.example.com,QWIL_2XjoTrvq_FN_066_B,QWIL_2XjoTrvq_LN_066_B,555-0133
003T700000K01kHIAR,qwil_2xjotrvq_67a@perftest.example.com,QWIL_2XjoTrvq_FN_067_A,QWIL_2XjoTrvq_LN_067_A,555-0134
003T700000K01kIIAR,qwil_2xjotrvq_67b@perftest.example.com,QWIL_2XjoTrvq_FN_067_B,QWIL_2XjoTrvq_LN_067_B,555-0135
003T700000K01kJIAR,qwil_2xjotrvq_68a@perftest.example.com,QWIL_2XjoTrvq_FN_068_A,QWIL_2XjoTrvq_LN_068_A,555-0136
003T700000K01kKIAR,qwil_2xjotrvq_68b@perftest.example.com,QWIL_2XjoTrvq_FN_068_B,QWIL_2XjoTrvq_LN_068_B,555-0137
003T700000K01kLIAR,qwil_2xjotrvq_69a@perftest.example.com,QWIL_2XjoTrvq_FN_069_A,QWIL_2XjoTrvq_LN_069_A,555-0138
003T700000K01kMIAR,qwil_2xjotrvq_69b@perftest.example.com,QWIL_2XjoTrvq_FN_069_B,QWIL_2XjoTrvq_LN_069_B,555-0139
003T700000K01kNIAR,qwil_2xjotrvq_70a@perftest.example.com,QWIL_2XjoTrvq_FN_070_A,QWIL_2XjoTrvq_LN_070_A,555-0140
003T700000K01kOIAR,qwil_2xjotrvq_70b@perftest.example.com,QWIL_2XjoTrvq_FN_070_B,QWIL_2XjoTrvq_LN_070_B,555-0141
003T700000K01kPIAR,qwil_2xjotrvq_71a@perftest.example.com,QWIL_2XjoTrvq_FN_071_A,QWIL_2XjoTrvq_LN_071_A,555-0142
003T700000K01kQIAR,qwil_2xjotrvq_71b@perftest.example.com,QWIL_2XjoTrvq_FN_071_B,QWIL_2XjoTrvq_LN_071_B,555-0143
003T700000K01kRIAR,qwil_2xjotrvq_72a@perftest.example.com,QWIL_2XjoTrvq_FN_072_A,QWIL_2XjoTrvq_LN_072_A,555-0144
003T700000K01kSIAR,qwil_2xjotrvq_72b@perftest.example.com,QWIL_2XjoTrvq_FN_072_B,QWIL_2XjoTrvq_LN_072_B,555-0145
003T700000K01kTIAR,qwil_2xjotrvq_73a@perftest.example.com,QWIL_2XjoTrvq_FN_073_A,QWIL_2XjoTrvq_LN_073_A,555-0146
003T700000K01kUIAR,qwil_2xjotrvq_73b@perftest.example.com,QWIL_2XjoTrvq_FN_073_B,QWIL_2XjoTrvq_LN_073_B,555-0147
003T700000K01kVIAR,qwil_2xjotrvq_74a@perftest.example.com,QWIL_2XjoTrvq_FN_074_A,QWIL_2XjoTrvq_LN_074_A,555-0148
003T700000K01kWIAR,qwil_2xjotrvq_74b@perftest.example.com,QWIL_2XjoTrvq_FN_074_B,QWIL_2XjoTrvq_LN_074_B,555-0149
003T700000K01kXIAR,qwil_2xjotrvq_75a@perftest.example.com,QWIL_2XjoTrvq_FN_075_A,QWIL_2XjoTrvq_LN_075_A,555-0150
003T700000K01kYIAR,qwil_2xjotrvq_75b@perftest.example.com,QWIL_2XjoTrvq_FN_075_B,QWIL_2XjoTrvq_LN_075_B,555-0151
003T700000K01kZIAR,qwil_2xjotrvq_76a@perftest.example.com,QWIL_2XjoTrvq_FN_076_A,QWIL_2XjoTrvq_LN_076_A,555-0152
003T700000K01kaIAB,qwil_2xjotrvq_76b@perftest.example.com,QWIL_2XjoTrvq_FN_076_B,QWIL_2XjoTrvq_LN_076_B,555-0153
003T700000K01kbIAB,qwil_2xjotrvq_77a@perftest.example.com,QWIL_2XjoTrvq_FN_077_A,QWIL_2XjoTrvq_LN_077_A,555-0154
003T700000K01kcIAB,qwil_2xjotrvq_77b@perftest.example.com,QWIL_2XjoTrvq_FN_077_B,QWIL_2XjoTrvq_LN_077_B,555-0155
003T700000K01kdIAB,qwil_2xjotrvq_78a@perftest.example.com,QWIL_2XjoTrvq_FN_078_A,QWIL_2XjoTrvq_LN_078_A,555-0156
003T700000K01keIAB,qwil_2xjotrvq_78b@perftest.example.com,QWIL_2XjoTrvq_FN_078_B,QWIL_2XjoTrvq_LN_078_B,555-0157
003T700000K01kfIAB,qwil_2xjotrvq_79a@perftest.example.com,QWIL_2XjoTrvq_FN_079_A,QWIL_2XjoTrvq_LN_079_A,555-0158
003T700000K01kgIAB,qwil_2xjotrvq_79b@perftest.example.com,QWIL_2XjoTrvq_FN_079_B,QWIL_2XjoTrvq_LN_079_B,555-0159
003T700000K01khIAB,qwil_2xjotrvq_80a@perftest.example.com,QWIL_2XjoTrvq_FN_080_A,QWIL_2XjoTrvq_LN_080_A,555-0160
003T700000K01kiIAB,qwil_2xjotrvq_80b@perftest.example.com,QWIL_2XjoTrvq_FN_080_B,QWIL_2XjoTrvq_LN_080_B,555-0161
